team,draft_year,k,ewii_k,snap_share_k,dci_k,grp
PIT,2013,1,-0.1568424714929697,0.0,-0.0,zero
SEA,2013,1,0.016260520871780326,0.0,0.0,zero
CHI,2013,1,-0.456758402495715,0.0,-0.0,zero
DEN,2013,1,-0.31633732821215693,0.01023219205037387,-0.0032368242949689418,single
ARI,2013,1,0.01709443335930004,0.0357913237996325,0.0006118323995339472,single
GB,2013,1,-0.4321333551903257,0.0,-0.0,zero
SF,2013,1,0.018018505502678212,0.0,0.0,single
NYJ,2013,1,-0.1823215567939546,0.010371032632990612,-0.0018908628152077543,single
HOU,2013,1,-0.05826890812397588,0.08198307134220073,-0.004777064051760054,single
CIN,2013,1,0.15963014559188393,0.0020507367461643626,0.0003273594053608435,zero
CLE,2013,1,0.12861737782209373,0.0,0.0,double
CAR,2013,1,0.09531017980432493,0.0,0.0,zero
MIN,2013,1,-0.2076393647782445,0.08629526930510041,-0.01791829490187859,single
BUF,2013,1,0.24419696051204215,0.0,0.0,zero
BAL,2013,1,0.10318423623523061,0.05036398752042787,0.005196769586056036,single
DET,2013,1,0.04348511193973889,0.08812417871222077,0.003832089775898475,single
WAS,2013,1,-0.22884157242884767,0.07949754040758959,-0.018192342151098658,double
MIA,2013,1,0.19004360288786487,0.036830357142857144,0.00699937376707538,single
TEN,2013,1,0.04652001563489291,0.053305752247593284,0.0024797844279877673,single
IND,2013,1,0.0,0.0,0.0,zero
JAX,2013,1,-0.19237189264745613,0.1489637305699482,-0.02865643478556665,double
ATL,2013,1,-0.13720112151348515,0.1421136573491144,-0.01949815317068164,double
NYG,2013,1,0.4054651081081644,0.0,0.0,zero
PHI,2013,1,0.1267517056391438,0.0,0.0,zero
NE,2013,1,0.287682072451781,0.0,0.0,single
DAL,2013,1,-0.12136085700426735,0.08660924040720439,-0.010510971640306946,zero
TB,2013,1,0.3953127366441464,0.0,0.0,single
KC,2013,1,0.3629054936893685,0.0,0.0,zero
NO,2013,1,0.5549968420791281,0.0,0.0,single
SEA,2014,1,-0.03278982282299084,0.0,-0.0,zero
CIN,2014,1,-0.15963014559188382,0.014670118459245313,-0.0023417931454995117,single
BUF,2014,1,0.032789822822990755,0.0,0.0,zero
ARI,2014,1,-0.3639653772014116,0.086793893129771,-0.03158997205175611,single
CLE,2014,1,-0.03509131981127017,0.004342916702857639,-0.0001523986789336844,single
NYG,2014,1,-0.3541718137206139,0.0,-0.0,zero
SF,2014,1,0.017699577099401075,0.0,0.0,single
CAR,2014,1,-0.07550755250814517,0.0,-0.0,zero
NO,2014,1,-0.3780661339200499,0.0,-0.0,single
PIT,2014,1,-0.38677297509601205,0.0,-0.0,zero
MIA,2014,1,0.01904819497069441,0.0,0.0,zero
BAL,2014,1,-0.08167803101426713,0.005596211795092553,-0.00045708756056197705,single
HOU,2014,1,0.1484200051182734,0.0,0.0,zero
TB,2014,1,-0.2282586519809802,0.0,-0.0,zero
NE,2014,1,0.02061928720273561,0.0,0.0,zero
DET,2014,1,0.1388364448542159,0.0,0.0,zero
KC,2014,1,0.24889604741662438,0.0,0.0,single
NYJ,2014,1,-0.02247285585205863,0.0657826313052522,-0.0014783235908920522,double
TEN,2014,1,0.044451762570833796,0.0,0.0,zero
DEN,2014,1,0.34967374847974875,0.054126547455295736,0.018926632740960264,single
PHI,2014,1,-0.10008345855698265,0.0,-0.0,zero
IND,2014,1,0.19845093872383823,0.0,0.0,zero
MIN,2014,1,0.20763936477824455,0.0,0.0,zero
CHI,2014,1,-0.17185025692665928,0.09003612016562418,-0.015472730383142085,single
GB,2014,1,0.39641527258824644,0.0,0.0,single
WAS,2014,1,-0.05884050002293335,0.0,-0.0,zero
ATL,2014,1,-0.09237332013101504,0.0014747982996443133,-0.0001362320154617208,single
JAX,2014,1,0.058840500022933395,0.0,0.0,zero
DAL,2014,1,0.3272129112084162,0.0,0.0,zero
BUF,2015,1,-0.27698678333503296,0.06971215080241148,-0.019309344410126696,single
DEN,2015,1,-0.033336420267591836,0.0,-0.0,zero
SEA,2015,1,-0.05129329438755046,0.0,-0.0,zero
KC,2015,1,0.049596941139372186,0.0,0.0,single
HOU,2015,1,0.0,0.022763074984247008,0.0,single
SF,2015,1,-0.5773153650348236,0.0,-0.0,single
CLE,2015,1,-0.528844129268669,0.0,-0.0,zero
GB,2015,1,0.018018505502678212,0.0,0.0,double
DET,2015,1,-0.4336359850748609,0.0,-0.0,single
MIA,2015,1,-0.33270575382573614,0.0,-0.0,zero
CIN,2015,1,0.14310084364067324,0.0,0.0,zero
CAR,2015,1,0.17904823144898563,0.0,0.0,zero
IND,2015,1,-0.17435338714477766,0.0,-0.0,single
NE,2015,1,0.059423420470800806,0.0,0.0,single
MIN,2015,1,0.09909090264423097,0.05085638998682477,0.005039405589021496,single
BAL,2015,1,-0.04348511193973878,0.0,-0.0,zero
TEN,2015,1,-0.04445176257083381,0.0,-0.0,zero
NYJ,2015,1,0.22314355131420976,0.0,0.0,zero
DAL,2015,1,-0.17768117723745264,0.08484208817082081,-0.015074842105475196,single
LA,2015,1,0.13353139262452257,0.0,0.0,zero
ARI,2015,1,0.21825356602001797,0.0,0.0,zero
NYG,2015,1,-0.16251892949777494,0.09053117782909931,-0.014713030106957917,single
TB,2015,1,0.09763846956391607,0.0,0.0,zero
PHI,2015,1,0.25423413838424086,0.0,0.0,single
NO,2015,1,-0.17693070815907821,0.0,-0.0,zero
PIT,2015,1,0.40546510810816455,0.0,0.0,single
JAX,2015,1,0.13353139262452277,0.0,0.0,zero
WAS,2015,1,0.16705408466316624,0.0,0.0,zero
CHI,2015,1,0.24783616390458127,0.0,0.0,zero
ATL,2015,1,0.39465419200394874,0.04343971631205674,0.017143666142015505,single
KC,2016,1,-0.08408311721054132,0.0,-0.0,single
CAR,2016,1,-0.28223246768421634,0.15706399861997586,-0.04432855991486614,double
CIN,2016,1,-0.03390155167568134,0.05529113120736157,-0.0018744551418332456,single
DEN,2016,1,0.049596941139372186,0.06773421682311798,0.0033594099648976555,single
HOU,2016,1,0.050430853626891904,0.0,0.0,zero
SEA,2016,1,-0.2818511521409877,0.0,-0.0,zero
GB,2016,1,-0.38776553100876343,0.0,-0.0,zero
NYJ,2016,1,-0.3964152725882465,0.0,-0.0,zero
PIT,2016,1,-0.05715841383994864,0.17759944173063502,-0.010151302388183481,double
MIN,2016,1,0.12405264866997882,0.030864694979450397,0.0038288471625918196,single
NE,2016,1,0.0377403279828469,0.0,0.0,single
ARI,2016,1,0.14571181118139379,8.583690987124464e-05,1.2507451603553116e-05,single
PHI,2016,1,-0.1541506798272581,0.0,-0.0,zero
LA,2016,1,0.09909090264423097,0.0,0.0,zero
BUF,2016,1,0.0,0.0,0.0,zero
ATL,2016,1,0.083381608939051,0.09033694067081127,0.007532439459763837,single
BAL,2016,1,0.20067069546215105,0.0,0.0,zero
TEN,2016,1,0.0,0.0906935388263189,0.0,zero
TB,2016,1,-0.09763846956391606,0.0,-0.0,single
IND,2016,1,-0.1541506798272585,0.032018247866858154,-0.004935634675553854,single
CHI,2016,1,0.0,0.0,0.0,zero
JAX,2016,1,0.3364722366212129,0.08787065902994272,0.029566037177184805,single
WAS,2016,1,0.025317807984289786,0.059721300597213006,0.0015120124210922898,single
MIA,2016,1,0.3136575588550416,0.08839634941329856,0.027726183168672515,single
LAC,2016,1,0.26028309826366636,0.0,0.0,zero
DAL,2016,1,0.22314355131420993,0.0,0.0,zero
DET,2016,1,-0.05884050002293335,0.0,-0.0,zero
NYG,2016,1,0.36545977349446523,0.1413016580054442,0.051640071929062024,double
CLE,2016,1,0.02985296314968113,0.0,0.0,zero
SF,2016,1,-0.0317486983145803,0.0,-0.0,single
NO,2016,1,0.12136085700426734,0.0,0.0,single
DEN,2017,1,-0.3429447511268303,0.0,-0.0,zero
HOU,2017,1,-0.5555258026838976,0.0,-0.0,zero
MIN,2017,1,0.0,0.0,0.0,zero
ARI,2017,1,-0.05218575317057019,0.07647778230737871,-0.003991050670525465,single
CIN,2017,1,-0.053109825313948526,0.0,-0.0,zero
KC,2017,1,-0.2818511521409877,0.0,-0.0,zero
JAX,2017,1,0.10178269430994238,0.0,0.0,zero
BAL,2017,1,0.07020425867324856,0.06491588018054986,0.004557371244196932,single
NE,2017,1,-0.2754119798599667,0.0,-0.0,zero
LA,2017,1,0.018692133012152546,0.0,0.0,single
MIA,2017,1,-0.34032580593720285,0.0024209032473495283,-0.0008238958487502198,single
PIT,2017,1,0.0,0.02090046155185927,0.0,single
ATL,2017,1,-0.08338160893905101,0.0,-0.0,zero
NYG,2017,1,-0.25423413838424075,0.0,-0.0,zero
LAC,2017,1,0.23967285326542043,0.0,0.0,zero
BUF,2017,1,0.10109611687136881,0.08606006275212909,0.008700338161946576,single
CAR,2017,1,-0.09097177820572663,0.0,-0.0,zero
DAL,2017,1,0.08515780834030677,0.09507733375206093,0.008096577365165385,double
TEN,2017,1,0.1861022796338607,0.08317399617590822,0.015478870294594532,single
SEA,2017,1,0.2992428948528569,0.11393484564216272,0.03409419303457418,single
PHI,2017,1,0.3053816495511819,0.07579612923124374,0.02314674697423177,double
CHI,2017,1,0.19845093872383823,0.0,0.0,single
WAS,2017,1,0.1823215567939546,0.07393064601302587,0.01347915047587765,single
TB,2017,1,-0.19782574332991992,0.0,-0.0,single
GB,2017,1,-0.1112256351102245,0.0,-0.0,double
NYJ,2017,1,0.05264373348542188,0.1227471992206527,0.0064618708418540255,double
IND,2017,1,-0.14953173397096356,0.11625801584307809,-0.01738426269703922,double
NO,2017,1,0.25131442828090617,0.0,0.0,double
CLE,2017,1,0.05715841383994862,0.059014367372161286,0.003373167632760756,single
DET,2017,1,0.3536400402435784,0.025336281555187027,0.008959923628798975,single
SF,2017,1,0.25489224962879004,0.0,0.0,single
JAX,2018,1,-0.04959694113937218,0.07199032062915911,-0.0035704996948489353,single
LAC,2018,1,-0.17904823144898557,0.02799363355491059,-0.00501221057983772,single
MIN,2018,1,-0.03390155167568134,0.03727496825278255,-0.001263679262431089,single
BAL,2018,1,0.016807118316381407,0.0,0.0,zero
SEA,2018,1,-0.3715635564324831,0.0,-0.0,zero
PHI,2018,1,-0.4321333551903257,0.0,-0.0,single
ARI,2018,1,0.017699577099401075,0.0,0.0,zero
CIN,2018,1,-0.5108256237659907,0.08989050165520754,-0.04591837157865921,single
LA,2018,1,-0.25131442828090594,0.0,-0.0,zero
TEN,2018,1,0.037041271680349076,0.0,0.0,single
BUF,2018,1,0.15963014559188393,0.0,0.0,zero
PIT,2018,1,0.01941808585710173,0.0871393725292287,0.001692079817306535,single
CHI,2018,1,0.2151113796169455,0.0,0.0,zero
DAL,2018,1,-0.06317890162153156,0.0,-0.0,zero
WAS,2018,1,0.02061928720273561,0.0,0.0,zero
DET,2018,1,-0.1865859555804122,0.06698982835346472,-0.012499361137499004,single
ATL,2018,1,0.021506205220963463,0.08104563734918692,0.0017429841090953952,single
NO,2018,1,-0.22314355131421,0.0,-0.0,zero
DEN,2018,1,0.022472855852058576,0.04339216530348687,0.000975145875973958,zero
KC,2018,1,0.11000089521432849,0.0,0.0,zero
CAR,2018,1,-0.10008345855698265,0.061219451987163664,-0.006127054485838484,double
NE,2018,1,0.25671984684781407,0.0,0.0,single
SF,2018,1,0.07232066157962629,0.0,0.0,zero
NYJ,2018,1,0.12062798778861472,0.0,0.0,zero
NYG,2018,1,-0.08223809823697223,0.0,-0.0,zero
MIA,2018,1,-0.08455738802806312,0.009457035708462416,-0.0007996622379957053,single
CLE,2018,1,0.4418327522790394,0.06372465496677458,0.02815563969200217,single
HOU,2018,1,0.3566749439387324,0.07902170680939637,0.028185062846184397,single
GB,2018,1,0.18721154208814636,0.0,0.0,double
TB,2018,1,0.0,0.0,0.0,single
IND,2018,1,0.5549968420791281,0.0,0.0,zero
CHI,2019,1,-0.13815033848081718,0.0,-0.0,single
BUF,2019,1,-0.033336420267591836,0.0,-0.0,zero
BAL,2019,1,-0.03390155167568134,0.0,-0.0,zero
JAX,2019,1,-0.413975797776073,0.007219923744625619,-0.002988873692063803,zero
MIN,2019,1,-0.053109825313948526,0.0,-0.0,zero
ARI,2019,1,-0.6090640633494041,0.06517461878996557,-0.03969551814746485,single
CLE,2019,1,-0.11332868530700324,0.0,-0.0,double
TEN,2019,1,-0.15718558352241238,0.0,-0.0,zero
IND,2019,1,-0.2754119798599667,0.045829514207149404,-0.012621997243811488,single
NE,2019,1,0.15684247149296968,0.0,0.0,single
PIT,2019,1,0.14310084364067324,0.009705516383243467,0.0013888675824105159,single
LAC,2019,1,-0.19415601444095723,0.07775927062330149,-0.015097430070056024,single
HOU,2019,1,-0.3011050927839215,0.057689151485311015,-0.017370497310610276,single
WAS,2019,1,-0.2029408439966903,0.0,-0.0,zero
KC,2019,1,0.15415067982725836,0.0,0.0,single
ATL,2019,1,-0.21256144198367274,0.0,-0.0,single
DAL,2019,1,0.0,0.0,0.0,zero
DEN,2019,1,0.0,0.0,0.0,zero
NYJ,2019,1,0.14763599880606448,0.0,0.0,zero
SF,2019,1,0.34967374847974875,0.0,0.0,zero
LA,2019,1,0.3053816495511819,0.0,0.0,double
GB,2019,1,0.15762894420358306,0.0,0.0,single
SEA,2019,1,0.07232066157962629,0.004684014869888476,0.0003387510542391417,single
DET,2019,1,-0.10821358464023284,0.02524067632068603,-0.0027313840634052783,single
CAR,2019,1,0.25423413838424086,0.0,0.0,zero
PHI,2019,1,0.17327172127403678,0.0,0.0,zero
NO,2019,1,0.38677297509601205,0.0,0.0,double
NYG,2019,1,0.028170876966696224,0.0,0.0,single
MIA,2019,1,0.0,0.0,0.0,zero
CIN,2019,1,-0.03077165866675366,0.0,-0.0,zero
TB,2019,1,0.4855078157817008,0.0,0.0,double
LV,2019,1,0.06252035698133393,0.0,0.0,zero
NE,2020,1,-0.32047189527477177,0.0,-0.0,single
SF,2020,1,-0.10354067894084033,0.0,-0.0,zero
PIT,2020,1,0.016529301951210506,0.0,0.0,zero
BUF,2020,1,-0.10724553035359756,0.0,-0.0,zero
BAL,2020,1,0.01709443335930004,0.0,0.0,zero
LA,2020,1,0.08408311721054125,0.0,0.0,zero
KC,2020,1,-0.11332868530700324,0.0,-0.0,zero
MIN,2020,1,-0.45198512374305727,0.05162941220742079,-0.023335726265352397,single
CHI,2020,1,-0.1388364448542158,0.08017530291312194,-0.011131254021567703,single
NO,2020,1,0.09015109699429748,0.0,0.0,zero
TB,2020,1,0.09180754925312289,0.0,0.0,single
NYJ,2020,1,-0.3209077200801012,0.05699877750611247,-0.01829134773683951,single
CLE,2020,1,-0.04082199452025505,0.04862012987012987,-0.0019847706751325305,single
CAR,2020,1,-0.10763066419236533,0.08497660427807487,-0.009146088359260991,single
GB,2020,1,0.15415067982725836,0.0,0.0,zero
TEN,2020,1,-0.08894748601649606,0.06286790675771133,-0.005591942257217907,single
DAL,2020,1,-0.09097177820572663,0.08073929961089495,-0.007344997656688046,single
DEN,2020,1,-0.11778303565638351,0.007089241034195163,-0.000834992329507306,single
PHI,2020,1,-0.12062798778861475,0.0,-0.0,zero
SEA,2020,1,0.13062018241706402,0.0,0.0,zero
LAC,2020,1,0.1941560144409572,0.0,0.0,zero
IND,2020,1,0.11506932978478729,0.031330722439796684,0.0036052052328206,single
WAS,2020,1,0.4054651081081644,0.0,0.0,zero
JAX,2020,1,-0.19782574332991992,0.008861174926156876,-0.0017529685165434323,single
ATL,2020,1,-0.14107859825990562,0.07956487956487956,-0.01122490167973142,single
HOU,2020,1,-0.08455738802806312,0.0,-0.0,zero
NYG,2020,1,0.3677247801253175,0.08811634779903561,0.03240256461984638,single
DET,2020,1,-0.12136085700426735,0.0038247011952191236,-0.0004641690148370385,single
MIA,2020,1,0.18721154208814636,0.05838649761770169,0.010930626256135818,single
LV,2020,1,0.1410785982599056,0.0,0.0,single
CIN,2020,1,0.11778303565638346,0.0,0.0,zero
ARI,2020,1,0.5549968420791281,0.0,0.0,zero
LA,2021,1,-0.10178269430994236,0.0,-0.0,zero
PIT,2021,1,-0.21905356606268464,0.0,-0.0,zero
WAS,2021,1,-0.5108256237659909,0.05704581083434942,-0.029140461902693267,single
BAL,2021,1,-0.6118015411059929,0.03576504026527712,-0.02188110675201443,zero
NO,2021,1,-0.07145896398214498,0.0,-0.0,single
TB,2021,1,0.01739174271186924,0.0,0.0,zero
GB,2021,1,0.06899287148695142,0.0,0.0,single
SF,2021,1,-0.24613306953890846,0.0,-0.0,zero
ARI,2021,1,-0.1823215567939546,0.0,-0.0,single
BUF,2021,1,0.15684247149296968,0.0,0.0,zero
NYG,2021,1,0.09180754925312289,0.005203816131830009,0.0004777496058271789,single
LAC,2021,1,-0.21825356602001794,0.08505448040331762,-0.018563443654003805,single
KC,2021,1,-0.2231435513142097,0.0,-0.0,zero
SEA,2021,1,-0.25423413838424075,0.0,-0.0,single
CLE,2021,1,0.2063364329978284,0.07570319672815291,0.015620327579419944,single
CHI,2021,1,-0.1865859555804122,0.0,-0.0,zero
IND,2021,1,0.14165051706302684,0.0,0.0,zero
NE,2021,1,0.30421137440299156,0.0,0.0,zero
CAR,2021,1,0.06595796779179737,0.06385655866624725,0.004211848839803355,single
TEN,2021,1,0.06744128079553248,0.014399128268991283,0.0009710956527999307,single
DAL,2021,1,0.26966356694910243,0.020644617653254687,0.005567101234677067,single
MIA,2021,1,0.15762894420358306,0.08976942019252294,0.014150258926715202,single
DEN,2021,1,0.26236426446749106,0.08789636811571168,0.02306086597004253,single
PHI,2021,1,0.2682639865946792,0.0,0.0,zero
LV,2021,1,0.2744368457017602,0.0,0.0,single
NYJ,2021,1,-0.17693070815907821,0.0,-0.0,zero
CIN,2021,1,0.15415067982725855,0.0,0.0,zero
MIN,2021,1,0.22884157242884764,0.0,0.0,zero
HOU,2021,1,0.028987536873252187,0.0,0.0,zero
ATL,2021,1,0.11441035117774431,0.09051863857374393,0.010356269227353354,single
JAX,2021,1,0.06062462181643484,0.14312522555034285,0.008676912671381471,single
DET,2021,1,0.06252035698133393,0.00784313725490196,0.00049035574103007,zero
BUF,2022,1,-0.06669137449867216,0.01600796568627451,-0.0010675932345452267,single
NE,2022,1,-0.06782259633876106,0.0,-0.0,single
GB,2022,1,-0.456758402495715,0.0,-0.0,zero
CLE,2022,1,-0.18571714579509283,0.07414090051668991,-0.013769236430637573,single
TB,2022,1,-0.10919929196499197,0.0,-0.0,zero
NYG,2022,1,-0.1929036661244917,0.04174725983236621,-0.008053199472315175,zero
LA,2022,1,-0.19671029424605413,0.0,-0.0,single
DAL,2022,1,0.07020425867324856,0.0,0.0,zero
NO,2022,1,0.10536051565782635,0.0,0.0,single
IND,2022,1,-0.2567198468478141,0.022660251435666613,-0.005817336278097293,zero
DEN,2022,1,0.07410797215372183,0.0,0.0,single
PHI,2022,1,0.1953087523207659,0.0,0.0,zero
LV,2022,1,-0.4462871026284195,0.0,-0.0,zero
PIT,2022,1,-0.13062018241706408,0.0,-0.0,zero
MIA,2022,1,-0.1335313926245225,0.0,-0.0,zero
CAR,2022,1,-0.2392296890658341,0.0,-0.0,zero
TEN,2022,1,-0.2451224580329851,0.0737873281719071,-0.018086931253184398,single
ARI,2022,1,0.06453852113757116,0.0,0.0,zero
MIN,2022,1,-0.22884157242884767,0.012816379171368693,-0.0029329203624203436,double
SF,2022,1,0.24613306953890837,0.0,0.0,zero
CIN,2022,1,0.04652001563489291,0.14468014584023864,0.006730522646546487,double
LAC,2022,1,0.19845093872383823,0.0,0.0,zero
KC,2022,1,0.30010459245033816,0.0,0.0,single
CHI,2022,1,-0.22957444164450025,0.05493101686254471,-0.01261075752518333,single
SEA,2022,1,0.025975486403260736,0.0,0.0,zero
ATL,2022,1,-0.08455738802806312,0.0,-0.0,zero
WAS,2022,1,0.38677297509601205,0.0,0.0,zero
HOU,2022,1,0.13353139262452277,0.05778251599147122,0.007715779829689909,single
JAX,2022,1,0.2803019651541585,0.0,0.0,zero
DET,2022,1,0.0,0.07421875,0.0,zero
BAL,2022,1,0.46608972992459924,0.0,0.0,zero
NYJ,2022,1,0.676886659688165,0.08403294155273047,0.05688077711139853,single
PIT,2013,2,-0.5436154465889816,0.0,-0.0,zero
SEA,2013,2,-0.016529301951210582,0.0,-0.0,zero
CHI,2013,2,-0.6286086594223742,0.0,-0.0,zero
DEN,2013,2,0.033336420267591926,0.006258596973865199,0.00020863921900624933,single
ARI,2013,2,-0.3468709438421116,0.06755725190839694,-0.02343364773284494,single
GB,2013,2,-0.03571808260207934,0.0,-0.0,zero
SF,2013,2,0.035718082602079246,0.0,0.0,single
NYJ,2013,2,-0.20479441264601314,0.0,-0.0,single
HOU,2013,2,0.09015109699429748,0.0,0.0,single
CIN,2013,2,0.0,0.04102926178708716,0.0,zero
CLE,2013,2,0.09352605801082355,0.0,0.0,double
CAR,2013,2,0.01980262729617973,0.0,0.0,zero
MIN,2013,2,0.0,0.08624708624708624,0.0,single
BUF,2013,2,0.2769867833350329,0.0,0.0,zero
BAL,2013,2,0.021506205220963463,0.0,0.0,single
DET,2013,2,0.1823215567939546,0.08647990255785627,0.01576715046573785,single
WAS,2013,2,-0.28768207245178107,0.0006419000240712509,-0.0001846631292316656,double
MIA,2013,2,0.2090917978585594,0.056182435098240356,0.011747286362762904,single
TEN,2013,2,0.09097177820572659,0.025276052449965492,0.002299407437394573,single
IND,2013,2,0.19845093872383823,0.0,0.0,zero
JAX,2013,2,-0.13353139262452274,0.11481944661560106,-0.015332000606958255,double
ATL,2013,2,-0.22957444164450025,0.16240131864318558,-0.037283192049839896,double
NYG,2013,2,0.05129329438755048,0.0,0.0,zero
PHI,2013,2,0.026668247082161273,0.0,0.0,zero
NE,2013,2,0.30830135965451666,0.0,0.0,single
DAL,2013,2,0.20585205420414898,0.07086275185121405,0.014587243035131273,zero
TB,2013,2,0.16705408466316624,0.0,0.0,single
KC,2013,2,0.6118015411059929,0.0,0.0,zero
NO,2013,2,0.17693070815907824,0.0,0.0,single
SEA,2014,2,-0.08408311721054132,0.0,-0.0,zero
CIN,2014,2,-0.016529301951210582,0.027933428117420757,-0.00046172006788528343,single
BUF,2014,2,-0.2441969605120421,0.0,-0.0,zero
ARI,2014,2,-0.14571181118139365,0.06919302994417188,-0.01008224171429369,single
CLE,2014,2,-0.5639354490799392,0.0,-0.0,single
NYG,2014,2,-0.516690743218389,0.0,-0.0,zero
SF,2014,2,-0.5596157879354228,0.0,-0.0,single
CAR,2014,2,0.10354067894084036,0.0,0.0,zero
NO,2014,2,-0.5549968420791281,0.0,-0.0,single
PIT,2014,2,0.018692133012152546,0.0,0.0,zero
MIA,2014,2,-0.31365755885504165,0.0,-0.0,zero
BAL,2014,2,-0.1251631429540059,0.0,-0.0,single
HOU,2014,2,0.1484200051182734,0.0,0.0,zero
TB,2014,2,-0.13062018241706408,0.0,-0.0,zero
NE,2014,2,0.08004270767353656,0.0,0.0,zero
DET,2014,2,-0.294799540220645,0.0,-0.0,zero
KC,2014,2,0.29849298855599654,0.0,0.0,single
NYJ,2014,2,0.20067069546215105,0.0717106995523567,0.014390235951248784,double
TEN,2014,2,0.0,0.0,0.0,zero
DEN,2014,2,0.3163373282121569,0.05448210326259107,0.017234722981466895,single
PHI,2014,2,0.15415067982725816,0.0,0.0,zero
IND,2014,2,0.02409755157906074,0.0,0.0,zero
LA,2014,2,0.1823215567939546,0.0,0.0,zero
MIN,2014,2,0.30673026742247544,0.0,0.0,zero
CHI,2014,2,0.07598590697792205,0.0,0.0,single
GB,2014,2,0.4144337780909247,0.0,0.0,single
WAS,2014,2,0.10821358464023279,0.0,0.0,zero
ATL,2014,2,0.3022808718729337,0.0,0.0,single
JAX,2014,2,0.1923718926474561,0.0,0.0,zero
DAL,2014,2,0.14953173397096364,0.0,0.0,zero
BUF,2015,2,-0.27698678333503296,0.0,-0.0,single
DEN,2015,2,0.016260520871780326,0.0,0.0,zero
SEA,2015,2,-0.33314444652853825,0.0,-0.0,zero
KC,2015,2,-0.0344861760711692,0.0,-0.0,single
HOU,2015,2,0.050430853626891904,0.0514118273841236,0.00259274234149977,single
SF,2015,2,-0.6090640633494041,0.0,-0.0,single
CLE,2015,2,-0.4989911661189879,0.0,-0.0,zero
GB,2015,2,-0.3697470255060851,0.0,-0.0,double
DET,2015,2,-0.49247648509779424,0.0,-0.0,single
MIA,2015,2,-0.019048194970694474,0.0,-0.0,zero
CIN,2015,2,0.109199291964992,0.0,0.0,zero
CAR,2015,2,-0.10318423623523063,0.0,-0.0,zero
IND,2015,2,-0.3285040669720361,0.0,-0.0,single
NE,2015,2,0.09716374845364788,0.0,0.0,single
MIN,2015,2,0.22314355131420976,0.08397131114513659,0.01873765657743626,single
BAL,2015,2,0.15718558352241235,0.0,0.0,zero
TEN,2015,2,-0.04445176257083381,0.0,-0.0,zero
LAC,2015,2,0.06453852113757116,0.0,0.0,zero
NYJ,2015,2,-0.17327172127403667,0.0,-0.0,zero
DAL,2015,2,0.0454623740767572,0.07917174177831912,0.00359933534103437,single
LA,2015,2,0.2326222952687535,0.0,0.0,zero
ARI,2015,2,0.3639653772014116,0.0,0.0,zero
NYG,2015,2,0.20294084399669038,0.07481646457147571,0.015183316464983766,single
TB,2015,2,0.0,0.0,0.0,zero
PHI,2015,2,0.10008345855698263,0.0,0.0,single
NO,2015,2,-0.05556985115481088,0.0,-0.0,zero
PIT,2015,2,0.3483066942682158,0.0,0.0,single
JAX,2015,2,0.47000362924573563,0.0,0.0,zero
WAS,2015,2,0.1923718926474561,0.0,0.0,zero
CHI,2015,2,0.24783616390458127,0.0,0.0,zero
ATL,2015,2,0.47803580094299974,0.0,0.0,single
KC,2016,2,-0.36593426935152906,0.0,-0.0,single
CAR,2016,2,-0.3732042458899428,0.09054436035378864,-0.033791539725422925,double
CIN,2016,2,-0.08701137698962981,0.08559465335373219,-0.007447708651258273,single
DEN,2016,2,-0.29334780998745813,0.09088607594936708,-0.026661231338100624,single
HOU,2016,2,-0.5050949490570059,0.0,-0.0,zero
SEA,2016,2,0.01739174271186924,0.0,0.0,zero
GB,2016,2,-0.4989911661189879,0.0,-0.0,zero
NYJ,2016,2,-0.3437715391028245,0.0,-0.0,zero
PIT,2016,2,-0.05715841383994864,0.11207872507184534,-0.006406242150310363,double
MIN,2016,2,0.12405264866997882,0.04943564616326888,0.006132622845265381,single
NE,2016,2,-0.23767165187711958,0.0,-0.0,single
ARI,2016,2,0.09352605801082355,0.006930289441500204,0.0006481626523375459,single
PHI,2016,2,0.1512309697239237,0.0,0.0,zero
LA,2016,2,0.11778303565638346,0.0,0.0,zero
BUF,2016,2,0.10109611687136881,0.0,0.0,zero
ATL,2016,2,0.0,0.0030802530802530805,0.0,single
BAL,2016,2,0.2708749541353995,0.0,0.0,zero
TEN,2016,2,0.1861022796338607,0.09064835737875891,0.01686986595325193,zero
TB,2016,2,-0.29546421289383606,0.0,-0.0,single
IND,2016,2,-0.30368241379822214,0.0,-0.0,single
CHI,2016,2,0.19845093872383823,0.0,0.0,zero
JAX,2016,2,0.4382549309311553,0.09046519886363637,0.03964681947965618,single
WAS,2016,2,0.20763936477824455,0.0,0.0,single
MIA,2016,2,-0.026668247082161294,0.06703397612488522,-0.0017876786381981402,single
LAC,2016,2,0.49995595152908684,0.0,0.0,zero
DAL,2016,2,0.30830135965451666,0.0,0.0,zero
DET,2016,2,0.294799540220645,0.0,0.0,zero
NYG,2016,2,0.1112256351102244,0.024531742085198077,0.0027285585937863767,double
CLE,2016,2,0.08701137698962969,0.0,0.0,zero
SF,2016,2,0.22314355131420976,0.0,0.0,single
NO,2016,2,0.3726752852851735,0.0,0.0,single
DEN,2017,2,-0.32047189527477177,0.0,-0.0,zero
HOU,2017,2,-0.1988508587451653,0.0,-0.0,zero
MIN,2017,2,-0.03390155167568134,0.0,-0.0,zero
ARI,2017,2,-0.0344861760711692,0.08986600336997512,-0.003099134815029247,single
CIN,2017,2,-0.5639354490799392,0.0,-0.0,zero
KC,2017,2,-0.17185025692665928,0.0,-0.0,zero
JAX,2017,2,0.05218575317057025,0.0,0.0,zero
BAL,2017,2,0.0870113769896299,0.08926215812153725,0.007766823291221031,single
NE,2017,2,-0.01869213301215252,0.0,-0.0,zero
LA,2017,2,-0.23262229526875347,0.0,-0.0,single
MIA,2017,2,-0.42488319396526614,0.0,-0.0,single
PIT,2017,2,0.01941808585710173,0.022289511312978384,0.0004328196443882546,single
ATL,2017,2,-0.06187540371808741,0.0,-0.0,zero
NYG,2017,2,-0.33647223662121306,0.0,-0.0,zero
LAC,2017,2,0.06062462181643484,0.0,0.0,zero
BUF,2017,2,0.26072626246325264,0.08377135348226018,0.021841391894917683,single
CAR,2017,2,-0.19105523676270922,0.0,-0.0,zero
DAL,2017,2,0.021978906718775167,0.13575348248205993,0.002983713128222074,double
TEN,2017,2,0.22314355131420976,0.053805237315875616,0.012006291733968324,single
SEA,2017,2,-0.07232066157962626,0.10277672118676302,-0.007432880471211493,single
PHI,2017,2,-0.1267517056391439,0.07408660351826793,-0.009390603360951459,double
CHI,2017,2,0.4135623183407838,0.0,0.0,single
WAS,2017,2,0.20294084399669038,0.053286253109702274,0.010813957179504247,single
TB,2017,2,-0.19782574332991992,0.0,-0.0,single
GB,2017,2,0.07598590697792205,0.0,0.0,double
NYJ,2017,2,0.17327172127403678,0.16884504726674887,0.029256071968505677,double
IND,2017,2,0.40546510810816455,0.08009153318077804,0.032474322159692814,double
NO,2017,2,0.028170876966696224,0.0,0.0,double
CLE,2017,2,0.4989911661189879,0.0,0.0,single
DET,2017,2,0.16705408466316624,0.0,0.0,single
SF,2017,2,0.3272129112084162,0.0,0.0,single
JAX,2018,2,-0.46357273891544515,0.0,-0.0,single
LAC,2018,2,-0.3732042458899428,0.0,-0.0,single
MIN,2018,2,-0.08701137698962981,0.014644882756285449,-0.0012742714144760821,single
BAL,2018,2,-0.017094433359299954,0.0,-0.0,zero
SEA,2018,2,-0.2992428948528569,0.0,-0.0,zero
PHI,2018,2,-0.258861633916289,0.0,-0.0,single
ARI,2018,2,-0.5913644862500029,0.0,-0.0,zero
CIN,2018,2,-0.5415972824327444,0.09006690684508492,-0.04877999198442114,single
LA,2018,2,0.05406722127027579,0.0,0.0,zero
TEN,2018,2,-0.12014431184206321,0.0,-0.0,single
BUF,2018,2,0.12629372532429206,0.0,0.0,zero
PIT,2018,2,0.16251892949777494,0.0761509746992949,0.012375974888341551,single
CHI,2018,2,0.0769610411361284,0.0,0.0,zero
DAL,2018,2,-0.06317890162153156,0.0,-0.0,zero
WAS,2018,2,-0.1823215567939546,0.0,-0.0,zero
DET,2018,2,-0.294799540220645,0.06107920071191651,-0.01800612028691748,single
ATL,2018,2,-0.19105523676270922,0.06973032008737293,-0.013322342813832534,single
NO,2018,2,0.16362942378180212,0.0,0.0,zero
DEN,2018,2,0.022472855852058576,0.0,0.0,zero
KC,2018,2,0.2641515750415867,0.0,0.0,zero
CAR,2018,2,0.15415067982725816,0.05142513736263736,0.007927219884660682,double
NE,2018,2,0.4135623183407838,0.0,0.0,single
SF,2018,2,0.42199441005937505,0.0,0.0,zero
NYJ,2018,2,0.2682639865946792,0.0,0.0,zero
NYG,2018,2,-0.05406722127027594,0.0,-0.0,zero
MIA,2018,2,-0.08455738802806312,0.0,-0.0,single
CLE,2018,2,0.32850406697203616,0.06053679398318832,0.01988658302492565,single
HOU,2018,2,0.055569851154810994,0.07287050713934022,0.004049403235308728,single
GB,2018,2,0.3448404862917296,0.0,0.0,double
LV,2018,2,0.0,0.0,0.0,zero
TB,2018,2,0.4855078157817008,0.0,0.0,single
IND,2018,2,0.2795848622191615,0.0,0.0,zero
CHI,2019,2,-0.27698678333503296,0.0,-0.0,single
BUF,2019,2,-0.14058195062118944,0.0,-0.0,zero
BAL,2019,2,-0.01680711831638129,0.0,-0.0,zero
JAX,2019,2,-0.6118015411059929,0.0,-0.0,zero
MIN,2019,2,-0.5050949490570059,0.0,-0.0,zero
ARI,2019,2,-0.05406722127027582,0.08133365011483329,-0.0043974844574778855,single
CLE,2019,2,-0.15415067982725836,0.04788961038961039,-0.0073822159982209765,double
TEN,2019,2,-0.24613306953890846,0.0,-0.0,zero
IND,2019,2,-0.16034265007517937,0.04924589617531872,-0.007896217498077744,single
NE,2019,2,-0.16362942378180204,0.0,-0.0,single
PIT,2019,2,0.15963014559188393,0.0020680995642218774,0.00033013103453525,single
LAC,2019,2,0.0,0.07730186024699078,0.0,single
HOU,2019,2,-0.3856624808119848,0.04284130503642699,-0.01652228398157141,single
WAS,2019,2,0.2025242641114741,0.0,0.0,zero
KC,2019,2,0.0408219945202552,0.0,0.0,single
ATL,2019,2,-0.3536400402435783,0.0,-0.0,single
DAL,2019,2,-0.09097177820572663,0.0,-0.0,zero
DEN,2019,2,-0.11778303565638351,0.0,-0.0,zero
NYJ,2019,2,-0.17327172127403667,0.0,-0.0,zero
SF,2019,2,0.24613306953890837,0.0,0.0,zero
LA,2019,2,0.38946476676172315,0.0,0.0,double
GB,2019,2,0.31177962403084153,0.0,0.0,single
SEA,2019,2,0.20294084399669038,0.008546394714162598,0.001734412556421011,single
DET,2019,2,-0.22957444164450025,0.08063745019920318,-0.018512297605118265,single
CAR,2019,2,0.14660347419187544,0.0,0.0,zero
PHI,2019,2,0.05264373348542188,0.0,0.0,zero
NO,2019,2,0.4769240720903095,0.0,0.0,double
NYG,2019,2,0.39589565709201385,0.0,0.0,single
MIA,2019,2,0.18721154208814636,0.0,0.0,zero
CIN,2019,2,0.08701137698962969,0.0,0.0,zero
TB,2019,2,0.5773153650348237,0.0,0.0,double
LV,2019,2,0.20359895524123955,0.0,0.0,zero
NE,2020,2,-0.01626052087178029,0.0,-0.0,single
SF,2020,2,-0.3496737484797488,0.0,-0.0,zero
PIT,2020,2,-0.2025242641114741,0.0,-0.0,zero
BUF,2020,2,0.049596941139372186,0.0,0.0,zero
BAL,2020,2,-0.5947071077466928,0.0,-0.0,zero
LA,2020,2,-0.017699577099400975,0.0,-0.0,zero
KC,2020,2,-0.3364722366212129,0.0,-0.0,zero
MIN,2020,2,-0.2231435513142097,0.0372336503723365,-0.008308448972474814,single
CHI,2020,2,-0.325422400434628,0.05523841504365346,-0.017975817619709976,single
NO,2020,2,0.018692133012152546,0.0,0.0,zero
TB,2020,2,0.109199291964992,0.0,0.0,single
NYJ,2020,2,-0.4978384282391794,0.0010446801671488268,-0.0005200819324260151,single
CLE,2020,2,0.16551443847757333,0.09064351890493282,0.015002811133181257,single
CAR,2020,2,-0.041672696400567956,0.053711859075180876,-0.002238317996350103,single
GB,2020,2,0.22314355131420976,0.0,0.0,zero
TEN,2020,2,-0.02150620522096362,0.05082503113325031,-0.0010930535499135464,single
DAL,2020,2,0.1786917887433759,0.0887578119514079,0.015860292182545265,single
DEN,2020,2,0.1445812288111077,0.00015894460780418025,2.298040670922796e-05,single
PHI,2020,2,0.14763599880606448,0.0,0.0,zero
SEA,2020,2,-0.12361395596717677,0.0,-0.0,zero
LAC,2020,2,-0.02409755157906064,0.0,-0.0,zero
IND,2020,2,0.25671984684781407,0.057357405336315705,0.01472478431352696,single
WAS,2020,2,-0.1053605156578264,0.0,-0.0,zero
JAX,2020,2,-0.13720112151348515,0.0,-0.0,single
ATL,2020,2,-0.026668247082161294,0.06474878444084278,-0.001726736581737996,single
HOU,2020,2,-0.05556985115481088,0.0,-0.0,zero
NYG,2020,2,0.4595323293784404,0.049219427580225496,0.022617918206614476,single
DET,2020,2,-0.05884050002293335,0.06346538615446179,-0.0037343350554770826,single
MIA,2020,2,0.3448404862917296,0.04387732258786658,0.015130677258379,single
LV,2020,2,0.4155154439616658,0.0,0.0,single
CIN,2020,2,0.2719337154836419,0.0,0.0,zero
ARI,2020,2,0.3726752852851735,0.0,0.0,zero
LA,2021,2,-0.29849298855599654,0.0,-0.0,zero
PIT,2021,2,-0.3496737484797488,0.0,-0.0,zero
WAS,2021,2,-0.12405264866997888,0.08305362579033643,-0.010303022260936502,single
BAL,2021,2,-0.14571181118139365,0.08537705844936037,-0.012440445819996008,zero
NO,2021,2,0.033901551675681416,0.0,0.0,single
TB,2021,2,-0.09180754925312286,0.0,-0.0,zero
GB,2021,2,-0.38776553100876343,0.0,-0.0,single
SF,2021,2,0.0,0.0,0.0,zero
ARI,2021,2,-0.11778303565638351,0.0,-0.0,single
BUF,2021,2,0.09015109699429748,0.0,0.0,zero
NYG,2021,2,-0.10109611687136875,0.0,-0.0,single
LAC,2021,2,-0.019802627296179643,0.0876736111111111,-0.0017361678445435276,single
KC,2021,2,0.0769610411361284,0.0,0.0,zero
SEA,2021,2,-0.2282586519809802,0.0,-0.0,single
CLE,2021,2,0.02061928720273561,0.06552940211596818,0.0013511695624526985,single
CHI,2021,2,-0.41616039722491244,0.0,-0.0,zero
IND,2021,2,-0.11506932978478723,0.0,-0.0,zero
NE,2021,2,0.23638877806423053,0.0,0.0,zero
CAR,2021,2,-0.17327172127403667,0.02378080303291401,-0.004120540674791843,single
TEN,2021,2,-0.17768117723745264,0.055379996839943116,-0.0098399830339275,single
DAL,2021,2,0.3398678256223509,0.0040413837698027805,0.0013735363143483306,single
MIA,2021,2,0.02409755157906074,0.05437370401658859,0.0013102731370843255,single
DEN,2021,2,0.3364722366212129,0.09019954940457033,0.03034964413038137,single
PHI,2021,2,0.4635727389154451,0.0,0.0,zero
LV,2021,2,-0.17185025692665928,0.0,-0.0,single
NYJ,2021,2,0.49995595152908684,0.0,0.0,zero
CIN,2021,2,0.2006706954621514,0.0,0.0,zero
MIN,2021,2,0.0,0.0,0.0,zero
HOU,2021,2,0.16251892949777494,0.0,0.0,zero
ATL,2021,2,0.02985296314968113,0.07537367116937095,0.0022501274278754137,single
JAX,2021,2,0.3409265869705932,0.11748834927642875,0.04005490192762182,single
DET,2021,2,0.06252035698133393,0.03806818181818182,0.002380036316903053,zero
BUF,2022,2,-0.08408311721054132,0.025679542203147353,-0.0021592159569802814,single
NE,2022,2,-0.15963014559188382,0.0,-0.0,single
GB,2022,2,-0.40546510810816444,0.0,-0.0,zero
CLE,2022,2,0.016807118316381407,0.06952364978195237,0.001168492207671938,single
TB,2022,2,-0.47692407209030946,0.0,-0.0,zero
NYG,2022,2,-0.15123096972392366,0.0553802723347725,-0.008375212288762628,zero
LA,2022,2,-0.24116205681688796,0.0,-0.0,single
DAL,2022,2,-0.0370412716803491,0.0,-0.0,zero
NO,2022,2,0.03636764417087479,0.0,0.0,single
IND,2022,2,-0.12014431184206321,0.09083044982698962,-0.010912761888768718,zero
DEN,2022,2,-0.34032580593720285,0.0,-0.0,single
PHI,2022,2,-0.21825356602001794,0.0,-0.0,zero
LV,2022,2,0.09531017980432493,0.0,0.0,zero
PIT,2022,2,-0.13062018241706408,0.0,-0.0,zero
MIA,2022,2,-0.04255961441879589,0.0,-0.0,zero
CAR,2022,2,0.0816780310142671,0.0,0.0,zero
TEN,2022,2,-0.16507975035944858,0.05644394502549918,-0.009317752354111844,single
ARI,2022,2,-0.28030196515415856,0.0,-0.0,zero
MIN,2022,2,0.022472855852058576,0.0,0.0,double
SF,2022,2,0.2992428948528569,0.0,0.0,zero
CIN,2022,2,-0.24116205681688824,0.1040901102412526,-0.02510258508007712,double
LAC,2022,2,-0.15822400521489416,0.0,-0.0,zero
KC,2022,2,0.38865798979178307,0.0,0.0,single
CHI,2022,2,0.32542240043462795,0.061717885417553416,0.02008438242232955,single
SEA,2022,2,0.0,0.0,0.0,zero
ATL,2022,2,0.26028309826366636,0.0,0.0,zero
WAS,2022,2,-0.14953173397096356,0.0,-0.0,zero
HOU,2022,2,0.1823215567939548,0.08463807578851827,0.015431345741807384,single
JAX,2022,2,0.38566248081198473,0.0,0.0,zero
DET,2022,2,-0.03077165866675366,0.09004113948614453,-0.0027707152102331946,zero
BAL,2022,2,0.661398482245365,0.0,0.0,zero
NYJ,2022,2,0.676886659688165,0.06969192999128851,0.04717353769902472,single
PIT,2013,3,-0.13815033848081718,0.0,-0.0,zero
SEA,2013,3,-0.06782259633876106,0.0,-0.0,zero
CHI,2013,3,-0.380772495517793,0.0,-0.0,zero
DEN,2013,3,0.0,0.004672157111181501,0.0,single
ARI,2013,3,-0.1286173778220937,0.047369311453222804,-0.006092516628351588,single
GB,2013,3,-0.017699577099400975,0.0,-0.0,zero
LA,2013,3,-0.15415067982725836,0.0,-0.0,zero
SF,2013,3,-0.5415972824327444,0.0,-0.0,single
NYJ,2013,3,0.018349138668196617,0.0,0.0,single
HOU,2013,3,0.09015109699429748,0.0,0.0,single
CIN,2013,3,0.14310084364067324,0.07627331270385548,0.010914775395190599,zero
CLE,2013,3,-0.4353180712578455,0.0,-0.0,double
CAR,2013,3,0.19885085874516534,0.0,0.0,zero
MIN,2013,3,0.09909090264423097,0.06903820816864295,0.00684105836437115,single
BUF,2013,3,0.0,0.0,0.0,zero
BAL,2013,3,-0.02197890671877523,0.004689535388623534,-0.00010307086086095201,single
DET,2013,3,-0.2513144282809062,0.06618193836238949,-0.01663247600206609,single
WAS,2013,3,-0.12062798778861475,0.0,-0.0,double
MIA,2013,3,-0.12361395596717677,0.0,-0.0,single
TEN,2013,3,0.04652001563489291,0.0,0.0,single
IND,2013,3,0.02409755157906074,0.0,0.0,zero
JAX,2013,3,0.0,0.0975156329220889,0.0,double
ATL,2013,3,0.1650797503594486,0.1287506819421713,0.021254130433622405,double
NYG,2013,3,-0.1112256351102245,0.0,-0.0,zero
PHI,2013,3,0.280902385466402,0.0,0.0,zero
NE,2013,3,0.3677247801253175,0.0,0.0,single
DAL,2013,3,0.028170876966696224,0.04684582284647235,0.0013196879118116196,zero
TB,2013,3,0.2646925542270823,0.0,0.0,single
KC,2013,3,0.661398482245365,0.0,0.0,zero
NO,2013,3,0.0,0.0,0.0,single
SEA,2014,3,-0.36593426935152906,0.0,-0.0,zero
CIN,2014,3,-0.050430853626891856,0.07131524670791686,-0.0035964887680926365,single
BUF,2014,3,-0.2441969605120421,0.0,-0.0,zero
ARI,2014,3,0.0,0.06051502145922747,0.0,single
CLE,2014,3,-0.534082485930258,0.0,-0.0,single
NYG,2014,3,-0.15123096972392366,0.0,-0.0,zero
SF,2014,3,-0.5913644862500029,0.0,-0.0,single
CAR,2014,3,-0.17869178874337585,0.0,-0.0,zero
NO,2014,3,-0.4336359850748609,0.0,-0.0,single
PIT,2014,3,-0.03846628082779617,0.0,-0.0,zero
MIA,2014,3,0.0,0.0,0.0,zero
BAL,2014,3,0.0755075525081453,0.0,0.0,single
HOU,2014,3,0.19885085874516534,0.0,0.0,zero
TB,2014,3,-0.2282586519809802,0.0,-0.0,zero
NE,2014,3,0.11778303565638346,0.0,0.0,zero
DET,2014,3,-0.3536400402435783,0.0,-0.0,zero
KC,2014,3,0.2144098713454553,0.0,0.0,single
NYJ,2014,3,-0.19574457712609536,0.0,-0.0,double
TEN,2014,3,0.0,0.0,0.0,zero
DEN,2014,3,0.36593426935152906,0.0620283452972575,0.02269829721543628,single
PHI,2014,3,0.0,0.0,0.0,zero
IND,2014,3,-0.13005312824819792,0.0,-0.0,zero
LA,2014,3,0.2814124594381855,0.0,0.0,zero
MIN,2014,3,0.43078291609245434,0.0,0.0,zero
CHI,2014,3,0.07598590697792205,0.0873861488228218,0.006640115775609789,single
GB,2014,3,0.026668247082161273,0.0,0.0,single
LAC,2014,3,0.287682072451781,0.0,0.0,zero
WAS,2014,3,0.13353139262452277,0.0,0.0,zero
ATL,2014,3,0.38566248081198473,0.0,0.0,single
JAX,2014,3,0.528844129268669,0.0,0.0,zero
DAL,2014,3,0.3726752852851735,0.0,0.0,zero
BUF,2015,3,-0.17589066646366416,0.0,-0.0,single
DEN,2015,3,-0.32668423025505006,0.0,-0.0,zero
SEA,2015,3,-0.03390155167568134,0.0,-0.0,zero
KC,2015,3,-0.31633732821215693,0.0,-0.0,single
HOU,2015,3,-0.5050949490570059,0.005174747233500518,-0.0026137386902878265,single
SF,2015,3,-0.3541718137206139,0.0,-0.0,single
CLE,2015,3,-0.44183275227903934,0.0,-0.0,zero
GB,2015,3,-0.48097266061630956,0.0,-0.0,double
DET,2015,3,-0.1388364448542158,0.0,-0.0,single
MIA,2015,3,-0.3593740009078973,0.0,-0.0,zero
CIN,2015,3,0.05608946665104358,0.0,0.0,zero
CAR,2015,3,-0.19415601444095723,0.0,-0.0,zero
IND,2015,3,-0.4780358009429998,0.0,-0.0,single
NE,2015,3,-0.17824823140631876,0.0,-0.0,single
MIN,2015,3,0.22314355131420976,0.06054772946014524,0.013510835375748811,single
BAL,2015,3,0.2273898421956608,0.0,0.0,zero
TEN,2015,3,0.14165051706302684,0.0,0.0,zero
LAC,2015,3,0.30421137440299156,0.0,0.0,zero
NYJ,2015,3,-0.12062798778861475,0.0,-0.0,zero
DAL,2015,3,0.13062018241706402,0.09028813692392243,0.011793452915099601,single
LA,2015,3,0.251314428280906,0.0,0.0,zero
ARI,2015,3,0.31177962403084153,0.0,0.0,zero
NYG,2015,3,-0.05129329438755046,0.06663351566384883,-0.0034178525350232526,single
TB,2015,3,-0.19782574332991992,0.0,-0.0,zero
PHI,2015,3,0.4054651081081644,0.0,0.0,single
NO,2015,3,0.19574457712609533,0.0,0.0,zero
PIT,2015,3,0.3483066942682158,0.0,0.0,single
JAX,2015,3,0.5717863235556779,0.0,0.0,zero
WAS,2015,3,0.3746934494414107,0.0,0.0,zero
CHI,2015,3,0.44628710262841953,0.0,0.0,zero
ATL,2015,3,0.39465419200394874,0.0,0.0,single
KC,2016,3,-0.25593337413720063,0.0,-0.0,single
CAR,2016,3,-0.4732877044469254,0.08392989385336953,-0.03972298679633538,double
CIN,2016,3,-0.5978370007556205,0.07053730583142348,-0.04216981135964015,single
DEN,2016,3,-0.2708749541353996,0.0909169177787344,-0.024627115933446575,single
HOU,2016,3,-0.14842000511827333,0.0,-0.0,zero
SEA,2016,3,-0.3541718137206139,0.0,-0.0,zero
GB,2016,3,-0.3117796240308415,0.0,-0.0,zero
NYJ,2016,3,-0.2231435513142097,0.0,-0.0,zero
PIT,2016,3,-0.03774032798284697,0.010177474976869376,-0.0003841012436642681,double
MIN,2016,3,0.09015109699429748,0.03988944498393964,0.0035960772237958356,single
NE,2016,3,0.01904819497069441,0.0,0.0,single
ARI,2016,3,0.1112256351102246,0.0,0.0,single
PHI,2016,3,-0.28090238546640206,0.0,-0.0,zero
LA,2016,3,-0.1335313926245225,0.0,-0.0,zero
BUF,2016,3,0.26072626246325264,0.0,0.0,zero
ATL,2016,3,0.021506205220963463,0.014513026752928834,0.0003121201317258205,single
BAL,2016,3,0.28768207245178085,0.0,0.0,zero
TEN,2016,3,0.22314355131420976,0.09015275504637207,0.02011700592180751,zero
TB,2016,3,-0.29546421289383606,0.0,-0.0,single
IND,2016,3,0.251314428280906,0.0,0.0,single
CHI,2016,3,0.4135623183407838,0.0,0.0,zero
JAX,2016,3,0.38865798979178307,0.0180623973727422,0.0070200950537103665,single
WAS,2016,3,0.22825865198098017,0.0,0.0,single
MIA,2016,3,-0.1112256351102245,0.026251426707973258,-0.0029198316081438355,single
LAC,2016,3,0.32090772008010127,0.0,0.0,zero
DAL,2016,3,0.2451224580329851,0.0,0.0,zero
DET,2016,3,0.10821358464023279,0.0,0.0,zero
NYG,2016,3,0.028987536873252187,0.0,0.0,double
CLE,2016,3,0.528844129268669,0.0,0.0,zero
SF,2016,3,0.29546421289383606,0.0,0.0,single
NO,2016,3,0.14953173397096364,0.0,0.0,single
DEN,2017,3,-0.32047189527477177,0.0,-0.0,zero
HOU,2017,3,-0.4999559515290868,0.0,-0.0,zero
MIN,2017,3,-0.08701137698962981,0.0,-0.0,zero
ARI,2017,3,-0.6435502394205731,0.0823905558288244,-0.053022461929634036,single
CIN,2017,3,-0.5947071077466928,0.0,-0.0,zero
KC,2017,3,-0.017699577099400975,0.0,-0.0,zero
JAX,2017,3,-0.36179004460550285,0.0,-0.0,zero
BAL,2017,3,0.05310982531394854,0.08362369337979095,0.004441239747507892,single
NE,2017,3,0.13815033848081718,0.0,0.0,zero
LA,2017,3,0.0727593542824283,0.0,0.0,single
MIA,2017,3,-0.42488319396526614,0.0,-0.0,single
PIT,2017,3,0.16251892949777494,0.05101617586063874,0.008291094287941234,single
ATL,2017,3,-0.2744368457017603,0.0,-0.0,zero
NYG,2017,3,-0.3083013596545167,0.0,-0.0,zero
LAC,2017,3,-0.1335313926245225,0.0,-0.0,zero
BUF,2017,3,0.2273898421956608,0.07731849869727483,0.01758144121757873,single
CAR,2017,3,0.06317890162153146,0.0,0.0,zero
DAL,2017,3,0.021978906718775167,0.10412734881431034,0.002288605286463091,double
TEN,2017,3,0.06595796779179737,0.016660268714011515,0.0010988774672414609,single
SEA,2017,3,0.0,0.07241635687732342,0.0,single
PHI,2017,3,0.04652001563489291,0.0,0.0,double
CHI,2017,3,0.2754119798599666,0.0,0.0,single
WAS,2017,3,0.0,0.014554028782827872,0.0,single
TB,2017,3,0.287682072451781,0.0,0.0,single
GB,2017,3,0.2336148511815051,0.0,0.0,double
NYJ,2017,3,0.32090772008010127,0.09072773699329716,0.02911523122654605,double
IND,2017,3,0.13005312824819795,0.005832847262728106,0.0007585800331117288,double
NO,2017,3,0.4149438520627083,0.0,0.0,double
CLE,2017,3,0.38566248081198473,0.0,0.0,single
DET,2017,3,0.058840500022933395,0.0,0.0,single
LV,2017,3,0.030771658666753687,0.0,0.0,zero
SF,2017,3,0.676886659688165,0.0,0.0,single
JAX,2018,3,-0.661398482245365,0.0,-0.0,single
LAC,2018,3,-0.17904823144898557,0.07519149601375645,-0.01346290438126654,single
MIN,2018,3,-0.5389965007326871,0.0,-0.0,single
BAL,2018,3,0.0,0.0,0.0,zero
SEA,2018,3,-0.16862271243579283,0.0,-0.0,zero
PHI,2018,3,-0.37948962170490386,0.0,-0.0,single
ARI,2018,3,-0.03636764417087483,0.0,-0.0,zero
CIN,2018,3,-0.4238142467763611,0.07968647942521227,-0.03377226525585633,single
LA,2018,3,0.13815033848081718,0.0,0.0,zero
TEN,2018,3,-0.20909179785855936,0.0,-0.0,single
BUF,2018,3,0.01904819497069441,0.0,0.0,zero
PIT,2018,3,0.17904823144898563,0.08929758475515179,0.01598857462307583,single
CHI,2018,3,-0.06187540371808741,0.0,-0.0,zero
DAL,2018,3,-0.1541506798272581,0.0,-0.0,zero
WAS,2018,3,0.22314355131420976,0.0,0.0,zero
DET,2018,3,-0.41616039722491244,0.0702788844621514,-0.029247288474292654,single
ATL,2018,3,-0.3321338350226148,0.01250971250971251,-0.004154898790881195,single
NO,2018,3,0.25378052077609964,0.0,0.0,zero
DEN,2018,3,-0.0953101798043249,0.0,-0.0,zero
KC,2018,3,0.1508228897345835,0.0,0.0,zero
CAR,2018,3,0.04652001563489291,0.05999331550802139,0.002790889975422218,double
NE,2018,3,0.09309042306601203,0.0,0.0,single
SF,2018,3,0.3184537311185346,0.0,0.0,zero
NYJ,2018,3,-0.05264373348542191,0.0,-0.0,zero
NYG,2018,3,0.3136575588550416,0.0,0.0,zero
MIA,2018,3,0.10265415406008337,0.0,0.0,single
CLE,2018,3,0.287682072451781,0.06948051948051948,0.019988299839182187,single
HOU,2018,3,-0.028987536873252298,0.061767500791891035,-0.0017904877067735818,single
GB,2018,3,0.4989911661189879,0.0,0.0,double
LV,2018,3,0.1410785982599056,0.0,0.0,zero
TB,2018,3,0.5773153650348237,0.0,0.0,single
IND,2018,3,0.39465419200394874,0.0,0.0,zero
CHI,2019,3,-0.46357273891544515,0.0,-0.0,single
BUF,2019,3,0.016260520871780326,0.0,0.0,zero
BAL,2019,3,-0.6286086594223742,0.0,-0.0,zero
JAX,2019,3,-0.551176919289558,0.0,-0.0,zero
MIN,2019,3,-0.27625337662815824,0.0,-0.0,zero
ARI,2019,3,-0.2363887780642304,0.04853892117541131,-0.011474056265211478,single
CLE,2019,3,0.05218575317057025,0.00876387613721726,0.00045734947691427057,double
TEN,2019,3,-0.17869178874337585,0.0,-0.0,zero
IND,2019,3,-0.01869213301215252,0.0,-0.0,single
NE,2019,3,0.1405819506211894,0.0,0.0,single
PIT,2019,3,-0.05942342047080088,0.0,-0.0,single
LAC,2019,3,-0.21825356602001794,0.07188160676532769,-0.015688417007781414,single
HOU,2019,3,-0.35667494393873245,0.0,-0.0,single
WAS,2019,3,-0.3083013596545167,0.0,-0.0,zero
KC,2019,3,-0.1823215567939546,0.0,-0.0,single
ATL,2019,3,-0.2392296890658341,0.0,-0.0,single
DAL,2019,3,0.1786917887433759,0.0,0.0,zero
DEN,2019,3,0.1445812288111077,0.0,0.0,zero
NYJ,2019,3,-0.350202429433115,0.0,-0.0,zero
SF,2019,3,0.0,0.0,0.0,zero
LA,2019,3,0.28768207245178085,0.0,0.0,double
GB,2019,3,0.380772495517793,0.0,0.0,single
SEA,2019,3,-0.05129329438755046,0.0,-0.0,single
DET,2019,3,-0.1670540846631662,0.05282112845138055,-0.008823985264320905,single
CAR,2019,3,0.21256144198367288,0.0,0.0,zero
PHI,2019,3,0.32090772008010127,0.0,0.0,zero
NO,2019,3,0.40546510810816455,0.0,0.0,double
NYG,2019,3,0.4877032063451366,0.0,0.0,single
MIA,2019,3,0.3448404862917296,0.0,0.0,zero
CIN,2019,3,0.24116205681688824,0.0,0.0,zero
TB,2019,3,0.5947071077466929,0.0,0.0,double
LV,2019,3,0.47803580094299974,0.0,0.0,zero
NE,2020,3,-0.08408311721054132,0.0,-0.0,single
SF,2020,3,-0.10354067894084033,0.0,-0.0,zero
PIT,2020,3,-0.33314444652853825,0.0,-0.0,zero
BUF,2020,3,-0.017094433359299954,0.0,-0.0,zero
BAL,2020,3,-0.1286173778220937,0.0,-0.0,zero
LA,2020,3,-0.2144098713454552,0.0,-0.0,zero
KC,2020,3,-0.03636764417087483,0.0,-0.0,zero
MIN,2020,3,-0.45198512374305727,0.0,-0.0,single
CHI,2020,3,-0.5549968420791281,0.0688128087208312,-0.03819089153465641,single
NO,2020,3,0.12405264866997882,0.0,0.0,zero
TB,2020,3,0.0,0.0,0.0,single
NYJ,2020,3,0.17904823144898563,0.017350283841049013,0.003106537636877739,single
CLE,2020,3,-0.020202707317519466,0.06085458869843353,-0.0012294274444024805,single
CAR,2020,3,-0.28090238546640206,0.024642426331207997,-0.0069221163401164045,single
GB,2020,3,-0.23361485118150507,0.0,-0.0,zero
TEN,2020,3,-0.26662866325394874,0.050955917206509715,-0.013586308089650572,single
DAL,2020,3,0.24889604741662438,0.008163595215001616,0.00203188658172317,single
DEN,2020,3,0.2186892009648295,0.0,0.0,single
PHI,2020,3,0.3429447511268303,0.0,0.0,zero
SEA,2020,3,-0.09763846956391606,0.0,-0.0,zero
LAC,2020,3,0.17435338714477755,0.0,0.0,zero
IND,2020,3,0.0,0.07651715039577836,0.0,single
WAS,2020,3,0.2814124594381855,0.0,0.0,zero
JAX,2020,3,0.14310084364067344,0.0,0.0,single
ATL,2020,3,-0.1112256351102245,0.08512508992086963,-0.009468092190263695,single
HOU,2020,3,0.07796154146971171,0.0,0.0,zero
NYG,2020,3,0.2666286632539488,0.09090909090909091,0.02423896938672262,single
DET,2020,3,-0.05884050002293335,0.0,-0.0,single
MIA,2020,3,0.21130909366720713,0.04154826818216727,0.008779526893015824,single
LV,2020,3,-0.03077165866675366,0.0,-0.0,single
CIN,2020,3,0.3184537311185346,0.0,0.0,zero
ARI,2020,3,0.43721380642274466,0.0,0.0,zero
LA,2021,3,-0.3429447511268303,0.0,-0.0,zero
PIT,2021,3,-0.3496737484797488,0.0,-0.0,zero
WAS,2021,3,-0.6603573577369546,0.06158798283261802,-0.04067007761169656,single
BAL,2021,3,0.049596941139372186,0.08322944929236635,0.004127926097615856,zero
NO,2021,3,-0.03509131981127017,0.0,-0.0,single
TB,2021,3,-0.4595323293784404,0.0,-0.0,zero
GB,2021,3,-0.3364722366212129,0.0,-0.0,single
SF,2021,3,0.05310982531394854,0.0,0.0,zero
ARI,2021,3,-0.4626235219481131,0.0,-0.0,single
BUF,2021,3,0.0727593542824283,0.0,0.0,zero
NYG,2021,3,-0.05942342047080088,0.0,-0.0,single
LAC,2021,3,-0.3764775712349121,0.018244191486043972,-0.0068685288998104966,single
KC,2021,3,0.16551443847757333,0.0,0.0,zero
SEA,2021,3,-0.25423413838424075,0.0,-0.0,single
CLE,2021,3,0.22314355131420976,0.048222073129822206,0.010760444649922058,single
CHI,2021,3,0.1388364448542159,0.0,0.0,zero
IND,2021,3,0.021506205220963463,0.0,0.0,zero
NE,2021,3,0.1445812288111077,0.0,0.0,zero
CAR,2021,3,0.14763599880606448,0.07732497387669801,0.011415949750939154,single
TEN,2021,3,-0.09763846956391606,0.0,-0.0,single
DAL,2021,3,0.2326222952687535,0.0,0.0,single
MIA,2021,3,0.11506932978478729,0.0729665071770335,0.008396207077598116,single
DEN,2021,3,-0.0779615414697118,0.07767705799985261,-0.006055823178500719,single
PHI,2021,3,0.050010420574661416,0.0,0.0,zero
LV,2021,3,0.3697470255060852,0.0,0.0,single
NYJ,2021,3,0.49995595152908684,0.0,0.0,zero
CIN,2021,3,-0.08701137698962969,0.0,-0.0,zero
MIN,2021,3,0.25131442828090617,0.0,0.0,zero
HOU,2021,3,0.21130909366720713,0.0,0.0,zero
ATL,2021,3,0.3746934494414107,0.013233131841202417,0.0049583678164931,single
JAX,2021,3,0.44628710262841953,0.13271511097598054,0.05922904235247951,single
DET,2021,3,0.03174869831458027,0.013894279282775751,0.00044112528124737007,zero
PIT,2013,4,-0.19530875232076586,0.0,-0.0,zero
SEA,2013,4,-0.3496737484797488,0.0,-0.0,zero
CHI,2013,4,-0.380772495517793,0.0,-0.0,zero
DEN,2013,4,0.049596941139372186,0.0,0.0,single
ARI,2013,4,0.01709443335930004,0.0903862660944206,0.0015451020023470338,single
GB,2013,4,-0.40546510810816444,0.0,-0.0,zero
LA,2013,4,-0.05505977718302731,0.0,-0.0,zero
SF,2013,4,-0.5733459807473247,0.0,-0.0,single
NYJ,2013,4,-0.3780661339200499,0.0,-0.0,single
HOU,2013,4,0.1405819506211894,0.0,0.0,single
CIN,2013,4,0.109199291964992,0.04585118197683643,0.0050069166076285405,zero
CLE,2013,4,-0.40546510810816444,0.0,-0.0,double
CAR,2013,4,-0.08338160893905101,0.0,-0.0,zero
LAC,2013,4,-0.020619287202735703,0.0,-0.0,zero
MIN,2013,4,0.22314355131420976,0.08308485776452575,0.01853985022201227,single
BUF,2013,4,0.0,0.0,0.0,zero
BAL,2013,4,0.1786917887433759,0.0,0.0,single
DET,2013,4,-0.3101549283038396,0.08884435537742151,-0.027555514672285016,single
WAS,2013,4,-0.0953101798043249,0.0,-0.0,double
MIA,2013,4,0.19004360288786487,0.0,0.0,single
TEN,2013,4,0.04652001563489291,0.0,0.0,single
IND,2013,4,-0.13005312824819792,0.0,-0.0,zero
JAX,2013,4,0.3364722366212129,0.0,0.0,double
ATL,2013,4,0.24846135929849955,0.1693913577404252,0.04208720699760446,double
NYG,2013,4,0.25423413838424086,0.0,0.0,zero
PHI,2013,4,0.1267517056391438,0.0,0.0,zero
NE,2013,4,0.40546510810816455,0.0,0.0,single
DAL,2013,4,0.25131442828090617,0.0,0.0,zero
TB,2013,4,0.16705408466316624,0.0,0.0,single
KC,2013,4,0.5773153650348237,0.0,0.0,zero
NO,2013,4,0.12136085700426734,0.0,0.0,single
SEA,2014,4,-0.06669137449867216,0.0,-0.0,zero
CIN,2014,4,-0.10354067894084033,0.05435220227071423,-0.005627663925039635,single
BUF,2014,4,-0.1431008436406733,0.0,-0.0,zero
ARI,2014,4,-0.05218575317057019,0.031716265796983285,-0.0016551372183735674,single
CLE,2014,4,-0.47692407209030946,0.0,-0.0,single
NYG,2014,4,-0.40546510810816444,0.0,-0.0,zero
SF,2014,4,-0.3364722366212129,0.0,-0.0,single
CAR,2014,4,-0.2696635669491026,0.0,-0.0,zero
NO,2014,4,-0.1823215567939546,0.0,-0.0,single
PIT,2014,4,-0.03846628082779617,0.0,-0.0,zero
MIA,2014,4,-0.34032580593720285,0.0,-0.0,zero
BAL,2014,4,0.14571181118139379,0.0,0.0,single
HOU,2014,4,-0.35667494393873245,0.0,-0.0,zero
TB,2014,4,-0.4260843953109,0.0,-0.0,zero
NE,2014,4,-0.15762894420358317,0.0,-0.0,zero
DET,2014,4,0.0,0.0,0.0,zero
KC,2014,4,-0.06744128079553253,0.0,-0.0,single
NYJ,2014,4,-0.14310084364067344,0.0,-0.0,double
TEN,2014,4,0.1861022796338607,0.0,0.0,zero
DEN,2014,4,0.02298951822469878,0.07814345991561182,0.0017964804958709767,single
PHI,2014,4,0.3053816495511819,0.0,0.0,zero
IND,2014,4,-0.27958486221916157,0.0,-0.0,zero
LA,2014,4,0.30010459245033816,0.0,0.0,zero
MIN,2014,4,0.43078291609245434,0.0,0.0,zero
CHI,2014,4,0.2744368457017602,0.0877435064935065,0.024080051152889838,single
GB,2014,4,-0.08455738802806312,0.0,-0.0,single
LAC,2014,4,0.5273549257172013,0.0,0.0,zero
WAS,2014,4,0.31585294941847725,0.0,0.0,zero
ATL,2014,4,0.3022808718729337,0.0,0.0,single
JAX,2014,4,0.6306268235786113,0.0,0.0,zero
DAL,2014,4,0.4578330936254803,0.0,0.0,zero
BUF,2015,4,-0.01626052087178029,0.0,-0.0,single
DEN,2015,4,-0.30421137440299145,0.0,-0.0,zero
SEA,2015,4,-0.40546510810816444,0.0,-0.0,zero
KC,2015,4,-0.20633643299782845,0.0,-0.0,single
HOU,2015,4,-0.14842000511827333,0.0,-0.0,single
SF,2015,4,-0.2818511521409877,0.0,-0.0,single
CLE,2015,4,0.0,0.0,0.0,zero
GB,2015,4,-0.29376111852816306,0.0,-0.0,double
DET,2015,4,-0.325422400434628,0.0,-0.0,single
MIA,2015,4,-0.4439313889359605,0.0,-0.0,zero
CIN,2015,4,-0.4547361571149472,0.0,-0.0,zero
CAR,2015,4,-0.29423947299793995,0.0,-0.0,zero
IND,2015,4,0.0769610411361284,0.0,0.0,single
NE,2015,4,0.07847161544149531,0.0,0.0,single
MIN,2015,4,0.18924199963852853,0.06633300963621423,0.012552991385598964,single
BAL,2015,4,0.24419696051204215,0.0,0.0,zero
TEN,2015,4,0.1786917887433759,0.0,0.0,zero
LAC,2015,4,0.125163142954006,0.0,0.0,zero
NYJ,2015,4,0.0,0.0,0.0,zero
DAL,2015,4,0.06744128079553248,0.0774166314900802,0.00522107678256676,single
LA,2015,4,0.0,0.0,0.0,zero
ARI,2015,4,0.3294792011302424,0.0,0.0,zero
NYG,2015,4,-0.13353139262452274,0.0,-0.0,single
TB,2015,4,-0.19782574332991992,0.0,-0.0,zero
PHI,2015,4,-0.026668247082161294,0.0,-0.0,single
NO,2015,4,-0.027398974188114614,0.0,-0.0,zero
PIT,2015,4,0.3677247801253175,0.0,0.0,single
JAX,2015,4,0.5221893824163057,0.0,0.0,zero
WAS,2015,4,0.3953127366441464,0.0,0.0,zero
CHI,2015,4,0.661398482245365,0.0,0.0,zero
ATL,2015,4,0.4161603972249123,0.0,0.0,single
KC,2016,4,-0.10178269430994236,0.0,-0.0,single
CAR,2016,4,-0.21905356606268464,0.0,-0.0,double
CIN,2016,4,-0.6286086594223742,0.07599931377594785,-0.04777382674971895,single
DEN,2016,4,-0.2708749541353996,0.09091668755744965,-0.02462705357226663,single
HOU,2016,4,-0.44952509790219497,0.0,-0.0,zero
SEA,2016,4,-0.2818511521409877,0.0,-0.0,zero
GB,2016,4,-0.15415067982725836,0.0,-0.0,zero
NYJ,2016,4,-0.07550755250814517,0.0,-0.0,zero
PIT,2016,4,0.10536051565782635,0.004728328494400664,0.0004981791283696477,double
MIN,2016,4,0.037041271680349076,0.0,0.0,single
NE,2016,4,0.1758906664636642,0.0,0.0,single
ARI,2016,4,-0.4978384282391794,0.0,-0.0,single
LV,2016,4,-0.4155154439616658,0.0,-0.0,zero
PHI,2016,4,-0.10763066419236533,0.0,-0.0,zero
LA,2016,4,0.17185025692665942,0.0,0.0,zero
BUF,2016,4,0.2273898421956608,0.0,0.0,zero
ATL,2016,4,-0.19105523676270922,0.07712341426531126,-0.014734832172407548,single
BAL,2016,4,0.25378052077609964,0.0,0.0,zero
TEN,2016,4,0.06595796779179737,0.08959692898272553,0.005909631356086567,zero
TB,2016,4,0.19004360288786487,0.0,0.0,single
IND,2016,4,-0.02409755157906064,0.0,-0.0,single
CHI,2016,4,0.2754119798599666,0.0,0.0,zero
JAX,2016,4,-0.025317807984289897,0.0,-0.0,single
WAS,2016,4,0.025317807984289786,0.07854297097324986,0.0019885358576163864,single
MIA,2016,4,-0.1112256351102245,0.08230742173760112,-0.009154695257049783,single
LAC,2016,4,0.1267517056391438,0.0,0.0,zero
DAL,2016,4,0.2451224580329851,0.0,0.0,zero
DET,2016,4,0.0,0.0,0.0,zero
NYG,2016,4,0.05715841383994862,0.0,0.0,double
CLE,2016,4,0.4155154439616658,0.0,0.0,zero
SF,2016,4,0.6451379613735847,0.0,0.0,single
NO,2016,4,0.5363047090669756,0.0,0.0,single
DEN,2017,4,-0.4382549309311553,0.0,-0.0,zero
HOU,2017,4,-0.5845133395571499,0.0,-0.0,zero
MIN,2017,4,-0.5389965007326871,0.0,-0.0,zero
ARI,2017,4,-0.08855339734144495,0.08561020036429873,-0.0075810740893404605,single
CIN,2017,4,-0.47692407209030946,0.0,-0.0,zero
KC,2017,4,-0.13102826240640428,0.0,-0.0,zero
JAX,2017,4,-0.5596157879354228,0.0,-0.0,zero
BAL,2017,4,0.07020425867324856,0.06265181338470559,0.004398424113207967,single
NE,2017,4,-0.1823215567939546,0.0,-0.0,zero
LA,2017,4,0.15684247149296968,0.0,0.0,single
MIA,2017,4,-0.23767165187711958,0.0,-0.0,single
PIT,2017,4,0.17904823144898563,0.08516138562670802,0.015247995484207136,single
ATL,2017,4,-0.4155154439616658,0.0,-0.0,zero
NYG,2017,4,0.059423420470800806,0.0,0.0,zero
LAC,2017,4,0.06062462181643484,0.0,0.0,zero
BUF,2017,4,0.12014431184206321,0.04698588182565175,0.005645086438235434,single
CAR,2017,4,-0.04445176257083381,0.0,-0.0,zero
DAL,2017,4,-0.06899287148695143,0.06300508829691709,-0.0043469019598932285,double
TEN,2017,4,-0.02298951822469872,0.0,-0.0,single
SEA,2017,4,0.13062018241706402,0.0,0.0,single
PHI,2017,4,-0.07410797215372196,0.0,-0.0,double
CHI,2017,4,0.1365755350057509,0.0,0.0,single
WAS,2017,4,0.4054651081081644,0.0,0.0,single
TB,2017,4,0.3794896217049038,0.0,0.0,single
GB,2017,4,0.38776553100876343,0.0,0.0,double
NYJ,2017,4,0.0,0.027735330073349634,0.0,double
IND,2017,4,0.2451224580329851,0.0,0.0,double
NO,2017,4,0.5050949490570058,0.0,0.0,double
CLE,2017,4,0.3448404862917296,0.0,0.0,single
DET,2017,4,-0.06252035698133393,0.0,-0.0,single
LV,2017,4,0.17185025692665923,0.0,0.0,zero
SF,2017,4,0.5733459807473247,0.0,0.0,single
JAX,2018,4,-0.6007738604289302,0.0,-0.0,single
LAC,2018,4,-0.3973017974690035,0.07399577167019028,-0.02939865308967257,single
MIN,2018,4,-0.31015492830383945,0.0,-0.0,single
BAL,2018,4,-0.6118015411059929,0.0,-0.0,zero
SEA,2018,4,-0.4228568508200336,0.0,-0.0,zero
PHI,2018,4,-0.1112256351102245,0.0,-0.0,single
ARI,2018,4,-0.21868920096482944,0.0,-0.0,zero
CIN,2018,4,-0.2696635669491026,0.0892253417609878,-0.02406082392152069,single
LA,2018,4,0.03636764417087479,0.0,0.0,zero
TEN,2018,4,-0.1416505170630268,0.0,-0.0,single
BUF,2018,4,0.1758906664636642,0.0,0.0,zero
PIT,2018,4,-0.04000533461369913,0.07571355323876261,-0.0030289460321088215,single
CHI,2018,4,-0.2484613592984996,0.0,-0.0,zero
DAL,2018,4,0.11551288712184443,0.0,0.0,zero
WAS,2018,4,-0.28768207245178107,0.0,-0.0,zero
DET,2018,4,-0.3536400402435783,0.011204481792717087,-0.0039623533920849115,single
ATL,2018,4,-0.21772348384487053,0.028282009724473256,-0.006157657687346824,single
NO,2018,4,0.1823215567939546,0.0,0.0,zero
DEN,2018,4,0.16705408466316624,0.0,0.0,zero
KC,2018,4,-0.07232066157962626,0.0,-0.0,zero
CAR,2018,4,0.1124779834266901,0.034759358288770054,0.003909662525526662,double
NE,2018,4,0.39730179746900346,0.0,0.0,single
SF,2018,4,0.07232066157962629,0.0,0.0,zero
NYJ,2018,4,-0.22957444164450025,0.0,-0.0,zero
NYG,2018,4,0.4054651081081644,0.0,0.0,zero
MIA,2018,4,0.26028309826366636,0.0,0.0,single
CLE,2018,4,0.49401850544960957,0.06243218429179534,0.030842654375787325,single
HOU,2018,4,0.0,0.0,0.0,single
GB,2018,4,0.5679840376059394,0.0,0.0,double
LV,2018,4,0.4155154439616658,0.0,0.0,zero
TB,2018,4,0.5947071077466929,0.0,0.0,single
IND,2018,4,0.5363047090669756,0.0,0.0,zero
CHI,2019,4,-0.6931471805599453,0.0,-0.0,single
BUF,2019,4,-0.050430853626891856,0.0,-0.0,zero
BAL,2019,4,-0.16251892949777508,0.0,-0.0,zero
JAX,2019,4,-0.2708749541353996,0.0,-0.0,zero
MIN,2019,4,-0.5050949490570059,0.0,-0.0,zero
ARI,2019,4,-0.17185025692665928,0.0,-0.0,single
CLE,2019,4,-0.13353139262452263,0.0,-0.0,double
TEN,2019,4,-0.4238142467763611,0.0,-0.0,zero
IND,2019,4,-0.2754119798599667,0.0,-0.0,single
NE,2019,4,0.0727593542824283,0.0,0.0,single
PIT,2019,4,-0.19004360288786487,0.0,-0.0,single
LAC,2019,4,-0.019802627296179643,0.0,-0.0,single
HOU,2019,4,-0.2231435513142097,0.0,-0.0,single
WAS,2019,4,0.07847161544149531,0.0,0.0,zero
KC,2019,4,0.11778303565638346,0.0,0.0,single
ATL,2019,4,-0.3237870770938973,0.0,-0.0,single
DAL,2019,4,0.24889604741662438,0.0,0.0,zero
DEN,2019,4,0.2186892009648295,0.0,0.0,zero
NYJ,2019,4,0.32668423025505,0.0,0.0,zero
SF,2019,4,0.24613306953890837,0.0,0.0,zero
LA,2019,4,0.09097177820572659,0.0,0.0,double
GB,2019,4,-0.07598590697792199,0.0,-0.0,single
SEA,2019,4,-0.025317807984289897,0.0,-0.0,single
DET,2019,4,-0.1670540846631662,0.013849431818181818,-0.0023136041554912934,single
CAR,2019,4,-0.026668247082161294,0.0,-0.0,zero
PHI,2019,4,0.5162164724008671,0.0,0.0,zero
NO,2019,4,0.5108256237659908,0.0,0.0,double
NYG,2019,4,0.294799540220645,0.0,0.0,single
MIA,2019,4,0.21130909366720713,0.0,0.0,zero
CIN,2019,4,0.287682072451781,0.0,0.0,zero
TB,2019,4,0.4855078157817008,0.0,0.0,double
LV,2019,4,0.03174869831458027,0.0,0.0,zero
NE,2020,4,-0.17589066646366416,0.0,-0.0,single
SF,2020,4,-0.050430853626891856,0.0,-0.0,zero
PIT,2020,4,-0.33314444652853825,0.0,-0.0,zero
BUF,2020,4,-0.0344861760711692,0.0,-0.0,zero
BAL,2020,4,0.06669137449867214,0.0,0.0,zero
LA,2020,4,-0.258861633916289,0.0,-0.0,zero
KC,2020,4,0.05218575317057025,0.0,0.0,zero
MIN,2020,4,-0.2006706954621511,0.0,-0.0,single
CHI,2020,4,0.0,0.08785221758746914,0.0,single
NO,2020,4,0.05505977718302739,0.0,0.0,zero
TB,2020,4,-0.36772478012531756,0.0,-0.0,single
NYJ,2020,4,0.17904823144898563,0.020669992872416252,0.0037009256678692684,single
CLE,2020,4,0.1823215567939548,0.08210332103321033,0.01496920530872876,single
CAR,2020,4,0.040005334613699206,0.0,0.0,single
GB,2020,4,-0.1823215567939546,0.0,-0.0,zero
TEN,2020,4,-0.1865859555804122,0.0,-0.0,single
DAL,2020,4,0.14165051706302684,0.056415746993905454,0.007991319732183609,single
DEN,2020,4,-0.19574457712609536,0.0,-0.0,single
PHI,2020,4,-0.07061756721395342,0.0,-0.0,zero
SEA,2020,4,-0.12361395596717677,0.0,-0.0,zero
LAC,2020,4,-0.18232155679395484,0.0,-0.0,zero
IND,2020,4,0.1365755350057509,0.08516829191569676,0.011631905033912255,single
WAS,2020,4,-0.25489224962879004,0.0,-0.0,zero
JAX,2020,4,0.24846135929849955,0.0,0.0,single
ATL,2020,4,0.2336148511815051,0.0886293089364483,0.02070512281750801,single
HOU,2020,4,0.1267517056391438,0.0,0.0,zero
NYG,2020,4,0.30830135965451666,0.0,0.0,single
DET,2020,4,-0.08961215868968704,0.0,-0.0,single
MIA,2020,4,0.3022808718729337,0.0,0.0,single
LV,2020,4,0.5108256237659907,0.0,0.0,single
CIN,2020,4,0.030771658666753687,0.0,0.0,zero
ARI,2020,4,0.09237332013101507,0.0,0.0,zero
PIT,2013,5,-0.19530875232076586,0.0,-0.0,zero
SEA,2013,5,-0.050430853626891856,0.0,-0.0,zero
CHI,2013,5,-0.1823215567939547,0.0,-0.0,zero
DEN,2013,5,-0.29334780998745813,0.0,-0.0,single
ARI,2013,5,-0.03509131981127017,0.0,-0.0,single
GB,2013,5,-0.516690743218389,0.0,-0.0,zero
LA,2013,5,-0.03636764417087483,0.0,-0.0,zero
SF,2013,5,-0.3184537311185346,0.0,-0.0,single
NYJ,2013,5,-0.325422400434628,0.0,-0.0,single
HOU,2013,5,-0.41494385206270823,0.0,-0.0,single
CIN,2013,5,0.05608946665104358,0.08011917223608986,0.004493841639245379,zero
CLE,2013,5,-0.34830669426821587,0.0,-0.0,double
CAR,2013,5,-0.17435338714477766,0.0,-0.0,zero
LAC,2013,5,0.21905356606268467,0.0,0.0,zero
MIN,2013,5,0.22314355131420976,0.06737247353224254,0.015033733004807204,single
BUF,2013,5,0.10109611687136881,0.0,0.0,zero
BAL,2013,5,0.24889604741662438,0.0,0.0,single
DET,2013,5,0.04348511193973889,0.08061544131195872,0.0035055714895219758,single
WAS,2013,5,0.08701137698962969,0.0,0.0,double
MIA,2013,5,-0.150282203049338,0.0,-0.0,single
TEN,2013,5,0.2326222952687535,0.0,0.0,single
IND,2013,5,-0.27958486221916157,0.0,-0.0,zero
JAX,2013,5,0.4382549309311553,0.0,0.0,double
ATL,2013,5,0.1650797503594486,0.167998667998668,0.027733178173940002,double
NYG,2013,5,0.0,0.0,0.0,zero
PHI,2013,5,0.43213335519032575,0.0,0.0,zero
NE,2013,5,0.13005312824819795,0.0,0.0,single
DAL,2013,5,0.336472236621213,0.0,0.0,zero
TB,2013,5,-0.03077165866675366,0.0,-0.0,single
KC,2013,5,0.29546421289383606,0.0,0.0,zero
NO,2013,5,0.3726752852851735,0.0,0.0,single
SEA,2014,5,-0.4382549309311553,0.0,-0.0,zero
CIN,2014,5,-0.6143663027068311,0.04193192428486546,-0.025761561288275576,single
BUF,2014,5,0.016529301951210506,0.0,0.0,zero
ARI,2014,5,-0.0344861760711692,0.0,-0.0,single
CLE,2014,5,-0.03509131981127017,0.0,-0.0,single
NYG,2014,5,-0.48770320634513664,0.0,-0.0,zero
SF,2014,5,-0.26415157504158676,0.0,-0.0,single
CAR,2014,5,-0.3697470255060851,0.0,-0.0,zero
NO,2014,5,-0.40546510810816444,0.0,-0.0,single
PIT,2014,5,-0.019048194970694474,0.0,-0.0,zero
MIA,2014,5,-0.42488319396526614,0.0,-0.0,zero
BAL,2014,5,0.16251892949777494,0.0,0.0,single
HOU,2014,5,0.0,0.0,0.0,zero
TB,2014,5,-0.4260843953109,0.0,-0.0,zero
NE,2014,5,0.09909090264423097,0.0,0.0,zero
DET,2014,5,-0.1865859555804122,0.0,-0.0,zero
KC,2014,5,0.0425596144187959,0.0,0.0,single
NYJ,2014,5,-0.02247285585205863,0.0,-0.0,double
TEN,2014,5,0.22314355131420976,0.0,0.0,zero
DEN,2014,5,0.0454623740767572,0.0,0.0,single
PHI,2014,5,-0.1267517056391439,0.0,-0.0,zero
IND,2014,5,0.2754119798599666,0.0,0.0,zero
LA,2014,5,0.04879016416943204,0.0,0.0,zero
MIN,2014,5,0.39688136441677296,0.0,0.0,zero
CHI,2014,5,0.4895482253187058,0.09058584490348798,0.04434613961149807,single
GB,2014,5,0.10265415406008337,0.0,0.0,single
LAC,2014,5,0.3483066942682158,0.0,0.0,zero
WAS,2014,5,0.336472236621213,0.0,0.0,zero
ATL,2014,5,0.3237870770938973,0.0,0.0,single
JAX,2014,5,0.5810298824392391,0.0,0.0,zero
DAL,2014,5,0.39465419200394874,0.0,0.0,zero
BUF,2015,5,-0.04959694113937218,0.0,-0.0,single
DEN,2015,5,-0.30421137440299145,0.0,-0.0,zero
SEA,2015,5,-0.33314444652853825,0.0,-0.0,zero
KC,2015,5,-0.05218575317057019,0.0,-0.0,single
HOU,2015,5,-0.44952509790219497,0.0,-0.0,single
SF,2015,5,0.06782259633876109,0.0,0.0,single
CLE,2015,5,-0.11332868530700324,0.0,-0.0,zero
GB,2015,5,-0.13613217432458005,0.0,-0.0,double
DET,2015,5,-0.4336359850748609,0.0,-0.0,single
MIA,2015,5,-0.4439313889359605,0.0,-0.0,zero
CIN,2015,5,-0.48550781578170094,0.0,-0.0,zero
CAR,2015,5,-0.04000533461369913,0.0,-0.0,zero
IND,2015,5,-0.19845093872383818,0.0,-0.0,single
NE,2015,5,0.235314086934465,0.0,0.0,single
MIN,2015,5,0.1361321743245799,0.0,0.0,single
BAL,2015,5,0.21029540883636075,0.0,0.0,zero
TEN,2015,5,0.021506205220963463,0.0,0.0,zero
LAC,2015,5,-0.06899287148695143,0.0,-0.0,zero
NYJ,2015,5,0.14763599880606448,0.0,0.0,zero
DAL,2015,5,0.06744128079553248,0.0,0.0,single
LA,2015,5,0.3053816495511819,0.0,0.0,zero
ARI,2015,5,-0.27958486221916157,0.0,-0.0,zero
NYG,2015,5,-0.1053605156578264,0.0,-0.0,single
TB,2015,5,0.287682072451781,0.0,0.0,zero
PHI,2015,5,0.14660347419187544,0.0,0.0,single
NO,2015,5,0.3593740009078974,0.0,0.0,zero
PIT,2015,5,0.5108256237659908,0.0,0.0,single
JAX,2015,5,0.10821358464023279,0.0,0.0,zero
LV,2015,5,-0.02985296314968116,0.0,-0.0,zero
WAS,2015,5,0.1923718926474561,0.0,0.0,zero
CHI,2015,5,0.5232481437645479,0.0,0.0,zero
ATL,2015,5,0.20359895524123955,0.0,0.0,single
KC,2016,5,-0.21511137961694557,0.0,-0.0,single
CAR,2016,5,-0.32668423025505006,0.0,-0.0,double
CIN,2016,5,-0.5108256237659909,0.0,-0.0,single
DEN,2016,5,-0.388657989791783,0.09040867389491243,-0.03513805345573751,single
HOU,2016,5,-0.534082485930258,0.0,-0.0,zero
SEA,2016,5,-0.15123096972392366,0.0,-0.0,zero
GB,2016,5,0.0,0.0,0.0,zero
NYJ,2016,5,-0.3964152725882465,0.0,-0.0,zero
PIT,2016,5,0.12188981760903679,0.0,0.0,double
MIN,2016,5,-0.41494385206270823,0.05193045834274102,-0.021548224424118963,single
NE,2016,5,-0.14458122881110755,0.0,-0.0,single
ARI,2016,5,0.05715841383994862,0.0,0.0,single
LV,2016,5,-0.2744368457017603,0.0,-0.0,zero
PHI,2016,5,-0.2282586519809802,0.0,-0.0,zero
LA,2016,5,0.2559333741372007,0.0,0.0,zero
BUF,2016,5,0.12014431184206321,0.0,0.0,zero
ATL,2016,5,-0.3321338350226148,0.0,-0.0,single
BAL,2016,5,0.2708749541353995,0.0,0.0,zero
TEN,2016,5,-0.02298951822469872,0.08798367475080449,-0.002022702294159584,zero
TB,2016,5,0.28185115214098766,0.0,0.0,single
IND,2016,5,0.09097177820572659,0.0,0.0,single
CHI,2016,5,0.1365755350057509,0.0,0.0,zero
JAX,2016,5,-0.2231435513142097,0.0,-0.0,single
WAS,2016,5,0.43078291609245434,0.08245052147491172,0.035518276074306,single
MIA,2016,5,0.07598590697792205,0.08285552773964305,0.0062958524234311575,single
LAC,2016,5,0.32090772008010127,0.0,0.0,zero
DAL,2016,5,0.15415067982725855,0.0,0.0,zero
DET,2016,5,-0.12136085700426735,0.0,-0.0,zero
NYG,2016,5,0.424883193965266,0.0,0.0,double
CLE,2016,5,0.3746934494414107,0.0,0.0,zero
SF,2016,5,0.5415972824327444,0.0,0.0,single
NO,2016,5,0.6264558060612732,0.0,0.0,single
DEN,2017,5,-0.17589066646366416,0.0,-0.0,zero
HOU,2017,5,-0.5555258026838976,0.0,-0.0,zero
MIN,2017,5,-0.31015492830383945,0.0,-0.0,zero
ARI,2017,5,-0.2708749541353996,0.07923385446508963,-0.021462466694202077,single
CIN,2017,5,-0.322773392263051,0.0,-0.0,zero
KC,2017,5,-0.3541718137206139,0.0,-0.0,zero
JAX,2017,5,-0.4989911661189879,0.0,-0.0,zero
BAL,2017,5,-0.5415972824327444,0.0875572398547292,-0.047420763162633314,single
NE,2017,5,0.12188981760903679,0.0,0.0,zero
LA,2017,5,0.05505977718302739,0.0,0.0,single
MIA,2017,5,-0.0800427076735365,0.0,-0.0,single
PIT,2017,5,-0.04000533461369913,0.07955904973508802,-0.0031827864062001277,single
ATL,2017,5,-0.3011050927839215,0.0,-0.0,zero
NYG,2017,5,0.1512309697239237,0.0,0.0,zero
LAC,2017,5,-0.15762894420358317,0.0,-0.0,zero
BUF,2017,5,0.2769867833350329,0.03424449506454062,0.009485272534859517,single
CAR,2017,5,0.021506205220963463,0.0,0.0,zero
DAL,2017,5,0.20067069546215105,0.022189452987851976,0.0044527729629969615,double
TEN,2017,5,0.044451762570833796,0.0,0.0,single
SEA,2017,5,-0.12361395596717677,0.0,-0.0,single
PHI,2017,5,0.1941560144409572,0.0,0.0,double
CHI,2017,5,-0.050010420574661305,0.0,-0.0,single
WAS,2017,5,-0.1053605156578264,0.0,-0.0,single
TB,2017,5,0.39688136441677296,0.0,0.0,single
GB,2017,5,0.4567584024957149,0.0,0.0,double
NYJ,2017,5,-0.17693070815907821,0.0,-0.0,double
IND,2017,5,0.38677297509601205,0.0,0.0,double
NO,2017,5,0.43363598507486073,0.0,0.0,double
CLE,2017,5,0.5511769192895581,0.0,0.0,single
DET,2017,5,0.0,0.0,0.0,single
LV,2017,5,0.44628710262841953,0.0,0.0,zero
SF,2017,5,0.3272129112084162,0.0,0.0,single
JAX,2018,5,-0.32047189527477177,0.0,-0.0,single
LAC,2018,5,-0.1988508587451653,0.0790719696969697,-0.015723529076914114,single
MIN,2018,5,-0.5389965007326871,0.0,-0.0,single
BAL,2018,5,-0.14571181118139365,0.0,-0.0,zero
SEA,2018,5,-0.3968813644167731,0.0,-0.0,zero
PHI,2018,5,0.08408311721054125,0.0,0.0,single
ARI,2018,5,-0.15415067982725836,0.0,-0.0,zero
CIN,2018,5,-0.2231435513142097,0.0,-0.0,single
LA,2018,5,-0.16034265007517937,0.0,-0.0,zero
TEN,2018,5,-0.38677297509601205,0.0,-0.0,single
BUF,2018,5,0.109199291964992,0.0,0.0,zero
PIT,2018,5,-0.1706255170307632,0.0,-0.0,single
CHI,2018,5,-0.4780358009429998,0.0,-0.0,zero
DAL,2018,5,0.18571714579509285,0.0,0.0,zero
WAS,2018,5,0.09909090264423097,0.0,0.0,zero
DET,2018,5,-0.3536400402435783,0.03842329545454545,-0.013588015750836353,single
ATL,2018,5,-0.3022808718729337,0.0,-0.0,single
NO,2018,5,0.28768207245178085,0.0,0.0,zero
DEN,2018,5,0.24116205681688804,0.0,0.0,zero
KC,2018,5,0.22778393087071197,0.0,0.0,zero
CAR,2018,5,-0.1267517056391439,0.07780458383594692,-0.009861863707750038,double
NE,2018,5,0.3294792011302424,0.0,0.0,single
SF,2018,5,0.3184537311185346,0.0,0.0,zero
NYJ,2018,5,0.44731221804366483,0.0,0.0,zero
NYG,2018,5,0.21256144198367288,0.0,0.0,zero
MIA,2018,5,0.1267517056391438,0.0,0.0,single
CLE,2018,5,0.30830135965451666,0.054293447059788405,0.016738743548863285,single
HOU,2018,5,0.13353139262452277,0.0,0.0,single
GB,2018,5,0.1112256351102244,0.0,0.0,double
LV,2018,5,-0.03077165866675366,0.0,-0.0,zero
TB,2018,5,0.4855078157817008,0.0,0.0,single
IND,2018,5,0.2795848622191615,0.0,0.0,zero
CHI,2019,5,-0.13815033848081718,0.0,-0.0,single
BUF,2019,5,-0.06782259633876106,0.0,-0.0,zero
BAL,2019,5,0.032789822822990755,0.0,0.0,zero
JAX,2019,5,-0.16551443847757344,0.0,-0.0,zero
MIN,2019,5,-0.2537805207760996,0.0,-0.0,zero
ARI,2019,5,-0.516690743218389,0.0,-0.0,single
CLE,2019,5,0.06899287148695142,0.0,0.0,double
TEN,2019,5,-0.3437715391028245,0.0,-0.0,zero
IND,2019,5,-0.1388364448542158,0.0,-0.0,single
NE,2019,5,-0.019048194970694474,0.0,-0.0,single
PIT,2019,5,-0.19004360288786487,0.0,-0.0,single
LAC,2019,5,-0.3764775712349121,0.0,-0.0,single
HOU,2019,5,-0.17435338714477766,0.0,-0.0,single
WAS,2019,5,-0.4578330936254803,0.0,-0.0,zero
KC,2019,5,0.2063364329978284,0.0,0.0,single
ATL,2019,5,0.021053409197832263,0.0,0.0,single
DAL,2019,5,0.14165051706302684,0.0,0.0,zero
DEN,2019,5,-0.19574457712609536,0.0,-0.0,zero
NYJ,2019,5,0.32668423025505,0.0,0.0,zero
SF,2019,5,0.2992428948528569,0.0,0.0,zero
LA,2019,5,0.04652001563489291,0.0,0.0,double
GB,2019,5,-0.02469261259037152,0.0,-0.0,single
SEA,2019,5,-0.05129329438755046,0.0,-0.0,single
DET,2019,5,-0.19782574332991992,0.0,-0.0,single
CAR,2019,5,0.29423947299793995,0.0,0.0,zero
PHI,2019,5,0.10265415406008337,0.0,0.0,zero
NO,2019,5,0.4418327522790394,0.0,0.0,double
NYG,2019,5,0.336472236621213,0.0,0.0,single
MIA,2019,5,0.3022808718729337,0.0,0.0,zero
CIN,2019,5,0.0,0.0,0.0,zero
TB,2019,5,0.11778303565638346,0.0,0.0,double
LV,2019,5,0.5733459807473247,0.0,0.0,zero
