draft_year,team,k,ewii,snap_share,DCI,grp
2013,ARI,1,0.01709443335930004,0.0357913237996325,0.0006118323995339472,single
2013,ATL,1,-0.13720112151348515,0.1421136573491144,-0.01949815317068164,double
2013,BAL,1,0.10318423623523061,0.05036398752042787,0.005196769586056036,single
2013,BUF,1,0.24419696051204215,0.0,0.0,zero
2013,CAR,1,0.09531017980432493,0.0,0.0,zero
2013,CHI,1,-0.456758402495715,0.0,-0.0,zero
2013,CIN,1,0.15963014559188393,0.0020507367461643626,0.0003273594053608435,zero
2013,CLE,1,0.12861737782209373,0.0,0.0,double
2013,DAL,1,-0.12136085700426735,0.08660924040720439,-0.010510971640306946,zero
2013,DEN,1,-0.31633732821215693,0.01023219205037387,-0.0032368242949689418,single
2013,DET,1,0.04348511193973889,0.08812417871222077,0.003832089775898475,single
2013,GB,1,-0.4321333551903257,0.0,-0.0,zero
2013,HOU,1,-0.05826890812397588,0.08198307134220073,-0.004777064051760054,single
2013,IND,1,0.0,0.0,0.0,zero
2013,JAX,1,-0.19237189264745613,0.1489637305699482,-0.02865643478556665,double
2013,KC,1,0.3629054936893685,0.0,0.0,zero
2013,LA,1,-0.3364722366212129,0.0,-0.0,zero
2013,LAC,1,-0.3083013596545167,0.0,-0.0,zero
2013,LV,1,-0.060624621816434736,0.047432443464772635,-0.0028755739468812624,zero
2013,MIA,1,0.19004360288786487,0.036830357142857144,0.00699937376707538,single
2013,MIN,1,-0.2076393647782445,0.08629526930510041,-0.01791829490187859,single
2013,NE,1,0.287682072451781,0.06333713308634939,0.01822095770943526,single
2013,NO,1,0.5549968420791281,0.08318478906714201,0.0461672952412822,single
2013,NYG,1,0.4054651081081644,0.0,0.0,zero
2013,NYJ,1,-0.1823215567939546,0.010371032632990612,-0.0018908628152077543,single
2013,PHI,1,0.1267517056391438,0.0,0.0,zero
2013,PIT,1,-0.1568424714929697,0.0,-0.0,zero
2013,SEA,1,0.016260520871780326,0.0,0.0,zero
2013,SF,1,0.018018505502678212,0.0763285863146926,0.0013753270525229374,single
2013,TB,1,0.3953127366441464,0.07466360354446996,0.02951547344487801,single
2013,TEN,1,0.04652001563489291,0.053305752247593284,0.0024797844279877673,single
2013,WAS,1,-0.22884157242884767,0.07949754040758959,-0.018192342151098658,double
2014,ARI,1,-0.3639653772014116,0.086793893129771,-0.03158997205175611,single
2014,ATL,1,-0.09237332013101504,0.0014747982996443133,-0.0001362320154617208,single
2014,BAL,1,-0.08167803101426713,0.005596211795092553,-0.00045708756056197705,single
2014,BUF,1,0.032789822822990755,0.0,0.0,zero
2014,CAR,1,-0.07550755250814517,0.0,-0.0,zero
2014,CHI,1,-0.17185025692665928,0.09003612016562418,-0.015472730383142085,single
2014,CIN,1,-0.15963014559188382,0.014670118459245313,-0.0023417931454995117,single
2014,CLE,1,-0.03509131981127017,0.004342916702857639,-0.0001523986789336844,single
2014,DAL,1,0.3272129112084162,0.0,0.0,zero
2014,DEN,1,0.34967374847974875,0.054126547455295736,0.018926632740960264,single
2014,DET,1,0.1388364448542159,0.0,0.0,zero
2014,GB,1,0.39641527258824644,0.09067874692874693,0.03594644018171983,single
2014,HOU,1,0.1484200051182734,0.0,0.0,zero
2014,IND,1,0.19845093872383823,0.0,0.0,zero
2014,JAX,1,0.058840500022933395,0.0,0.0,zero
2014,KC,1,0.24889604741662438,0.01256583897667419,0.0031275876537679662,single
2014,LA,1,0.04879016416943204,0.0,0.0,zero
2014,LAC,1,0.22314355131420993,0.0,0.0,zero
2014,LV,1,0.06062462181643484,0.0,0.0,zero
2014,MIA,1,0.01904819497069441,0.0,0.0,zero
2014,MIN,1,0.20763936477824455,0.0,0.0,zero
2014,NE,1,0.02061928720273561,0.0,0.0,zero
2014,NO,1,-0.3780661339200499,0.0,-0.0,single
2014,NYG,1,-0.3541718137206139,0.0,-0.0,zero
2014,NYJ,1,-0.02247285585205863,0.0657826313052522,-0.0014783235908920522,double
2014,PHI,1,-0.10008345855698265,0.0,-0.0,zero
2014,PIT,1,-0.38677297509601205,0.0,-0.0,zero
2014,SEA,1,-0.03278982282299084,0.0,-0.0,zero
2014,SF,1,0.017699577099401075,0.05830205255171312,0.0010319216741923795,single
2014,TB,1,-0.2282586519809802,0.0,-0.0,zero
2014,TEN,1,0.044451762570833796,0.0,0.0,zero
2014,WAS,1,-0.05884050002293335,0.0,-0.0,zero
2015,ARI,1,0.21825356602001797,0.0,0.0,zero
2015,ATL,1,0.39465419200394874,0.04343971631205674,0.017143666142015505,single
2015,BAL,1,-0.04348511193973878,0.0,-0.0,zero
2015,BUF,1,-0.27698678333503296,0.06971215080241148,-0.019309344410126696,single
2015,CAR,1,0.17904823144898563,0.0,0.0,zero
2015,CHI,1,0.24783616390458127,0.0,0.0,zero
2015,CIN,1,0.14310084364067324,0.0,0.0,zero
2015,CLE,1,-0.528844129268669,0.0,-0.0,zero
2015,DAL,1,-0.17768117723745264,0.08484208817082081,-0.015074842105475196,single
2015,DEN,1,-0.033336420267591836,0.0,-0.0,zero
2015,DET,1,-0.4336359850748609,0.0,-0.0,single
2015,GB,1,0.018018505502678212,0.10431072531999412,0.0018795233781666696,double
2015,HOU,1,0.0,0.022763074984247008,0.0,single
2015,IND,1,-0.17435338714477766,0.0,-0.0,single
2015,JAX,1,0.13353139262452277,0.0,0.0,zero
2015,KC,1,0.049596941139372186,0.1656153846153846,0.008214016482543716,single
2015,LA,1,0.13353139262452257,0.0,0.0,zero
2015,LAC,1,-0.19574457712609536,0.0,-0.0,zero
2015,LV,1,0.38566248081198473,0.0,0.0,zero
2015,MIA,1,-0.33270575382573614,0.0,-0.0,zero
2015,MIN,1,0.09909090264423097,0.05085638998682477,0.005039405589021496,single
2015,NE,1,0.059423420470800806,0.0013303769401330377,7.905554829818289e-05,single
2015,NO,1,-0.17693070815907821,0.007106950944704455,-0.0012574378634983892,zero
2015,NYG,1,-0.16251892949777494,0.09053117782909931,-0.014713030106957917,single
2015,NYJ,1,0.22314355131420976,0.0,0.0,zero
2015,PHI,1,0.25423413838424086,0.0,0.0,single
2015,PIT,1,0.40546510810816455,0.0,0.0,single
2015,SEA,1,-0.05129329438755046,0.0,-0.0,zero
2015,SF,1,-0.5773153650348236,0.04853602714860705,-0.02802059423063819,single
2015,TB,1,0.09763846956391607,0.0,0.0,zero
2015,TEN,1,-0.04445176257083381,0.0,-0.0,zero
2015,WAS,1,0.16705408466316624,0.0,0.0,zero
2016,ARI,1,0.14571181118139379,8.583690987124464e-05,1.2507451603553116e-05,single
2016,ATL,1,0.083381608939051,0.09033694067081127,0.007532439459763837,single
2016,BAL,1,0.20067069546215105,0.0,0.0,zero
2016,BUF,1,0.0,0.0,0.0,zero
2016,CAR,1,-0.28223246768421634,0.15706399861997586,-0.04432855991486614,double
2016,CHI,1,0.0,0.0,0.0,zero
2016,CIN,1,-0.03390155167568134,0.05529113120736157,-0.0018744551418332456,single
2016,CLE,1,0.02985296314968113,0.0,0.0,zero
2016,DAL,1,0.22314355131420993,0.0,0.0,zero
2016,DEN,1,0.049596941139372186,0.06773421682311798,0.0033594099648976555,single
2016,DET,1,-0.05884050002293335,0.0,-0.0,zero
2016,GB,1,-0.38776553100876343,0.0,-0.0,zero
2016,HOU,1,0.050430853626891904,0.0,0.0,zero
2016,IND,1,-0.1541506798272585,0.032018247866858154,-0.004935634675553854,single
2016,JAX,1,0.3364722366212129,0.08787065902994272,0.029566037177184805,single
2016,KC,1,-0.08408311721054132,0.0,-0.0,single
2016,LA,1,0.09909090264423097,0.0,0.0,zero
2016,LAC,1,0.26028309826366636,0.0,0.0,zero
2016,LV,1,-0.4462871026284195,0.07585965526292764,-0.03385518575368271,zero
2016,MIA,1,0.3136575588550416,0.08839634941329856,0.027726183168672515,single
2016,MIN,1,0.12405264866997882,0.030864694979450397,0.0038288471625918196,single
2016,NE,1,0.0377403279828469,0.0,0.0,single
2016,NO,1,0.12136085700426734,0.07039508209011171,0.008543207491341707,single
2016,NYG,1,0.36545977349446523,0.1413016580054442,0.051640071929062024,double
2016,NYJ,1,-0.3964152725882465,0.0,-0.0,zero
2016,PHI,1,-0.1541506798272581,0.0,-0.0,zero
2016,PIT,1,-0.05715841383994864,0.17759944173063502,-0.010151302388183481,double
2016,SEA,1,-0.2818511521409877,0.0,-0.0,zero
2016,SF,1,-0.0317486983145803,0.0,-0.0,single
2016,TB,1,-0.09763846956391606,0.04309382779637737,-0.004207615393689232,single
2016,TEN,1,0.0,0.0906935388263189,0.0,zero
2016,WAS,1,0.025317807984289786,0.059721300597213006,0.0015120124210922898,single
2017,ARI,1,-0.05218575317057019,0.07647778230737871,-0.003991050670525465,single
2017,ATL,1,-0.08338160893905101,0.0,-0.0,zero
2017,BAL,1,0.07020425867324856,0.06491588018054986,0.004557371244196932,single
2017,BUF,1,0.10109611687136881,0.08606006275212909,0.008700338161946576,single
2017,CAR,1,-0.09097177820572663,0.0,-0.0,zero
2017,CHI,1,0.19845093872383823,0.0,0.0,single
2017,CIN,1,-0.053109825313948526,0.0,-0.0,zero
2017,CLE,1,0.05715841383994862,0.059014367372161286,0.003373167632760756,single
2017,DAL,1,0.08515780834030677,0.09507733375206093,0.008096577365165385,double
2017,DEN,1,-0.3429447511268303,0.0,-0.0,zero
2017,DET,1,0.3536400402435784,0.025336281555187027,0.008959923628798975,single
2017,GB,1,-0.1112256351102245,0.06879753867190838,-0.007652049932803241,double
2017,HOU,1,-0.5555258026838976,0.0,-0.0,zero
2017,IND,1,-0.14953173397096356,0.11625801584307809,-0.01738426269703922,double
2017,JAX,1,0.10178269430994238,0.0,0.0,zero
2017,KC,1,-0.2818511521409877,0.0,-0.0,zero
2017,LA,1,0.018692133012152546,0.08708414872798434,0.0016277884912735583,single
2017,LAC,1,0.23967285326542043,0.0,0.0,zero
2017,LV,1,0.030771658666753687,0.060045985143261406,0.001847714559137403,zero
2017,MIA,1,-0.34032580593720285,0.0024209032473495283,-0.0008238958487502198,single
2017,MIN,1,0.0,0.0,0.0,zero
2017,NE,1,-0.2754119798599667,0.0,-0.0,zero
2017,NO,1,0.25131442828090617,0.1659288537549407,0.041700315016729016,double
2017,NYG,1,-0.25423413838424075,0.0,-0.0,zero
2017,NYJ,1,0.05264373348542188,0.1227471992206527,0.0064618708418540255,double
2017,PHI,1,0.3053816495511819,0.07579612923124374,0.02314674697423177,double
2017,PIT,1,0.0,0.02090046155185927,0.0,single
2017,SEA,1,0.2992428948528569,0.11393484564216272,0.03409419303457418,single
2017,SF,1,0.25489224962879004,0.05930695585868,0.015116883397454293,single
2017,TB,1,-0.19782574332991992,0.05253104106972302,-0.010391992247512508,single
2017,TEN,1,0.1861022796338607,0.08317399617590822,0.015478870294594532,single
2017,WAS,1,0.1823215567939546,0.07393064601302587,0.01347915047587765,single
2018,ARI,1,0.017699577099401075,0.0,0.0,zero
2018,ATL,1,0.021506205220963463,0.08104563734918692,0.0017429841090953952,single
2018,BAL,1,0.016807118316381407,0.0,0.0,zero
2018,BUF,1,0.15963014559188393,0.0,0.0,zero
2018,CAR,1,-0.10008345855698265,0.061219451987163664,-0.006127054485838484,double
2018,CHI,1,0.2151113796169455,0.0,0.0,zero
2018,CIN,1,-0.5108256237659907,0.08989050165520754,-0.04591837157865921,single
2018,CLE,1,0.4418327522790394,0.06372465496677458,0.02815563969200217,single
2018,DAL,1,-0.06317890162153156,0.0,-0.0,zero
2018,DEN,1,0.022472855852058576,0.04339216530348687,0.000975145875973958,zero
2018,DET,1,-0.1865859555804122,0.06698982835346472,-0.012499361137499004,single
2018,GB,1,0.18721154208814636,0.09632775025556342,0.018033666671225863,double
2018,HOU,1,0.3566749439387324,0.07902170680939637,0.028185062846184397,single
2018,IND,1,0.5549968420791281,0.0,0.0,zero
2018,JAX,1,-0.04959694113937218,0.07199032062915911,-0.0035704996948489353,single
2018,KC,1,0.11000089521432849,0.0,0.0,zero
2018,LA,1,-0.25131442828090594,0.0,-0.0,zero
2018,LAC,1,-0.17904823144898557,0.02799363355491059,-0.00501221057983772,single
2018,LV,1,-0.06252035698133393,0.0,-0.0,zero
2018,MIA,1,-0.08455738802806312,0.009457035708462416,-0.0007996622379957053,single
2018,MIN,1,-0.03390155167568134,0.03727496825278255,-0.001263679262431089,single
2018,NE,1,0.25671984684781407,0.0,0.0,single
2018,NO,1,-0.22314355131421,0.0,-0.0,zero
2018,NYG,1,-0.08223809823697223,0.0,-0.0,zero
2018,NYJ,1,0.12062798778861472,0.0,0.0,zero
2018,PHI,1,-0.4321333551903257,0.0,-0.0,single
2018,PIT,1,0.01941808585710173,0.0871393725292287,0.001692079817306535,single
2018,SEA,1,-0.3715635564324831,0.0,-0.0,zero
2018,SF,1,0.07232066157962629,0.017897259248165345,0.0012943416292894026,zero
2018,TB,1,0.0,0.10023291301903461,0.0,single
2018,TEN,1,0.037041271680349076,0.0,0.0,single
2018,WAS,1,0.02061928720273561,0.0,0.0,zero
2019,ARI,1,-0.6090640633494041,0.06517461878996557,-0.03969551814746485,single
2019,ATL,1,-0.21256144198367274,0.0,-0.0,single
2019,BAL,1,-0.03390155167568134,0.0,-0.0,zero
2019,BUF,1,-0.033336420267591836,0.0,-0.0,zero
2019,CAR,1,0.25423413838424086,0.0,0.0,zero
2019,CHI,1,-0.13815033848081718,0.0,-0.0,single
2019,CIN,1,-0.03077165866675366,0.0,-0.0,zero
2019,CLE,1,-0.11332868530700324,0.0,-0.0,double
2019,DAL,1,0.0,0.0,0.0,zero
2019,DEN,1,0.0,0.0,0.0,zero
2019,DET,1,-0.10821358464023284,0.02524067632068603,-0.0027313840634052783,single
2019,GB,1,0.15762894420358306,0.07888243253999841,0.012434154557490314,single
2019,HOU,1,-0.3011050927839215,0.057689151485311015,-0.017370497310610276,single
2019,IND,1,-0.2754119798599667,0.045829514207149404,-0.012621997243811488,single
2019,JAX,1,-0.413975797776073,0.007219923744625619,-0.002988873692063803,zero
2019,KC,1,0.15415067982725836,0.0592393609500919,0.009131787762989008,single
2019,LA,1,0.3053816495511819,0.037825984806954344,0.011551361636245663,double
2019,LAC,1,-0.19415601444095723,0.07775927062330149,-0.015097430070056024,single
2019,LV,1,0.06252035698133393,0.14928613175252567,0.009333422249530356,zero
2019,MIA,1,0.0,0.0,0.0,zero
2019,MIN,1,-0.053109825313948526,0.0,-0.0,zero
2019,NE,1,0.15684247149296968,0.015288332588287885,0.002397859868153582,single
2019,NO,1,0.38677297509601205,0.0,0.0,double
2019,NYG,1,0.028170876966696224,0.0,0.0,single
2019,NYJ,1,0.14763599880606448,0.0,0.0,zero
2019,PHI,1,0.17327172127403678,0.0,0.0,zero
2019,PIT,1,0.14310084364067324,0.009705516383243467,0.0013888675824105159,single
2019,SEA,1,0.07232066157962629,0.004684014869888476,0.0003387510542391417,single
2019,SF,1,0.34967374847974875,0.0,0.0,zero
2019,TB,1,0.4855078157817008,0.15098319384908485,0.0733035206654143,double
2019,TEN,1,-0.15718558352241238,0.0,-0.0,zero
2019,WAS,1,-0.2029408439966903,0.0,-0.0,zero
2020,ARI,1,0.5549968420791281,0.0,0.0,zero
2020,ATL,1,-0.14107859825990562,0.07956487956487956,-0.01122490167973142,single
2020,BAL,1,0.01709443335930004,0.0,0.0,zero
2020,BUF,1,-0.10724553035359756,0.0,-0.0,zero
2020,CAR,1,-0.10763066419236533,0.08497660427807487,-0.009146088359260991,single
2020,CHI,1,-0.1388364448542158,0.08017530291312194,-0.011131254021567703,single
2020,CIN,1,0.11778303565638346,0.0,0.0,zero
2020,CLE,1,-0.04082199452025505,0.04862012987012987,-0.0019847706751325305,single
2020,DAL,1,-0.09097177820572663,0.08073929961089495,-0.007344997656688046,single
2020,DEN,1,-0.11778303565638351,0.007089241034195163,-0.000834992329507306,single
2020,DET,1,-0.12136085700426735,0.0038247011952191236,-0.0004641690148370385,single
2020,GB,1,0.15415067982725836,0.0,0.0,zero
2020,HOU,1,-0.08455738802806312,0.0,-0.0,zero
2020,IND,1,0.11506932978478729,0.031330722439796684,0.0036052052328206,single
2020,JAX,1,-0.19782574332991992,0.008861174926156876,-0.0017529685165434323,single
2020,KC,1,-0.11332868530700324,0.0,-0.0,zero
2020,LA,1,0.08408311721054125,0.00913981979646075,0.0007685045392290345,zero
2020,LAC,1,0.1941560144409572,0.0,0.0,zero
2020,LV,1,0.1410785982599056,0.004466944609886838,0.0006301902840674759,single
2020,MIA,1,0.18721154208814636,0.05838649761770169,0.010930626256135818,single
2020,MIN,1,-0.45198512374305727,0.05162941220742079,-0.023335726265352397,single
2020,NE,1,-0.32047189527477177,0.06243488017953033,-0.020008624382387367,single
2020,NO,1,0.09015109699429748,0.0,0.0,zero
2020,NYG,1,0.3677247801253175,0.08811634779903561,0.03240256461984638,single
2020,NYJ,1,-0.3209077200801012,0.05699877750611247,-0.01829134773683951,single
2020,PHI,1,-0.12062798778861475,0.0,-0.0,zero
2020,PIT,1,0.016529301951210506,0.0,0.0,zero
2020,SEA,1,0.13062018241706402,0.0,0.0,zero
2020,SF,1,-0.10354067894084033,0.0,-0.0,zero
2020,TB,1,0.09180754925312289,0.07209897610921502,0.0066192303002464885,single
2020,TEN,1,-0.08894748601649606,0.06286790675771133,-0.005591942257217907,single
2020,WAS,1,0.4054651081081644,0.0,0.0,zero
2021,ARI,1,-0.1823215567939546,0.0,-0.0,single
2021,ATL,1,0.11441035117774431,0.09051863857374393,0.010356269227353354,single
2021,BAL,1,-0.6118015411059929,0.03576504026527712,-0.02188110675201443,zero
2021,BUF,1,0.15684247149296968,0.0,0.0,zero
2021,CAR,1,0.06595796779179737,0.06385655866624725,0.004211848839803355,single
2021,CHI,1,-0.1865859555804122,0.0,-0.0,zero
2021,CIN,1,0.15415067982725855,0.0,0.0,zero
2021,CLE,1,0.2063364329978284,0.07570319672815291,0.015620327579419944,single
2021,DAL,1,0.26966356694910243,0.020644617653254687,0.005567101234677067,single
2021,DEN,1,0.26236426446749106,0.08789636811571168,0.02306086597004253,single
2021,DET,1,0.06252035698133393,0.00784313725490196,0.00049035574103007,zero
2021,GB,1,0.06899287148695142,0.0419820454145397,0.0028964618640446955,single
2021,HOU,1,0.028987536873252187,0.0,0.0,zero
2021,IND,1,0.14165051706302684,0.0,0.0,zero
2021,JAX,1,0.06062462181643484,0.14312522555034285,0.008676912671381471,single
2021,KC,1,-0.2231435513142097,0.0,-0.0,zero
2021,LA,1,-0.10178269430994236,0.0,-0.0,zero
2021,LAC,1,-0.21825356602001794,0.08505448040331762,-0.018563443654003805,single
2021,LV,1,0.2744368457017602,0.03742539119212776,0.010270906307921981,single
2021,MIA,1,0.15762894420358306,0.08976942019252294,0.014150258926715202,single
2021,MIN,1,0.22884157242884764,0.0,0.0,zero
2021,NE,1,0.30421137440299156,0.0,0.0,zero
2021,NO,1,-0.07145896398214498,0.06521040796659171,-0.004659868194145656,single
2021,NYG,1,0.09180754925312289,0.005203816131830009,0.0004777496058271789,single
2021,NYJ,1,-0.17693070815907821,0.0,-0.0,zero
2021,PHI,1,0.2682639865946792,0.0,0.0,zero
2021,PIT,1,-0.21905356606268464,0.0,-0.0,zero
2021,SEA,1,-0.25423413838424075,0.0,-0.0,single
2021,SF,1,-0.24613306953890846,0.002925854563619496,-0.00072014956476809,zero
2021,TB,1,0.01739174271186924,0.0,0.0,zero
2021,TEN,1,0.06744128079553248,0.014399128268991283,0.0009710956527999307,single
2021,WAS,1,-0.5108256237659909,0.05704581083434942,-0.029140461902693267,single
2022,ARI,1,0.06453852113757116,0.0,0.0,zero
2022,ATL,1,-0.08455738802806312,0.0,-0.0,zero
2022,BAL,1,0.46608972992459924,0.0,0.0,zero
2022,BUF,1,-0.06669137449867216,0.01600796568627451,-0.0010675932345452267,single
2022,CAR,1,-0.2392296890658341,0.0,-0.0,zero
2022,CHI,1,-0.22957444164450025,0.05493101686254471,-0.01261075752518333,single
2022,CIN,1,0.04652001563489291,0.14468014584023864,0.006730522646546487,double
2022,CLE,1,-0.18571714579509283,0.07414090051668991,-0.013769236430637573,single
2022,DAL,1,0.07020425867324856,0.0,0.0,zero
2022,DEN,1,0.07410797215372183,0.0,0.0,single
2022,DET,1,0.0,0.07421875,0.0,zero
2022,GB,1,-0.456758402495715,0.0,-0.0,zero
2022,HOU,1,0.13353139262452277,0.05778251599147122,0.007715779829689909,single
2022,IND,1,-0.2567198468478141,0.022660251435666613,-0.005817336278097293,zero
2022,JAX,1,0.2803019651541585,0.0,0.0,zero
2022,KC,1,0.30010459245033816,0.08314937454010302,0.02495350915885814,single
2022,LA,1,-0.19671029424605413,0.0,-0.0,single
2022,LAC,1,0.19845093872383823,0.0,0.0,zero
2022,LV,1,-0.4462871026284195,0.0,-0.0,zero
2022,MIA,1,-0.1335313926245225,0.0,-0.0,zero
2022,MIN,1,-0.22884157242884767,0.012816379171368693,-0.0029329203624203436,double
2022,NE,1,-0.06782259633876106,0.0035772357723577236,-0.00024261741779719404,single
2022,NO,1,0.10536051565782635,0.07801593167446826,0.008219798790747723,single
2022,NYG,1,-0.1929036661244917,0.04174725983236621,-0.008053199472315175,zero
2022,NYJ,1,0.676886659688165,0.08403294155273047,0.05688077711139853,single
2022,PHI,1,0.1953087523207659,0.0,0.0,zero
2022,PIT,1,-0.13062018241706408,0.0,-0.0,zero
2022,SEA,1,0.025975486403260736,0.0,0.0,zero
2022,SF,1,0.24613306953890837,0.0,0.0,zero
2022,TB,1,-0.10919929196499197,0.0,-0.0,zero
2022,TEN,1,-0.2451224580329851,0.0737873281719071,-0.018086931253184398,single
2022,WAS,1,0.38677297509601205,0.0,0.0,zero
2013,ARI,2,-0.3468709438421116,0.06755725190839694,-0.02343364773284494,single
2013,ATL,2,-0.22957444164450025,0.16240131864318558,-0.037283192049839896,double
2013,BAL,2,0.021506205220963463,0.0,0.0,single
2013,BUF,2,0.2769867833350329,0.0,0.0,zero
2013,CAR,2,0.01980262729617973,0.0,0.0,zero
2013,CHI,2,-0.6286086594223742,0.0,-0.0,zero
2013,CIN,2,0.0,0.04102926178708716,0.0,zero
2013,CLE,2,0.09352605801082355,0.0,0.0,double
2013,DAL,2,0.20585205420414898,0.07086275185121405,0.014587243035131273,zero
2013,DEN,2,0.033336420267591926,0.006258596973865199,0.00020863921900624933,single
2013,DET,2,0.1823215567939546,0.08647990255785627,0.01576715046573785,single
2013,GB,2,-0.03571808260207934,0.0,-0.0,zero
2013,HOU,2,0.09015109699429748,0.0,0.0,single
2013,IND,2,0.19845093872383823,0.0,0.0,zero
2013,JAX,2,-0.13353139262452274,0.11481944661560106,-0.015332000606958255,double
2013,KC,2,0.6118015411059929,0.0,0.0,zero
2013,LA,2,-0.2876820724517808,0.0,-0.0,zero
2013,LAC,2,-0.08515780834030683,0.0,-0.0,zero
2013,LV,2,0.0,0.07118590503278818,0.0,zero
2013,MIA,2,0.2090917978585594,0.056182435098240356,0.011747286362762904,single
2013,MIN,2,0.0,0.08624708624708624,0.0,single
2013,NE,2,0.30830135965451666,0.13145061503748454,0.040526403343478935,single
2013,NO,2,0.17693070815907824,0.09076147337834373,0.016058491758391684,single
2013,NYG,2,0.05129329438755048,0.0,0.0,zero
2013,NYJ,2,-0.20479441264601314,0.0,-0.0,single
2013,PHI,2,0.026668247082161273,0.0,0.0,zero
2013,PIT,2,-0.5436154465889816,0.0,-0.0,zero
2013,SEA,2,-0.016529301951210582,0.0,-0.0,zero
2013,SF,2,0.035718082602079246,0.08889066368500918,0.003175004068054804,single
2013,TB,2,0.16705408466316624,0.03603154836031548,0.006019217330329111,single
2013,TEN,2,0.09097177820572659,0.025276052449965492,0.002299407437394573,single
2013,WAS,2,-0.28768207245178107,0.0006419000240712509,-0.0001846631292316656,double
2014,ARI,2,-0.14571181118139365,0.06919302994417188,-0.01008224171429369,single
2014,ATL,2,0.3022808718729337,0.0,0.0,single
2014,BAL,2,-0.1251631429540059,0.0,-0.0,single
2014,BUF,2,-0.2441969605120421,0.0,-0.0,zero
2014,CAR,2,0.10354067894084036,0.0,0.0,zero
2014,CHI,2,0.07598590697792205,0.0,0.0,single
2014,CIN,2,-0.016529301951210582,0.027933428117420757,-0.00046172006788528343,single
2014,CLE,2,-0.5639354490799392,0.0,-0.0,single
2014,DAL,2,0.14953173397096364,0.0,0.0,zero
2014,DEN,2,0.3163373282121569,0.05448210326259107,0.017234722981466895,single
2014,DET,2,-0.294799540220645,0.0,-0.0,zero
2014,GB,2,0.4144337780909247,0.09084890392820362,0.037650854490384876,single
2014,HOU,2,0.1484200051182734,0.0,0.0,zero
2014,IND,2,0.02409755157906074,0.0,0.0,zero
2014,JAX,2,0.1923718926474561,0.0,0.0,zero
2014,KC,2,0.29849298855599654,0.03430769230769231,0.010240605607382651,single
2014,LA,2,0.1823215567939546,0.0,0.0,zero
2014,LAC,2,0.02739897418811456,0.0,0.0,zero
2014,LV,2,0.44628710262841953,0.0,0.0,zero
2014,MIA,2,-0.31365755885504165,0.0,-0.0,zero
2014,MIN,2,0.30673026742247544,0.0,0.0,zero
2014,NE,2,0.08004270767353656,0.0,0.0,zero
2014,NO,2,-0.5549968420791281,0.0,-0.0,single
2014,NYG,2,-0.516690743218389,0.0,-0.0,zero
2014,NYJ,2,0.20067069546215105,0.0717106995523567,0.014390235951248784,double
2014,PHI,2,0.15415067982725816,0.0,0.0,zero
2014,PIT,2,0.018692133012152546,0.0,0.0,zero
2014,SEA,2,-0.08408311721054132,0.0,-0.0,zero
2014,SF,2,-0.5596157879354228,0.0527977270933628,-0.029546441648551643,single
2014,TB,2,-0.13062018241706408,0.0,-0.0,zero
2014,TEN,2,0.0,0.0,0.0,zero
2014,WAS,2,0.10821358464023279,0.0,0.0,zero
2015,ARI,2,0.3639653772014116,0.0,0.0,zero
2015,ATL,2,0.47803580094299974,0.0,0.0,single
2015,BAL,2,0.15718558352241235,0.0,0.0,zero
2015,BUF,2,-0.27698678333503296,0.0,-0.0,single
2015,CAR,2,-0.10318423623523063,0.0,-0.0,zero
2015,CHI,2,0.24783616390458127,0.0,0.0,zero
2015,CIN,2,0.109199291964992,0.0,0.0,zero
2015,CLE,2,-0.4989911661189879,0.0,-0.0,zero
2015,DAL,2,0.0454623740767572,0.07917174177831912,0.00359933534103437,single
2015,DEN,2,0.016260520871780326,0.0,0.0,zero
2015,DET,2,-0.49247648509779424,0.0,-0.0,single
2015,GB,2,-0.3697470255060851,0.07398444252376837,-0.027355527556889275,double
2015,HOU,2,0.050430853626891904,0.0514118273841236,0.00259274234149977,single
2015,IND,2,-0.3285040669720361,0.0,-0.0,single
2015,JAX,2,0.47000362924573563,0.0,0.0,zero
2015,KC,2,-0.0344861760711692,0.125533731853117,-0.004329178379557535,single
2015,LA,2,0.2326222952687535,0.0,0.0,zero
2015,LAC,2,0.06453852113757116,0.0,0.0,zero
2015,LV,2,-0.060624621816434736,0.0,-0.0,zero
2015,MIA,2,-0.019048194970694474,0.0,-0.0,zero
2015,MIN,2,0.22314355131420976,0.08397131114513659,0.01873765657743626,single
2015,NE,2,0.09716374845364788,0.022513536620119692,0.0021874996089592995,single
2015,NO,2,-0.05556985115481088,0.055476422520428816,-0.0030828165420616277,zero
2015,NYG,2,0.20294084399669038,0.07481646457147571,0.015183316464983766,single
2015,NYJ,2,-0.17327172127403667,0.0,-0.0,zero
2015,PHI,2,0.10008345855698263,0.0,0.0,single
2015,PIT,2,0.3483066942682158,0.0,0.0,single
2015,SEA,2,-0.33314444652853825,0.0,-0.0,zero
2015,SF,2,-0.6090640633494041,0.04808080808080808,-0.029284292338819833,single
2015,TB,2,0.0,0.0,0.0,zero
2015,TEN,2,-0.04445176257083381,0.0,-0.0,zero
2015,WAS,2,0.1923718926474561,0.0,0.0,zero
2016,ARI,2,0.09352605801082355,0.006930289441500204,0.0006481626523375459,single
2016,ATL,2,0.0,0.0030802530802530805,0.0,single
2016,BAL,2,0.2708749541353995,0.0,0.0,zero
2016,BUF,2,0.10109611687136881,0.0,0.0,zero
2016,CAR,2,-0.3732042458899428,0.09054436035378864,-0.033791539725422925,double
2016,CHI,2,0.19845093872383823,0.0,0.0,zero
2016,CIN,2,-0.08701137698962981,0.08559465335373219,-0.007447708651258273,single
2016,CLE,2,0.08701137698962969,0.0,0.0,zero
2016,DAL,2,0.30830135965451666,0.0,0.0,zero
2016,DEN,2,-0.29334780998745813,0.09088607594936708,-0.026661231338100624,single
2016,DET,2,0.294799540220645,0.0,0.0,zero
2016,GB,2,-0.4989911661189879,0.0,-0.0,zero
2016,HOU,2,-0.5050949490570059,0.0,-0.0,zero
2016,IND,2,-0.30368241379822214,0.0,-0.0,single
2016,JAX,2,0.4382549309311553,0.09046519886363637,0.03964681947965618,single
2016,KC,2,-0.36593426935152906,0.0,-0.0,single
2016,LA,2,0.11778303565638346,0.0,0.0,zero
2016,LAC,2,0.49995595152908684,0.0,0.0,zero
2016,LV,2,-0.4155154439616658,0.04501238061549346,-0.018703339315218243,zero
2016,MIA,2,-0.026668247082161294,0.06703397612488522,-0.0017876786381981402,single
2016,MIN,2,0.12405264866997882,0.04943564616326888,0.006132622845265381,single
2016,NE,2,-0.23767165187711958,0.0007386069872220991,-0.00017554594274105887,single
2016,NO,2,0.3726752852851735,0.06861660079051383,0.025571711274903607,single
2016,NYG,2,0.1112256351102244,0.024531742085198077,0.0027285585937863767,double
2016,NYJ,2,-0.3437715391028245,0.0,-0.0,zero
2016,PHI,2,0.1512309697239237,0.0,0.0,zero
2016,PIT,2,-0.05715841383994864,0.11207872507184534,-0.006406242150310363,double
2016,SEA,2,0.01739174271186924,0.0,0.0,zero
2016,SF,2,0.22314355131420976,0.0,0.0,single
2016,TB,2,-0.29546421289383606,0.004601892854041851,-0.0013596946499412443,single
2016,TEN,2,0.1861022796338607,0.09064835737875891,0.01686986595325193,zero
2016,WAS,2,0.20763936477824455,0.0,0.0,single
2017,ARI,2,-0.0344861760711692,0.08986600336997512,-0.003099134815029247,single
2017,ATL,2,-0.06187540371808741,0.0,-0.0,zero
2017,BAL,2,0.0870113769896299,0.08926215812153725,0.007766823291221031,single
2017,BUF,2,0.26072626246325264,0.08377135348226018,0.021841391894917683,single
2017,CAR,2,-0.19105523676270922,0.0,-0.0,zero
2017,CHI,2,0.4135623183407838,0.0,0.0,single
2017,CIN,2,-0.5639354490799392,0.0,-0.0,zero
2017,CLE,2,0.4989911661189879,0.0,0.0,single
2017,DAL,2,0.021978906718775167,0.13575348248205993,0.002983713128222074,double
2017,DEN,2,-0.32047189527477177,0.0,-0.0,zero
2017,DET,2,0.16705408466316624,0.0,0.0,single
2017,GB,2,0.07598590697792205,0.07210820161987891,0.005479207100633367,double
2017,HOU,2,-0.1988508587451653,0.0,-0.0,zero
2017,IND,2,0.40546510810816455,0.08009153318077804,0.032474322159692814,double
2017,JAX,2,0.05218575317057025,0.0,0.0,zero
2017,KC,2,-0.17185025692665928,0.0,-0.0,zero
2017,LA,2,-0.23262229526875347,0.03247554057387158,-0.007554534788387538,single
2017,LAC,2,0.06062462181643484,0.0,0.0,zero
2017,LV,2,-0.0317486983145803,0.031094418726526334,-0.0009872073194157206,zero
2017,MIA,2,-0.42488319396526614,0.0,-0.0,single
2017,MIN,2,-0.03390155167568134,0.0,-0.0,zero
2017,NE,2,-0.01869213301215252,0.0,-0.0,zero
2017,NO,2,0.028170876966696224,0.15292521350466917,0.004308037374745787,double
2017,NYG,2,-0.33647223662121306,0.0,-0.0,zero
2017,NYJ,2,0.17327172127403678,0.16884504726674887,0.029256071968505677,double
2017,PHI,2,-0.1267517056391439,0.07408660351826793,-0.009390603360951459,double
2017,PIT,2,0.01941808585710173,0.022289511312978384,0.0004328196443882546,single
2017,SEA,2,-0.07232066157962626,0.10277672118676302,-0.007432880471211493,single
2017,SF,2,0.3272129112084162,0.043133143627377565,0.014113721495884959,single
2017,TB,2,-0.19782574332991992,0.0,-0.0,single
2017,TEN,2,0.22314355131420976,0.053805237315875616,0.012006291733968324,single
2017,WAS,2,0.20294084399669038,0.053286253109702274,0.010813957179504247,single
2018,ARI,2,-0.5913644862500029,0.0,-0.0,zero
2018,ATL,2,-0.19105523676270922,0.06973032008737293,-0.013322342813832534,single
2018,BAL,2,-0.017094433359299954,0.0,-0.0,zero
2018,BUF,2,0.12629372532429206,0.0,0.0,zero
2018,CAR,2,0.15415067982725816,0.05142513736263736,0.007927219884660682,double
2018,CHI,2,0.0769610411361284,0.0,0.0,zero
2018,CIN,2,-0.5415972824327444,0.09006690684508492,-0.04877999198442114,single
2018,CLE,2,0.32850406697203616,0.06053679398318832,0.01988658302492565,single
2018,DAL,2,-0.06317890162153156,0.0,-0.0,zero
2018,DEN,2,0.022472855852058576,0.0,0.0,zero
2018,DET,2,-0.294799540220645,0.06107920071191651,-0.01800612028691748,single
2018,GB,2,0.3448404862917296,0.10714001432778796,0.036946214642097276,double
2018,HOU,2,0.055569851154810994,0.07287050713934022,0.004049403235308728,single
2018,IND,2,0.2795848622191615,0.0,0.0,zero
2018,JAX,2,-0.46357273891544515,0.0,-0.0,single
2018,KC,2,0.2641515750415867,0.0,0.0,zero
2018,LA,2,0.05406722127027579,0.0,0.0,zero
2018,LAC,2,-0.3732042458899428,0.0,-0.0,single
2018,LV,2,0.0,0.0,0.0,zero
2018,MIA,2,-0.08455738802806312,0.0,-0.0,single
2018,MIN,2,-0.08701137698962981,0.014644882756285449,-0.0012742714144760821,single
2018,NE,2,0.4135623183407838,0.0,0.0,single
2018,NO,2,0.16362942378180212,0.0,0.0,zero
2018,NYG,2,-0.05406722127027594,0.0,-0.0,zero
2018,NYJ,2,0.2682639865946792,0.0,0.0,zero
2018,PHI,2,-0.258861633916289,0.0,-0.0,single
2018,PIT,2,0.16251892949777494,0.0761509746992949,0.012375974888341551,single
2018,SEA,2,-0.2992428948528569,0.0,-0.0,zero
2018,SF,2,0.42199441005937505,0.04738088970781785,0.019994470600338907,zero
2018,TB,2,0.4855078157817008,0.07545757637613118,0.03663524309055632,single
2018,TEN,2,-0.12014431184206321,0.0,-0.0,single
2018,WAS,2,-0.1823215567939546,0.0,-0.0,zero
2019,ARI,2,-0.05406722127027582,0.08133365011483329,-0.0043974844574778855,single
2019,ATL,2,-0.3536400402435783,0.0,-0.0,single
2019,BAL,2,-0.01680711831638129,0.0,-0.0,zero
2019,BUF,2,-0.14058195062118944,0.0,-0.0,zero
2019,CAR,2,0.14660347419187544,0.0,0.0,zero
2019,CHI,2,-0.27698678333503296,0.0,-0.0,single
2019,CIN,2,0.08701137698962969,0.0,0.0,zero
2019,CLE,2,-0.15415067982725836,0.04788961038961039,-0.0073822159982209765,double
2019,DAL,2,-0.09097177820572663,0.0,-0.0,zero
2019,DEN,2,-0.11778303565638351,0.0,-0.0,zero
2019,DET,2,-0.22957444164450025,0.08063745019920318,-0.018512297605118265,single
2019,GB,2,0.31177962403084153,0.08602150537634409,0.026819752604803574,single
2019,HOU,2,-0.3856624808119848,0.04284130503642699,-0.01652228398157141,single
2019,IND,2,-0.16034265007517937,0.04924589617531872,-0.007896217498077744,single
2019,JAX,2,-0.6118015411059929,0.0,-0.0,zero
2019,KC,2,0.0408219945202552,0.07162041181736795,0.002923688058747015,single
2019,LA,2,0.38946476676172315,0.11739158618007389,0.045719886731411204,double
2019,LAC,2,0.0,0.07730186024699078,0.0,single
2019,LV,2,0.20359895524123955,0.08807325789160214,0.017931623291422453,zero
2019,MIA,2,0.18721154208814636,0.0,0.0,zero
2019,MIN,2,-0.5050949490570059,0.0,-0.0,zero
2019,NE,2,-0.16362942378180204,0.023643504047447302,-0.0038687729434665062,single
2019,NO,2,0.4769240720903095,0.0,0.0,double
2019,NYG,2,0.39589565709201385,0.0,0.0,single
2019,NYJ,2,-0.17327172127403667,0.0,-0.0,zero
2019,PHI,2,0.05264373348542188,0.0,0.0,zero
2019,PIT,2,0.15963014559188393,0.0020680995642218774,0.00033013103453525,single
2019,SEA,2,0.20294084399669038,0.008546394714162598,0.001734412556421011,single
2019,SF,2,0.24613306953890837,0.0,0.0,zero
2019,TB,2,0.5773153650348237,0.13829635949943117,0.07984061326740131,double
2019,TEN,2,-0.24613306953890846,0.0,-0.0,zero
2019,WAS,2,0.2025242641114741,0.0,0.0,zero
2020,ARI,2,0.3726752852851735,0.0,0.0,zero
2020,ATL,2,-0.026668247082161294,0.06474878444084278,-0.001726736581737996,single
2020,BAL,2,-0.5947071077466928,0.0,-0.0,zero
2020,BUF,2,0.049596941139372186,0.0,0.0,zero
2020,CAR,2,-0.041672696400567956,0.053711859075180876,-0.002238317996350103,single
2020,CHI,2,-0.325422400434628,0.05523841504365346,-0.017975817619709976,single
2020,CIN,2,0.2719337154836419,0.0,0.0,zero
2020,CLE,2,0.16551443847757333,0.09064351890493282,0.015002811133181257,single
2020,DAL,2,0.1786917887433759,0.0887578119514079,0.015860292182545265,single
2020,DEN,2,0.1445812288111077,0.00015894460780418025,2.298040670922796e-05,single
2020,DET,2,-0.05884050002293335,0.06346538615446179,-0.0037343350554770826,single
2020,GB,2,0.22314355131420976,0.0,0.0,zero
2020,HOU,2,-0.05556985115481088,0.0,-0.0,zero
2020,IND,2,0.25671984684781407,0.057357405336315705,0.01472478431352696,single
2020,JAX,2,-0.13720112151348515,0.0,-0.0,single
2020,KC,2,-0.3364722366212129,0.0,-0.0,zero
2020,LA,2,-0.017699577099400975,0.006845884120888295,-0.00012116925381122724,zero
2020,LAC,2,-0.02409755157906064,0.0,-0.0,zero
2020,LV,2,0.4155154439616658,0.0,0.0,single
2020,MIA,2,0.3448404862917296,0.04387732258786658,0.015130677258379,single
2020,MIN,2,-0.2231435513142097,0.0372336503723365,-0.008308448972474814,single
2020,NE,2,-0.01626052087178029,0.06267711285214202,-0.001019162501715184,single
2020,NO,2,0.018692133012152546,0.0,0.0,zero
2020,NYG,2,0.4595323293784404,0.049219427580225496,0.022617918206614476,single
2020,NYJ,2,-0.4978384282391794,0.0010446801671488268,-0.0005200819324260151,single
2020,PHI,2,0.14763599880606448,0.0,0.0,zero
2020,PIT,2,-0.2025242641114741,0.0,-0.0,zero
2020,SEA,2,-0.12361395596717677,0.0,-0.0,zero
2020,SF,2,-0.3496737484797488,0.0,-0.0,zero
2020,TB,2,0.109199291964992,0.06359749580088563,0.006944801512203263,single
2020,TEN,2,-0.02150620522096362,0.05082503113325031,-0.0010930535499135464,single
2020,WAS,2,-0.1053605156578264,0.0,-0.0,zero
2021,ARI,2,-0.11778303565638351,0.0,-0.0,single
2021,ATL,2,0.02985296314968113,0.07537367116937095,0.0022501274278754137,single
2021,BAL,2,-0.14571181118139365,0.08537705844936037,-0.012440445819996008,zero
2021,BUF,2,0.09015109699429748,0.0,0.0,zero
2021,CAR,2,-0.17327172127403667,0.02378080303291401,-0.004120540674791843,single
2021,CHI,2,-0.41616039722491244,0.0,-0.0,zero
2021,CIN,2,0.2006706954621514,0.0,0.0,zero
2021,CLE,2,0.02061928720273561,0.06552940211596818,0.0013511695624526985,single
2021,DAL,2,0.3398678256223509,0.0040413837698027805,0.0013735363143483306,single
2021,DEN,2,0.3364722366212129,0.09019954940457033,0.03034964413038137,single
2021,DET,2,0.06252035698133393,0.03806818181818182,0.002380036316903053,zero
2021,GB,2,-0.38776553100876343,0.007880220646178092,-0.0030556779433314686,single
2021,HOU,2,0.16251892949777494,0.0,0.0,zero
2021,IND,2,-0.11506932978478723,0.0,-0.0,zero
2021,JAX,2,0.3409265869705932,0.11748834927642875,0.04005490192762182,single
2021,KC,2,0.0769610411361284,0.0,0.0,zero
2021,LA,2,-0.29849298855599654,0.0,-0.0,zero
2021,LAC,2,-0.019802627296179643,0.0876736111111111,-0.0017361678445435276,single
2021,LV,2,-0.17185025692665928,0.15068603065072614,-0.025895433082585743,single
2021,MIA,2,0.02409755157906074,0.05437370401658859,0.0013102731370843255,single
2021,MIN,2,0.0,0.0,0.0,zero
2021,NE,2,0.23638877806423053,0.0,0.0,zero
2021,NO,2,0.033901551675681416,0.07793380964112671,0.002642077074831376,single
2021,NYG,2,-0.10109611687136875,0.0,-0.0,single
2021,NYJ,2,0.49995595152908684,0.0,0.0,zero
2021,PHI,2,0.4635727389154451,0.0,0.0,zero
2021,PIT,2,-0.3496737484797488,0.0,-0.0,zero
2021,SEA,2,-0.2282586519809802,0.0,-0.0,single
2021,SF,2,0.0,0.039730499409599225,0.0,zero
2021,TB,2,-0.09180754925312286,0.0,-0.0,zero
2021,TEN,2,-0.17768117723745264,0.055379996839943116,-0.0098399830339275,single
2021,WAS,2,-0.12405264866997888,0.08305362579033643,-0.010303022260936502,single
2022,ARI,2,-0.28030196515415856,0.0,-0.0,zero
2022,ATL,2,0.26028309826366636,0.0,0.0,zero
2022,BAL,2,0.661398482245365,0.0,0.0,zero
2022,BUF,2,-0.08408311721054132,0.025679542203147353,-0.0021592159569802814,single
2022,CAR,2,0.0816780310142671,0.0,0.0,zero
2022,CHI,2,0.32542240043462795,0.061717885417553416,0.02008438242232955,single
2022,CIN,2,-0.24116205681688824,0.1040901102412526,-0.02510258508007712,double
2022,CLE,2,0.016807118316381407,0.06952364978195237,0.001168492207671938,single
2022,DAL,2,-0.0370412716803491,0.0,-0.0,zero
2022,DEN,2,-0.34032580593720285,0.0,-0.0,single
2022,DET,2,-0.03077165866675366,0.09004113948614453,-0.0027707152102331946,zero
2022,GB,2,-0.40546510810816444,0.0,-0.0,zero
2022,HOU,2,0.1823215567939548,0.08463807578851827,0.015431345741807384,single
2022,IND,2,-0.12014431184206321,0.09083044982698962,-0.010912761888768718,zero
2022,JAX,2,0.38566248081198473,0.0,0.0,zero
2022,KC,2,0.38865798979178307,0.0845959595959596,0.03287889560107256,single
2022,LA,2,-0.24116205681688796,0.0,-0.0,single
2022,LAC,2,-0.15822400521489416,0.0,-0.0,zero
2022,LV,2,0.09531017980432493,0.0,0.0,zero
2022,MIA,2,-0.04255961441879589,0.0,-0.0,zero
2022,MIN,2,0.022472855852058576,0.0,0.0,double
2022,NE,2,-0.15963014559188382,0.04765002439421044,-0.007606380331504629,single
2022,NO,2,0.03636764417087479,0.08303750578793023,0.0030198784633324025,single
2022,NYG,2,-0.15123096972392366,0.0553802723347725,-0.008375212288762628,zero
2022,NYJ,2,0.676886659688165,0.06969192999128851,0.04717353769902472,single
2022,PHI,2,-0.21825356602001794,0.0,-0.0,zero
2022,PIT,2,-0.13062018241706408,0.0,-0.0,zero
2022,SEA,2,0.0,0.0,0.0,zero
2022,SF,2,0.2992428948528569,0.0,0.0,zero
2022,TB,2,-0.47692407209030946,0.0,-0.0,zero
2022,TEN,2,-0.16507975035944858,0.05644394502549918,-0.009317752354111844,single
2022,WAS,2,-0.14953173397096356,0.0,-0.0,zero
2013,ARI,3,-0.1286173778220937,0.047369311453222804,-0.006092516628351588,single
2013,ATL,3,0.1650797503594486,0.1287506819421713,0.021254130433622405,double
2013,BAL,3,-0.02197890671877523,0.004689535388623534,-0.00010307086086095201,single
2013,BUF,3,0.0,0.0,0.0,zero
2013,CAR,3,0.19885085874516534,0.0,0.0,zero
2013,CHI,3,-0.380772495517793,0.0,-0.0,zero
2013,CIN,3,0.14310084364067324,0.07627331270385548,0.010914775395190599,zero
2013,CLE,3,-0.4353180712578455,0.0,-0.0,double
2013,DAL,3,0.028170876966696224,0.04684582284647235,0.0013196879118116196,zero
2013,DEN,3,0.0,0.004672157111181501,0.0,single
2013,DET,3,-0.2513144282809062,0.06618193836238949,-0.01663247600206609,single
2013,GB,3,-0.017699577099400975,0.0,-0.0,zero
2013,HOU,3,0.09015109699429748,0.0,0.0,single
2013,IND,3,0.02409755157906074,0.0,0.0,zero
2013,JAX,3,0.0,0.0975156329220889,0.0,double
2013,KC,3,0.661398482245365,0.0,0.0,zero
2013,LA,3,-0.15415067982725836,0.0,-0.0,zero
2013,LAC,3,-0.28090238546640206,0.0,-0.0,zero
2013,LV,3,0.38566248081198473,0.038498946344626354,0.01484759915591609,zero
2013,MIA,3,-0.12361395596717677,0.0,-0.0,single
2013,MIN,3,0.09909090264423097,0.06903820816864295,0.00684105836437115,single
2013,NE,3,0.3677247801253175,0.12549889135254988,0.04614905222858751,single
2013,NO,3,0.0,0.062489166233316,0.0,single
2013,NYG,3,-0.1112256351102245,0.0,-0.0,zero
2013,NYJ,3,0.018349138668196617,0.0,0.0,single
2013,PHI,3,0.280902385466402,0.0,0.0,zero
2013,PIT,3,-0.13815033848081718,0.0,-0.0,zero
2013,SEA,3,-0.06782259633876106,0.0,-0.0,zero
2013,SF,3,-0.5415972824327444,0.058716754794412435,-0.03180083482992359,single
2013,TB,3,0.2646925542270823,0.0,0.0,single
2013,TEN,3,0.04652001563489291,0.0,0.0,single
2013,WAS,3,-0.12062798778861475,0.0,-0.0,double
2014,ARI,3,0.0,0.06051502145922747,0.0,single
2014,ATL,3,0.38566248081198473,0.0,0.0,single
2014,BAL,3,0.0755075525081453,0.0,0.0,single
2014,BUF,3,-0.2441969605120421,0.0,-0.0,zero
2014,CAR,3,-0.17869178874337585,0.0,-0.0,zero
2014,CHI,3,0.07598590697792205,0.0873861488228218,0.006640115775609789,single
2014,CIN,3,-0.050430853626891856,0.07131524670791686,-0.0035964887680926365,single
2014,CLE,3,-0.534082485930258,0.0,-0.0,single
2014,DAL,3,0.3726752852851735,0.0,0.0,zero
2014,DEN,3,0.36593426935152906,0.0620283452972575,0.02269829721543628,single
2014,DET,3,-0.3536400402435783,0.0,-0.0,zero
2014,GB,3,0.026668247082161273,0.09023336214347451,0.0024063655966963153,single
2014,HOU,3,0.19885085874516534,0.0,0.0,zero
2014,IND,3,-0.13005312824819792,0.0,-0.0,zero
2014,JAX,3,0.528844129268669,0.0,0.0,zero
2014,KC,3,0.2144098713454553,0.032528530393602983,0.006974438016749148,single
2014,LA,3,0.2814124594381855,0.0,0.0,zero
2014,LAC,3,0.287682072451781,0.0,0.0,zero
2014,LV,3,0.0,0.0,0.0,zero
2014,MIA,3,0.0,0.0,0.0,zero
2014,MIN,3,0.43078291609245434,0.0,0.0,zero
2014,NE,3,0.11778303565638346,0.0,0.0,zero
2014,NO,3,-0.4336359850748609,0.0,-0.0,single
2014,NYG,3,-0.15123096972392366,0.0,-0.0,zero
2014,NYJ,3,-0.19574457712609536,0.0,-0.0,double
2014,PHI,3,0.0,0.0,0.0,zero
2014,PIT,3,-0.03846628082779617,0.0,-0.0,zero
2014,SEA,3,-0.36593426935152906,0.0,-0.0,zero
2014,SF,3,-0.5913644862500029,0.034666666666666665,-0.020500635523333435,single
2014,TB,3,-0.2282586519809802,0.0,-0.0,zero
2014,TEN,3,0.0,0.0,0.0,zero
2014,WAS,3,0.13353139262452277,0.0,0.0,zero
2015,ARI,3,0.31177962403084153,0.0,0.0,zero
2015,ATL,3,0.39465419200394874,0.0,0.0,single
2015,BAL,3,0.2273898421956608,0.0,0.0,zero
2015,BUF,3,-0.17589066646366416,0.0,-0.0,single
2015,CAR,3,-0.19415601444095723,0.0,-0.0,zero
2015,CHI,3,0.44628710262841953,0.0,0.0,zero
2015,CIN,3,0.05608946665104358,0.0,0.0,zero
2015,CLE,3,-0.44183275227903934,0.0,-0.0,zero
2015,DAL,3,0.13062018241706402,0.09028813692392243,0.011793452915099601,single
2015,DEN,3,-0.32668423025505006,0.0,-0.0,zero
2015,DET,3,-0.1388364448542158,0.0,-0.0,single
2015,GB,3,-0.48097266061630956,0.0,-0.0,double
2015,HOU,3,-0.5050949490570059,0.005174747233500518,-0.0026137386902878265,single
2015,IND,3,-0.4780358009429998,0.0,-0.0,single
2015,JAX,3,0.5717863235556779,0.0,0.0,zero
2015,KC,3,-0.31633732821215693,0.08941256830601092,-0.028284532966510477,single
2015,LA,3,0.251314428280906,0.0,0.0,zero
2015,LAC,3,0.30421137440299156,0.0,0.0,zero
2015,LV,3,-0.02985296314968116,0.0,-0.0,zero
2015,MIA,3,-0.3593740009078973,0.0,-0.0,zero
2015,MIN,3,0.22314355131420976,0.06054772946014524,0.013510835375748811,single
2015,NE,3,-0.17824823140631876,0.0,-0.0,single
2015,NO,3,0.19574457712609533,0.06426877470355731,0.012580264126760119,zero
2015,NYG,3,-0.05129329438755046,0.06663351566384883,-0.0034178525350232526,single
2015,NYJ,3,-0.12062798778861475,0.0,-0.0,zero
2015,PHI,3,0.4054651081081644,0.0,0.0,single
2015,PIT,3,0.3483066942682158,0.0,0.0,single
2015,SEA,3,-0.03390155167568134,0.0,-0.0,zero
2015,SF,3,-0.3541718137206139,0.03702448530034737,-0.013113029110896235,single
2015,TB,3,-0.19782574332991992,0.0,-0.0,zero
2015,TEN,3,0.14165051706302684,0.0,0.0,zero
2015,WAS,3,0.3746934494414107,0.0,0.0,zero
2016,ARI,3,0.1112256351102246,0.0,0.0,single
2016,ATL,3,0.021506205220963463,0.014513026752928834,0.0003121201317258205,single
2016,BAL,3,0.28768207245178085,0.0,0.0,zero
2016,BUF,3,0.26072626246325264,0.0,0.0,zero
2016,CAR,3,-0.4732877044469254,0.08392989385336953,-0.03972298679633538,double
2016,CHI,3,0.4135623183407838,0.0,0.0,zero
2016,CIN,3,-0.5978370007556205,0.07053730583142348,-0.04216981135964015,single
2016,CLE,3,0.528844129268669,0.0,0.0,zero
2016,DAL,3,0.2451224580329851,0.0,0.0,zero
2016,DEN,3,-0.2708749541353996,0.0909169177787344,-0.024627115933446575,single
2016,DET,3,0.10821358464023279,0.0,0.0,zero
2016,GB,3,-0.3117796240308415,0.0,-0.0,zero
2016,HOU,3,-0.14842000511827333,0.0,-0.0,zero
2016,IND,3,0.251314428280906,0.0,0.0,single
2016,JAX,3,0.38865798979178307,0.0180623973727422,0.0070200950537103665,single
2016,KC,3,-0.25593337413720063,0.0,-0.0,single
2016,LA,3,-0.1335313926245225,0.0,-0.0,zero
2016,LAC,3,0.32090772008010127,0.0,0.0,zero
2016,LV,3,-0.4780358009429998,0.05022272687570967,-0.02400826146757139,zero
2016,MIA,3,-0.1112256351102245,0.026251426707973258,-0.0029198316081438355,single
2016,MIN,3,0.09015109699429748,0.03988944498393964,0.0035960772237958356,single
2016,NE,3,0.01904819497069441,0.0,0.0,single
2016,NO,3,0.14953173397096364,0.07574427328597653,0.01132617252282261,single
2016,NYG,3,0.028987536873252187,0.0,0.0,double
2016,NYJ,3,-0.2231435513142097,0.0,-0.0,zero
2016,PHI,3,-0.28090238546640206,0.0,-0.0,zero
2016,PIT,3,-0.03774032798284697,0.010177474976869376,-0.0003841012436642681,double
2016,SEA,3,-0.3541718137206139,0.0,-0.0,zero
2016,SF,3,0.29546421289383606,0.0,0.0,single
2016,TB,3,-0.29546421289383606,0.04658260380692314,-0.013763492368357957,single
2016,TEN,3,0.22314355131420976,0.09015275504637207,0.02011700592180751,zero
2016,WAS,3,0.22825865198098017,0.0,0.0,single
2017,ARI,3,-0.6435502394205731,0.0823905558288244,-0.053022461929634036,single
2017,ATL,3,-0.2744368457017603,0.0,-0.0,zero
2017,BAL,3,0.05310982531394854,0.08362369337979095,0.004441239747507892,single
2017,BUF,3,0.2273898421956608,0.07731849869727483,0.01758144121757873,single
2017,CAR,3,0.06317890162153146,0.0,0.0,zero
2017,CHI,3,0.2754119798599666,0.0,0.0,single
2017,CIN,3,-0.5947071077466928,0.0,-0.0,zero
2017,CLE,3,0.38566248081198473,0.0,0.0,single
2017,DAL,3,0.021978906718775167,0.10412734881431034,0.002288605286463091,double
2017,DEN,3,-0.32047189527477177,0.0,-0.0,zero
2017,DET,3,0.058840500022933395,0.0,0.0,single
2017,GB,3,0.2336148511815051,0.06184828464538725,0.014448677813263509,double
2017,HOU,3,-0.4999559515290868,0.0,-0.0,zero
2017,IND,3,0.13005312824819795,0.005832847262728106,0.0007585800331117288,double
2017,JAX,3,-0.36179004460550285,0.0,-0.0,zero
2017,KC,3,-0.017699577099400975,0.0,-0.0,zero
2017,LA,3,0.0727593542824283,0.09068838593468556,0.006598428401523374,single
2017,LAC,3,-0.1335313926245225,0.0,-0.0,zero
2017,LV,3,0.030771658666753687,0.0,0.0,zero
2017,MIA,3,-0.42488319396526614,0.0,-0.0,single
2017,MIN,3,-0.08701137698962981,0.0,-0.0,zero
2017,NE,3,0.13815033848081718,0.0,0.0,zero
2017,NO,3,0.4149438520627083,0.155208739758096,0.06440291234902278,double
2017,NYG,3,-0.3083013596545167,0.0,-0.0,zero
2017,NYJ,3,0.32090772008010127,0.09072773699329716,0.02911523122654605,double
2017,PHI,3,0.04652001563489291,0.0,0.0,double
2017,PIT,3,0.16251892949777494,0.05101617586063874,0.008291094287941234,single
2017,SEA,3,0.0,0.07241635687732342,0.0,single
2017,SF,3,0.676886659688165,0.029218215319821005,0.01977742016988321,single
2017,TB,3,0.287682072451781,0.0,0.0,single
2017,TEN,3,0.06595796779179737,0.016660268714011515,0.0010988774672414609,single
2017,WAS,3,0.0,0.014554028782827872,0.0,single
2018,ARI,3,-0.03636764417087483,0.0,-0.0,zero
2018,ATL,3,-0.3321338350226148,0.01250971250971251,-0.004154898790881195,single
2018,BAL,3,0.0,0.0,0.0,zero
2018,BUF,3,0.01904819497069441,0.0,0.0,zero
2018,CAR,3,0.04652001563489291,0.05999331550802139,0.002790889975422218,double
2018,CHI,3,-0.06187540371808741,0.0,-0.0,zero
2018,CIN,3,-0.4238142467763611,0.07968647942521227,-0.03377226525585633,single
2018,CLE,3,0.287682072451781,0.06948051948051948,0.019988299839182187,single
2018,DAL,3,-0.1541506798272581,0.0,-0.0,zero
2018,DEN,3,-0.0953101798043249,0.0,-0.0,zero
2018,DET,3,-0.41616039722491244,0.0702788844621514,-0.029247288474292654,single
2018,GB,3,0.4989911661189879,0.01821537473920719,0.009089311082411351,double
2018,HOU,3,-0.028987536873252298,0.061767500791891035,-0.0017904877067735818,single
2018,IND,3,0.39465419200394874,0.0,0.0,zero
2018,JAX,3,-0.661398482245365,0.0,-0.0,single
2018,KC,3,0.1508228897345835,0.0,0.0,zero
2018,LA,3,0.13815033848081718,0.0,0.0,zero
2018,LAC,3,-0.17904823144898557,0.07519149601375645,-0.01346290438126654,single
2018,LV,3,0.1410785982599056,0.0,0.0,zero
2018,MIA,3,0.10265415406008337,0.0,0.0,single
2018,MIN,3,-0.5389965007326871,0.0,-0.0,single
2018,NE,3,0.09309042306601203,0.0,0.0,single
2018,NO,3,0.25378052077609964,0.0,0.0,zero
2018,NYG,3,0.3136575588550416,0.0,0.0,zero
2018,NYJ,3,-0.05264373348542191,0.0,-0.0,zero
2018,PHI,3,-0.37948962170490386,0.0,-0.0,single
2018,PIT,3,0.17904823144898563,0.08929758475515179,0.01598857462307583,single
2018,SEA,3,-0.16862271243579283,0.0,-0.0,zero
2018,SF,3,0.3184537311185346,0.0,0.0,zero
2018,TB,3,0.5773153650348237,0.05489192263936291,0.03168995035600711,single
2018,TEN,3,-0.20909179785855936,0.0,-0.0,single
2018,WAS,3,0.22314355131420976,0.0,0.0,zero
2019,ARI,3,-0.2363887780642304,0.04853892117541131,-0.011474056265211478,single
2019,ATL,3,-0.2392296890658341,0.0,-0.0,single
2019,BAL,3,-0.6286086594223742,0.0,-0.0,zero
2019,BUF,3,0.016260520871780326,0.0,0.0,zero
2019,CAR,3,0.21256144198367288,0.0,0.0,zero
2019,CHI,3,-0.46357273891544515,0.0,-0.0,single
2019,CIN,3,0.24116205681688824,0.0,0.0,zero
2019,CLE,3,0.05218575317057025,0.00876387613721726,0.00045734947691427057,double
2019,DAL,3,0.1786917887433759,0.0,0.0,zero
2019,DEN,3,0.1445812288111077,0.0,0.0,zero
2019,DET,3,-0.1670540846631662,0.05282112845138055,-0.008823985264320905,single
2019,GB,3,0.380772495517793,0.07208237986270023,0.027446987663181877,single
2019,HOU,3,-0.35667494393873245,0.0,-0.0,single
2019,IND,3,-0.01869213301215252,0.0,-0.0,single
2019,JAX,3,-0.551176919289558,0.0,-0.0,zero
2019,KC,3,-0.1823215567939546,0.08391137450333355,-0.015298852432168322,single
2019,LA,3,0.28768207245178085,0.10561028552345968,0.03038218581161319,double
2019,LAC,3,-0.21825356602001794,0.07188160676532769,-0.015688417007781414,single
2019,LV,3,0.47803580094299974,0.034199064365220196,0.016348377125329237,zero
2019,MIA,3,0.3448404862917296,0.0,0.0,zero
2019,MIN,3,-0.27625337662815824,0.0,-0.0,zero
2019,NE,3,0.1405819506211894,0.0,0.0,single
2019,NO,3,0.40546510810816455,0.0,0.0,double
2019,NYG,3,0.4877032063451366,0.0,0.0,single
2019,NYJ,3,-0.350202429433115,0.0,-0.0,zero
2019,PHI,3,0.32090772008010127,0.0,0.0,zero
2019,PIT,3,-0.05942342047080088,0.0,-0.0,single
2019,SEA,3,-0.05129329438755046,0.0,-0.0,single
2019,SF,3,0.0,0.0,0.0,zero
2019,TB,3,0.5947071077466929,0.1723927317147656,0.10252318287463982,double
2019,TEN,3,-0.17869178874337585,0.0,-0.0,zero
2019,WAS,3,-0.3083013596545167,0.0,-0.0,zero
2020,ARI,3,0.43721380642274466,0.0,0.0,zero
2020,ATL,3,-0.1112256351102245,0.08512508992086963,-0.009468092190263695,single
2020,BAL,3,-0.1286173778220937,0.0,-0.0,zero
2020,BUF,3,-0.017094433359299954,0.0,-0.0,zero
2020,CAR,3,-0.28090238546640206,0.024642426331207997,-0.0069221163401164045,single
2020,CHI,3,-0.5549968420791281,0.0688128087208312,-0.03819089153465641,single
2020,CIN,3,0.3184537311185346,0.0,0.0,zero
2020,CLE,3,-0.020202707317519466,0.06085458869843353,-0.0012294274444024805,single
2020,DAL,3,0.24889604741662438,0.008163595215001616,0.00203188658172317,single
2020,DEN,3,0.2186892009648295,0.0,0.0,single
2020,DET,3,-0.05884050002293335,0.0,-0.0,single
2020,GB,3,-0.23361485118150507,0.0,-0.0,zero
2020,HOU,3,0.07796154146971171,0.0,0.0,zero
2020,IND,3,0.0,0.07651715039577836,0.0,single
2020,JAX,3,0.14310084364067344,0.0,0.0,single
2020,KC,3,-0.03636764417087483,0.0,-0.0,zero
2020,LA,3,-0.2144098713454552,0.0,-0.0,zero
2020,LAC,3,0.17435338714477755,0.0,0.0,zero
2020,LV,3,-0.03077165866675366,0.0,-0.0,single
2020,MIA,3,0.21130909366720713,0.04154826818216727,0.008779526893015824,single
2020,MIN,3,-0.45198512374305727,0.0,-0.0,single
2020,NE,3,-0.08408311721054132,0.09065040650406504,-0.007622168755264518,single
2020,NO,3,0.12405264866997882,0.0,0.0,zero
2020,NYG,3,0.2666286632539488,0.09090909090909091,0.02423896938672262,single
2020,NYJ,3,0.17904823144898563,0.017350283841049013,0.003106537636877739,single
2020,PHI,3,0.3429447511268303,0.0,0.0,zero
2020,PIT,3,-0.33314444652853825,0.0,-0.0,zero
2020,SEA,3,-0.09763846956391606,0.0,-0.0,zero
2020,SF,3,-0.10354067894084033,0.0,-0.0,zero
2020,TB,3,0.0,0.08897080080948251,0.0,single
2020,TEN,3,-0.26662866325394874,0.050955917206509715,-0.013586308089650572,single
2020,WAS,3,0.2814124594381855,0.0,0.0,zero
2021,ARI,3,-0.4626235219481131,0.0,-0.0,single
2021,ATL,3,0.3746934494414107,0.013233131841202417,0.0049583678164931,single
2021,BAL,3,0.049596941139372186,0.08322944929236635,0.004127926097615856,zero
2021,BUF,3,0.0727593542824283,0.0,0.0,zero
2021,CAR,3,0.14763599880606448,0.07732497387669801,0.011415949750939154,single
2021,CHI,3,0.1388364448542159,0.0,0.0,zero
2021,CIN,3,-0.08701137698962969,0.0,-0.0,zero
2021,CLE,3,0.22314355131420976,0.048222073129822206,0.010760444649922058,single
2021,DAL,3,0.2326222952687535,0.0,0.0,single
2021,DEN,3,-0.0779615414697118,0.07767705799985261,-0.006055823178500719,single
2021,DET,3,0.03174869831458027,0.013894279282775751,0.00044112528124737007,zero
2021,GB,3,-0.3364722366212129,0.04660178811614843,-0.015680207877988322,single
2021,HOU,3,0.21130909366720713,0.0,0.0,zero
2021,IND,3,0.021506205220963463,0.0,0.0,zero
2021,JAX,3,0.44628710262841953,0.13271511097598054,0.05922904235247951,single
2021,KC,3,0.16551443847757333,0.0,0.0,zero
2021,LA,3,-0.3429447511268303,0.0,-0.0,zero
2021,LAC,3,-0.3764775712349121,0.018244191486043972,-0.0068685288998104966,single
2021,LV,3,0.3697470255060852,0.14593184412196314,0.05395786529071355,single
2021,MIA,3,0.11506932978478729,0.0729665071770335,0.008396207077598116,single
2021,MIN,3,0.25131442828090617,0.0,0.0,zero
2021,NE,3,0.1445812288111077,0.0,0.0,zero
2021,NO,3,-0.03509131981127017,0.03380151257910171,-0.0011861396880179299,single
2021,NYG,3,-0.05942342047080088,0.0,-0.0,single
2021,NYJ,3,0.49995595152908684,0.0,0.0,zero
2021,PHI,3,0.050010420574661416,0.0,0.0,zero
2021,PIT,3,-0.3496737484797488,0.0,-0.0,zero
2021,SEA,3,-0.25423413838424075,0.0,-0.0,single
2021,SF,3,0.05310982531394854,0.0,0.0,zero
2021,TB,3,-0.4595323293784404,0.0,-0.0,zero
2021,TEN,3,-0.09763846956391606,0.0,-0.0,single
2021,WAS,3,-0.6603573577369546,0.06158798283261802,-0.04067007761169656,single
2013,ARI,4,0.01709443335930004,0.0903862660944206,0.0015451020023470338,single
2013,ATL,4,0.24846135929849955,0.1693913577404252,0.04208720699760446,double
2013,BAL,4,0.1786917887433759,0.0,0.0,single
2013,BUF,4,0.0,0.0,0.0,zero
2013,CAR,4,-0.08338160893905101,0.0,-0.0,zero
2013,CHI,4,-0.380772495517793,0.0,-0.0,zero
2013,CIN,4,0.109199291964992,0.04585118197683643,0.0050069166076285405,zero
2013,CLE,4,-0.40546510810816444,0.0,-0.0,double
2013,DAL,4,0.25131442828090617,0.0,0.0,zero
2013,DEN,4,0.049596941139372186,0.0,0.0,single
2013,DET,4,-0.3101549283038396,0.08884435537742151,-0.027555514672285016,single
2013,GB,4,-0.40546510810816444,0.0,-0.0,zero
2013,HOU,4,0.1405819506211894,0.0,0.0,single
2013,IND,4,-0.13005312824819792,0.0,-0.0,zero
2013,JAX,4,0.3364722366212129,0.0,0.0,double
2013,KC,4,0.5773153650348237,0.0,0.0,zero
2013,LA,4,-0.05505977718302731,0.0,-0.0,zero
2013,LAC,4,-0.020619287202735703,0.0,-0.0,zero
2013,LV,4,-0.060624621816434736,0.0,-0.0,zero
2013,MIA,4,0.19004360288786487,0.0,0.0,single
2013,MIN,4,0.22314355131420976,0.08308485776452575,0.01853985022201227,single
2013,NE,4,0.40546510810816455,0.05934739241949273,0.024063296883307286,single
2013,NO,4,0.12136085700426734,0.051802983731913936,0.006286854501083195,single
2013,NYG,4,0.25423413838424086,0.0,0.0,zero
2013,NYJ,4,-0.3780661339200499,0.0,-0.0,single
2013,PHI,4,0.1267517056391438,0.0,0.0,zero
2013,PIT,4,-0.19530875232076586,0.0,-0.0,zero
2013,SEA,4,-0.3496737484797488,0.0,-0.0,zero
2013,SF,4,-0.5733459807473247,0.05947474747474747,-0.03409960742060856,single
2013,TB,4,0.16705408466316624,0.0,0.0,single
2013,TEN,4,0.04652001563489291,0.0,0.0,single
2013,WAS,4,-0.0953101798043249,0.0,-0.0,double
2014,ARI,4,-0.05218575317057019,0.031716265796983285,-0.0016551372183735674,single
2014,ATL,4,0.3022808718729337,0.0,0.0,single
2014,BAL,4,0.14571181118139379,0.0,0.0,single
2014,BUF,4,-0.1431008436406733,0.0,-0.0,zero
2014,CAR,4,-0.2696635669491026,0.0,-0.0,zero
2014,CHI,4,0.2744368457017602,0.0877435064935065,0.024080051152889838,single
2014,CIN,4,-0.10354067894084033,0.05435220227071423,-0.005627663925039635,single
2014,CLE,4,-0.47692407209030946,0.0,-0.0,single
2014,DAL,4,0.4578330936254803,0.0,0.0,zero
2014,DEN,4,0.02298951822469878,0.07814345991561182,0.0017964804958709767,single
2014,DET,4,0.0,0.0,0.0,zero
2014,GB,4,-0.08455738802806312,0.039227416460131614,-0.003316967874957779,single
2014,HOU,4,-0.35667494393873245,0.0,-0.0,zero
2014,IND,4,-0.27958486221916157,0.0,-0.0,zero
2014,JAX,4,0.6306268235786113,0.0,0.0,zero
2014,KC,4,-0.06744128079553253,0.0,-0.0,single
2014,LA,4,0.30010459245033816,0.0,0.0,zero
2014,LAC,4,0.5273549257172013,0.0,0.0,zero
2014,LV,4,0.030771658666753687,0.0,0.0,zero
2014,MIA,4,-0.34032580593720285,0.0,-0.0,zero
2014,MIN,4,0.43078291609245434,0.0,0.0,zero
2014,NE,4,-0.15762894420358317,0.0,-0.0,zero
2014,NO,4,-0.1823215567939546,0.0,-0.0,single
2014,NYG,4,-0.40546510810816444,0.0,-0.0,zero
2014,NYJ,4,-0.14310084364067344,0.0,-0.0,double
2014,PHI,4,0.3053816495511819,0.0,0.0,zero
2014,PIT,4,-0.03846628082779617,0.0,-0.0,zero
2014,SEA,4,-0.06669137449867216,0.0,-0.0,zero
2014,SF,4,-0.3364722366212129,0.03287299839023977,-0.011060851292809508,single
2014,TB,4,-0.4260843953109,0.0,-0.0,zero
2014,TEN,4,0.1861022796338607,0.0,0.0,zero
2014,WAS,4,0.31585294941847725,0.0,0.0,zero
2015,ARI,4,0.3294792011302424,0.0,0.0,zero
2015,ATL,4,0.4161603972249123,0.0,0.0,single
2015,BAL,4,0.24419696051204215,0.0,0.0,zero
2015,BUF,4,-0.01626052087178029,0.0,-0.0,single
2015,CAR,4,-0.29423947299793995,0.0,-0.0,zero
2015,CHI,4,0.661398482245365,0.0,0.0,zero
2015,CIN,4,-0.4547361571149472,0.0,-0.0,zero
2015,CLE,4,0.0,0.0,0.0,zero
2015,DAL,4,0.06744128079553248,0.0774166314900802,0.00522107678256676,single
2015,DEN,4,-0.30421137440299145,0.0,-0.0,zero
2015,DET,4,-0.325422400434628,0.0,-0.0,single
2015,GB,4,-0.29376111852816306,0.0,-0.0,double
2015,HOU,4,-0.14842000511827333,0.0,-0.0,single
2015,IND,4,0.0769610411361284,0.0,0.0,single
2015,JAX,4,0.5221893824163057,0.0,0.0,zero
2015,KC,4,-0.20633643299782845,0.0,-0.0,single
2015,LA,4,0.0,0.0,0.0,zero
2015,LAC,4,0.125163142954006,0.0,0.0,zero
2015,LV,4,-0.09237332013101504,0.0,-0.0,zero
2015,MIA,4,-0.4439313889359605,0.0,-0.0,zero
2015,MIN,4,0.18924199963852853,0.06633300963621423,0.012552991385598964,single
2015,NE,4,0.07847161544149531,0.0,0.0,single
2015,NO,4,-0.027398974188114614,0.06472982680181978,-0.0017735308537441897,zero
2015,NYG,4,-0.13353139262452274,0.0,-0.0,single
2015,NYJ,4,0.0,0.0,0.0,zero
2015,PHI,4,-0.026668247082161294,0.0,-0.0,single
2015,PIT,4,0.3677247801253175,0.0,0.0,single
2015,SEA,4,-0.40546510810816444,0.0,-0.0,zero
2015,SF,4,-0.2818511521409877,0.06454994758124906,-0.01819347709641541,single
2015,TB,4,-0.19782574332991992,0.0,-0.0,zero
2015,TEN,4,0.1786917887433759,0.0,0.0,zero
2015,WAS,4,0.3953127366441464,0.0,0.0,zero
2016,ARI,4,-0.4978384282391794,0.0,-0.0,single
2016,ATL,4,-0.19105523676270922,0.07712341426531126,-0.014734832172407548,single
2016,BAL,4,0.25378052077609964,0.0,0.0,zero
2016,BUF,4,0.2273898421956608,0.0,0.0,zero
2016,CAR,4,-0.21905356606268464,0.0,-0.0,double
2016,CHI,4,0.2754119798599666,0.0,0.0,zero
2016,CIN,4,-0.6286086594223742,0.07599931377594785,-0.04777382674971895,single
2016,CLE,4,0.4155154439616658,0.0,0.0,zero
2016,DAL,4,0.2451224580329851,0.0,0.0,zero
2016,DEN,4,-0.2708749541353996,0.09091668755744965,-0.02462705357226663,single
2016,DET,4,0.0,0.0,0.0,zero
2016,GB,4,-0.15415067982725836,0.0,-0.0,zero
2016,HOU,4,-0.44952509790219497,0.0,-0.0,zero
2016,IND,4,-0.02409755157906064,0.0,-0.0,single
2016,JAX,4,-0.025317807984289897,0.0,-0.0,single
2016,KC,4,-0.10178269430994236,0.0,-0.0,single
2016,LA,4,0.17185025692665942,0.0,0.0,zero
2016,LAC,4,0.1267517056391438,0.0,0.0,zero
2016,LV,4,-0.4155154439616658,0.0,-0.0,zero
2016,MIA,4,-0.1112256351102245,0.08230742173760112,-0.009154695257049783,single
2016,MIN,4,0.037041271680349076,0.0,0.0,single
2016,NE,4,0.1758906664636642,0.0,0.0,single
2016,NO,4,0.5363047090669756,0.0,0.0,single
2016,NYG,4,0.05715841383994862,0.0,0.0,double
2016,NYJ,4,-0.07550755250814517,0.0,-0.0,zero
2016,PHI,4,-0.10763066419236533,0.0,-0.0,zero
2016,PIT,4,0.10536051565782635,0.004728328494400664,0.0004981791283696477,double
2016,SEA,4,-0.2818511521409877,0.0,-0.0,zero
2016,SF,4,0.6451379613735847,0.0,0.0,single
2016,TB,4,0.19004360288786487,0.0,0.0,single
2016,TEN,4,0.06595796779179737,0.08959692898272553,0.005909631356086567,zero
2016,WAS,4,0.025317807984289786,0.07854297097324986,0.0019885358576163864,single
2017,ARI,4,-0.08855339734144495,0.08561020036429873,-0.0075810740893404605,single
2017,ATL,4,-0.4155154439616658,0.0,-0.0,zero
2017,BAL,4,0.07020425867324856,0.06265181338470559,0.004398424113207967,single
2017,BUF,4,0.12014431184206321,0.04698588182565175,0.005645086438235434,single
2017,CAR,4,-0.04445176257083381,0.0,-0.0,zero
2017,CHI,4,0.1365755350057509,0.0,0.0,single
2017,CIN,4,-0.47692407209030946,0.0,-0.0,zero
2017,CLE,4,0.3448404862917296,0.0,0.0,single
2017,DAL,4,-0.06899287148695143,0.06300508829691709,-0.0043469019598932285,double
2017,DEN,4,-0.4382549309311553,0.0,-0.0,zero
2017,DET,4,-0.06252035698133393,0.0,-0.0,single
2017,GB,4,0.38776553100876343,0.024955865832129675,0.00967702456617922,double
2017,HOU,4,-0.5845133395571499,0.0,-0.0,zero
2017,IND,4,0.2451224580329851,0.0,0.0,double
2017,JAX,4,-0.5596157879354228,0.0,-0.0,zero
2017,KC,4,-0.13102826240640428,0.0,-0.0,zero
2017,LA,4,0.15684247149296968,0.0,0.0,single
2017,LAC,4,0.06062462181643484,0.0,0.0,zero
2017,LV,4,0.17185025692665923,0.0,0.0,zero
2017,MIA,4,-0.23767165187711958,0.0,-0.0,single
2017,MIN,4,-0.5389965007326871,0.0,-0.0,zero
2017,NE,4,-0.1823215567939546,0.0,-0.0,zero
2017,NO,4,0.5050949490570058,0.16554081549605273,0.08361382976983395,double
2017,NYG,4,0.059423420470800806,0.0,0.0,zero
2017,NYJ,4,0.0,0.027735330073349634,0.0,double
2017,PHI,4,-0.07410797215372196,0.0,-0.0,double
2017,PIT,4,0.17904823144898563,0.08516138562670802,0.015247995484207136,single
2017,SEA,4,0.13062018241706402,0.0,0.0,single
2017,SF,4,0.5733459807473247,0.0,0.0,single
2017,TB,4,0.3794896217049038,0.0,0.0,single
2017,TEN,4,-0.02298951822469872,0.0,-0.0,single
2017,WAS,4,0.4054651081081644,0.0,0.0,single
2018,ARI,4,-0.21868920096482944,0.0,-0.0,zero
2018,ATL,4,-0.21772348384487053,0.028282009724473256,-0.006157657687346824,single
2018,BAL,4,-0.6118015411059929,0.0,-0.0,zero
2018,BUF,4,0.1758906664636642,0.0,0.0,zero
2018,CAR,4,0.1124779834266901,0.034759358288770054,0.003909662525526662,double
2018,CHI,4,-0.2484613592984996,0.0,-0.0,zero
2018,CIN,4,-0.2696635669491026,0.0892253417609878,-0.02406082392152069,single
2018,CLE,4,0.49401850544960957,0.06243218429179534,0.030842654375787325,single
2018,DAL,4,0.11551288712184443,0.0,0.0,zero
2018,DEN,4,0.16705408466316624,0.0,0.0,zero
2018,DET,4,-0.3536400402435783,0.011204481792717087,-0.0039623533920849115,single
2018,GB,4,0.5679840376059394,0.07929941911635276,0.04504080424951165,double
2018,HOU,4,0.0,0.0,0.0,single
2018,IND,4,0.5363047090669756,0.0,0.0,zero
2018,JAX,4,-0.6007738604289302,0.0,-0.0,single
2018,KC,4,-0.07232066157962626,0.0,-0.0,zero
2018,LA,4,0.03636764417087479,0.0,0.0,zero
2018,LAC,4,-0.3973017974690035,0.07399577167019028,-0.02939865308967257,single
2018,LV,4,0.4155154439616658,0.0,0.0,zero
2018,MIA,4,0.26028309826366636,0.0,0.0,single
2018,MIN,4,-0.31015492830383945,0.0,-0.0,single
2018,NE,4,0.39730179746900346,0.0,0.0,single
2018,NO,4,0.1823215567939546,0.0,0.0,zero
2018,NYG,4,0.4054651081081644,0.0,0.0,zero
2018,NYJ,4,-0.22957444164450025,0.0,-0.0,zero
2018,PHI,4,-0.1112256351102245,0.0,-0.0,single
2018,PIT,4,-0.04000533461369913,0.07571355323876261,-0.0030289460321088215,single
2018,SEA,4,-0.4228568508200336,0.0,-0.0,zero
2018,SF,4,0.07232066157962629,0.004281738385784628,0.00030965815277082543,zero
2018,TB,4,0.5947071077466929,0.06710948236371965,0.039910486158905405,single
2018,TEN,4,-0.1416505170630268,0.0,-0.0,single
2018,WAS,4,-0.28768207245178107,0.0,-0.0,zero
2019,ARI,4,-0.17185025692665928,0.0,-0.0,single
2019,ATL,4,-0.3237870770938973,0.0,-0.0,single
2019,BAL,4,-0.16251892949777508,0.0,-0.0,zero
2019,BUF,4,-0.050430853626891856,0.0,-0.0,zero
2019,CAR,4,-0.026668247082161294,0.0,-0.0,zero
2019,CHI,4,-0.6931471805599453,0.0,-0.0,single
2019,CIN,4,0.287682072451781,0.0,0.0,zero
2019,CLE,4,-0.13353139262452263,0.0,-0.0,double
2019,DAL,4,0.24889604741662438,0.0,0.0,zero
2019,DEN,4,0.2186892009648295,0.0,0.0,zero
2019,DET,4,-0.1670540846631662,0.013849431818181818,-0.0023136041554912934,single
2019,GB,4,-0.07598590697792199,0.05021849702700767,-0.0038158980436652566,single
2019,HOU,4,-0.2231435513142097,0.0,-0.0,single
2019,IND,4,-0.2754119798599667,0.0,-0.0,single
2019,JAX,4,-0.2708749541353996,0.0,-0.0,zero
2019,KC,4,0.11778303565638346,0.0,0.0,single
2019,LA,4,0.09097177820572659,0.0,0.0,double
2019,LAC,4,-0.019802627296179643,0.0,-0.0,single
2019,LV,4,0.03174869831458027,0.0,0.0,zero
2019,MIA,4,0.21130909366720713,0.0,0.0,zero
2019,MIN,4,-0.5050949490570059,0.0,-0.0,zero
2019,NE,4,0.0727593542824283,0.0,0.0,single
2019,NO,4,0.5108256237659908,0.0,0.0,double
2019,NYG,4,0.294799540220645,0.0,0.0,single
2019,NYJ,4,0.32668423025505,0.0,0.0,zero
2019,PHI,4,0.5162164724008671,0.0,0.0,zero
2019,PIT,4,-0.19004360288786487,0.0,-0.0,single
2019,SEA,4,-0.025317807984289897,0.0,-0.0,single
2019,SF,4,0.24613306953890837,0.0,0.0,zero
2019,TB,4,0.4855078157817008,0.05962705984388551,0.02894940358628962,double
2019,TEN,4,-0.4238142467763611,0.0,-0.0,zero
2019,WAS,4,0.07847161544149531,0.0,0.0,zero
2020,ARI,4,0.09237332013101507,0.0,0.0,zero
2020,ATL,4,0.2336148511815051,0.0886293089364483,0.02070512281750801,single
2020,BAL,4,0.06669137449867214,0.0,0.0,zero
2020,BUF,4,-0.0344861760711692,0.0,-0.0,zero
2020,CAR,4,0.040005334613699206,0.0,0.0,single
2020,CHI,4,0.0,0.08785221758746914,0.0,single
2020,CIN,4,0.030771658666753687,0.0,0.0,zero
2020,CLE,4,0.1823215567939548,0.08210332103321033,0.01496920530872876,single
2020,DAL,4,0.14165051706302684,0.056415746993905454,0.007991319732183609,single
2020,DEN,4,-0.19574457712609536,0.0,-0.0,single
2020,DET,4,-0.08961215868968704,0.0,-0.0,single
2020,GB,4,-0.1823215567939546,0.0,-0.0,zero
2020,HOU,4,0.1267517056391438,0.0,0.0,zero
2020,IND,4,0.1365755350057509,0.08516829191569676,0.011631905033912255,single
2020,JAX,4,0.24846135929849955,0.0,0.0,single
2020,KC,4,0.05218575317057025,0.0,0.0,zero
2020,LA,4,-0.258861633916289,0.0,-0.0,zero
2020,LAC,4,-0.18232155679395484,0.0,-0.0,zero
2020,LV,4,0.5108256237659907,0.0,0.0,single
2020,MIA,4,0.3022808718729337,0.0,0.0,single
2020,MIN,4,-0.2006706954621511,0.0,-0.0,single
2020,NE,4,-0.17589066646366416,0.061717352415026835,-0.010855506248651904,single
2020,NO,4,0.05505977718302739,0.0,0.0,zero
2020,NYG,4,0.30830135965451666,0.0,0.0,single
2020,NYJ,4,0.17904823144898563,0.020669992872416252,0.0037009256678692684,single
2020,PHI,4,-0.07061756721395342,0.0,-0.0,zero
2020,PIT,4,-0.33314444652853825,0.0,-0.0,zero
2020,SEA,4,-0.12361395596717677,0.0,-0.0,zero
2020,SF,4,-0.050430853626891856,0.0,-0.0,zero
2020,TB,4,-0.36772478012531756,0.046236559139784944,-0.01700232854342866,single
2020,TEN,4,-0.1865859555804122,0.0,-0.0,single
2020,WAS,4,-0.25489224962879004,0.0,-0.0,zero
2013,ARI,5,-0.03509131981127017,0.0,-0.0,single
2013,ATL,5,0.1650797503594486,0.167998667998668,0.027733178173940002,double
2013,BAL,5,0.24889604741662438,0.0,0.0,single
2013,BUF,5,0.10109611687136881,0.0,0.0,zero
2013,CAR,5,-0.17435338714477766,0.0,-0.0,zero
2013,CHI,5,-0.1823215567939547,0.0,-0.0,zero
2013,CIN,5,0.05608946665104358,0.08011917223608986,0.004493841639245379,zero
2013,CLE,5,-0.34830669426821587,0.0,-0.0,double
2013,DAL,5,0.336472236621213,0.0,0.0,zero
2013,DEN,5,-0.29334780998745813,0.0,-0.0,single
2013,DET,5,0.04348511193973889,0.08061544131195872,0.0035055714895219758,single
2013,GB,5,-0.516690743218389,0.0,-0.0,zero
2013,HOU,5,-0.41494385206270823,0.0,-0.0,single
2013,IND,5,-0.27958486221916157,0.0,-0.0,zero
2013,JAX,5,0.4382549309311553,0.0,0.0,double
2013,KC,5,0.29546421289383606,0.0,0.0,zero
2013,LA,5,-0.03636764417087483,0.0,-0.0,zero
2013,LAC,5,0.21905356606268467,0.0,0.0,zero
2013,LV,5,-0.02985296314968116,0.0,-0.0,zero
2013,MIA,5,-0.150282203049338,0.0,-0.0,single
2013,MIN,5,0.22314355131420976,0.06737247353224254,0.015033733004807204,single
2013,NE,5,0.13005312824819795,0.05148090700938031,0.0066952530016244904,single
2013,NO,5,0.3726752852851735,0.0,0.0,single
2013,NYG,5,0.0,0.0,0.0,zero
2013,NYJ,5,-0.325422400434628,0.0,-0.0,single
2013,PHI,5,0.43213335519032575,0.0,0.0,zero
2013,PIT,5,-0.19530875232076586,0.0,-0.0,zero
2013,SEA,5,-0.050430853626891856,0.0,-0.0,zero
2013,SF,5,-0.3184537311185346,0.0,-0.0,single
2013,TB,5,-0.03077165866675366,0.0,-0.0,single
2013,TEN,5,0.2326222952687535,0.0,0.0,single
2013,WAS,5,0.08701137698962969,0.0,0.0,double
2014,ARI,5,-0.0344861760711692,0.0,-0.0,single
2014,ATL,5,0.3237870770938973,0.0,0.0,single
2014,BAL,5,0.16251892949777494,0.0,0.0,single
2014,BUF,5,0.016529301951210506,0.0,0.0,zero
2014,CAR,5,-0.3697470255060851,0.0,-0.0,zero
2014,CHI,5,0.4895482253187058,0.09058584490348798,0.04434613961149807,single
2014,CIN,5,-0.6143663027068311,0.04193192428486546,-0.025761561288275576,single
2014,CLE,5,-0.03509131981127017,0.0,-0.0,single
2014,DAL,5,0.39465419200394874,0.0,0.0,zero
2014,DEN,5,0.0454623740767572,0.0,0.0,single
2014,DET,5,-0.1865859555804122,0.0,-0.0,zero
2014,GB,5,0.10265415406008337,0.0,0.0,single
2014,HOU,5,0.0,0.0,0.0,zero
2014,IND,5,0.2754119798599666,0.0,0.0,zero
2014,JAX,5,0.5810298824392391,0.0,0.0,zero
2014,KC,5,0.0425596144187959,0.0,0.0,single
2014,LA,5,0.04879016416943204,0.0,0.0,zero
2014,LAC,5,0.3483066942682158,0.0,0.0,zero
2014,LV,5,-0.0317486983145803,0.0,-0.0,zero
2014,MIA,5,-0.42488319396526614,0.0,-0.0,zero
2014,MIN,5,0.39688136441677296,0.0,0.0,zero
2014,NE,5,0.09909090264423097,0.0,0.0,zero
2014,NO,5,-0.40546510810816444,0.0,-0.0,single
2014,NYG,5,-0.48770320634513664,0.0,-0.0,zero
2014,NYJ,5,-0.02247285585205863,0.0,-0.0,double
2014,PHI,5,-0.1267517056391439,0.0,-0.0,zero
2014,PIT,5,-0.019048194970694474,0.0,-0.0,zero
2014,SEA,5,-0.4382549309311553,0.0,-0.0,zero
2014,SF,5,-0.26415157504158676,0.07443462632918976,-0.01966202378248744,single
2014,TB,5,-0.4260843953109,0.0,-0.0,zero
2014,TEN,5,0.22314355131420976,0.0,0.0,zero
2014,WAS,5,0.336472236621213,0.0,0.0,zero
2015,ARI,5,-0.27958486221916157,0.0,-0.0,zero
2015,ATL,5,0.20359895524123955,0.0,0.0,single
2015,BAL,5,0.21029540883636075,0.0,0.0,zero
2015,BUF,5,-0.04959694113937218,0.0,-0.0,single
2015,CAR,5,-0.04000533461369913,0.0,-0.0,zero
2015,CHI,5,0.5232481437645479,0.0,0.0,zero
2015,CIN,5,-0.48550781578170094,0.0,-0.0,zero
2015,CLE,5,-0.11332868530700324,0.0,-0.0,zero
2015,DAL,5,0.06744128079553248,0.0,0.0,single
2015,DEN,5,-0.30421137440299145,0.0,-0.0,zero
2015,DET,5,-0.4336359850748609,0.0,-0.0,single
2015,GB,5,-0.13613217432458005,0.0,-0.0,double
2015,HOU,5,-0.44952509790219497,0.0,-0.0,single
2015,IND,5,-0.19845093872383818,0.0,-0.0,single
2015,JAX,5,0.10821358464023279,0.0,0.0,zero
2015,KC,5,-0.05218575317057019,0.0,-0.0,single
2015,LA,5,0.3053816495511819,0.0,0.0,zero
2015,LAC,5,-0.06899287148695143,0.0,-0.0,zero
2015,LV,5,-0.02985296314968116,0.0,-0.0,zero
2015,MIA,5,-0.4439313889359605,0.0,-0.0,zero
2015,MIN,5,0.1361321743245799,0.0,0.0,single
2015,NE,5,0.235314086934465,0.0,0.0,single
2015,NO,5,0.3593740009078974,0.041904018728053063,0.015059214864419891,zero
2015,NYG,5,-0.1053605156578264,0.0,-0.0,single
2015,NYJ,5,0.14763599880606448,0.0,0.0,zero
2015,PHI,5,0.14660347419187544,0.0,0.0,single
2015,PIT,5,0.5108256237659908,0.0,0.0,single
2015,SEA,5,-0.33314444652853825,0.0,-0.0,zero
2015,SF,5,0.06782259633876109,0.03272791085373344,0.0022196918868437206,single
2015,TB,5,0.287682072451781,0.0,0.0,zero
2015,TEN,5,0.021506205220963463,0.0,0.0,zero
2015,WAS,5,0.1923718926474561,0.0,0.0,zero
2016,ARI,5,0.05715841383994862,0.0,0.0,single
2016,ATL,5,-0.3321338350226148,0.0,-0.0,single
2016,BAL,5,0.2708749541353995,0.0,0.0,zero
2016,BUF,5,0.12014431184206321,0.0,0.0,zero
2016,CAR,5,-0.32668423025505006,0.0,-0.0,double
2016,CHI,5,0.1365755350057509,0.0,0.0,zero
2016,CIN,5,-0.5108256237659909,0.0,-0.0,single
2016,CLE,5,0.3746934494414107,0.0,0.0,zero
2016,DAL,5,0.15415067982725855,0.0,0.0,zero
2016,DEN,5,-0.388657989791783,0.09040867389491243,-0.03513805345573751,single
2016,DET,5,-0.12136085700426735,0.0,-0.0,zero
2016,GB,5,0.0,0.0,0.0,zero
2016,HOU,5,-0.534082485930258,0.0,-0.0,zero
2016,IND,5,0.09097177820572659,0.0,0.0,single
2016,JAX,5,-0.2231435513142097,0.0,-0.0,single
2016,KC,5,-0.21511137961694557,0.0,-0.0,single
2016,LA,5,0.2559333741372007,0.0,0.0,zero
2016,LAC,5,0.32090772008010127,0.0,0.0,zero
2016,LV,5,-0.2744368457017603,0.0,-0.0,zero
2016,MIA,5,0.07598590697792205,0.08285552773964305,0.0062958524234311575,single
2016,MIN,5,-0.41494385206270823,0.05193045834274102,-0.021548224424118963,single
2016,NE,5,-0.14458122881110755,0.0,-0.0,single
2016,NO,5,0.6264558060612732,0.0,0.0,single
2016,NYG,5,0.424883193965266,0.0,0.0,double
2016,NYJ,5,-0.3964152725882465,0.0,-0.0,zero
2016,PHI,5,-0.2282586519809802,0.0,-0.0,zero
2016,PIT,5,0.12188981760903679,0.0,0.0,double
2016,SEA,5,-0.15123096972392366,0.0,-0.0,zero
2016,SF,5,0.5415972824327444,0.0,0.0,single
2016,TB,5,0.28185115214098766,0.0,0.0,single
2016,TEN,5,-0.02298951822469872,0.08798367475080449,-0.002022702294159584,zero
2016,WAS,5,0.43078291609245434,0.08245052147491172,0.035518276074306,single
2017,ARI,5,-0.2708749541353996,0.07923385446508963,-0.021462466694202077,single
2017,ATL,5,-0.3011050927839215,0.0,-0.0,zero
2017,BAL,5,-0.5415972824327444,0.0875572398547292,-0.047420763162633314,single
2017,BUF,5,0.2769867833350329,0.03424449506454062,0.009485272534859517,single
2017,CAR,5,0.021506205220963463,0.0,0.0,zero
2017,CHI,5,-0.050010420574661305,0.0,-0.0,single
2017,CIN,5,-0.322773392263051,0.0,-0.0,zero
2017,CLE,5,0.5511769192895581,0.0,0.0,single
2017,DAL,5,0.20067069546215105,0.022189452987851976,0.0044527729629969615,double
2017,DEN,5,-0.17589066646366416,0.0,-0.0,zero
2017,DET,5,0.0,0.0,0.0,single
2017,GB,5,0.4567584024957149,0.0,0.0,double
2017,HOU,5,-0.5555258026838976,0.0,-0.0,zero
2017,IND,5,0.38677297509601205,0.0,0.0,double
2017,JAX,5,-0.4989911661189879,0.0,-0.0,zero
2017,KC,5,-0.3541718137206139,0.0,-0.0,zero
2017,LA,5,0.05505977718302739,0.0,0.0,single
2017,LAC,5,-0.15762894420358317,0.0,-0.0,zero
2017,LV,5,0.44628710262841953,0.0,0.0,zero
2017,MIA,5,-0.0800427076735365,0.0,-0.0,single
2017,MIN,5,-0.31015492830383945,0.0,-0.0,zero
2017,NE,5,0.12188981760903679,0.0,0.0,zero
2017,NO,5,0.43363598507486073,0.033327979441053646,0.014452211195476005,double
2017,NYG,5,0.1512309697239237,0.0,0.0,zero
2017,NYJ,5,-0.17693070815907821,0.0,-0.0,double
2017,PHI,5,0.1941560144409572,0.0,0.0,double
2017,PIT,5,-0.04000533461369913,0.07955904973508802,-0.0031827864062001277,single
2017,SEA,5,-0.12361395596717677,0.0,-0.0,single
2017,SF,5,0.3272129112084162,0.0,0.0,single
2017,TB,5,0.39688136441677296,0.0,0.0,single
2017,TEN,5,0.044451762570833796,0.0,0.0,single
2017,WAS,5,-0.1053605156578264,0.0,-0.0,single
2018,ARI,5,-0.15415067982725836,0.0,-0.0,zero
2018,ATL,5,-0.3022808718729337,0.0,-0.0,single
2018,BAL,5,-0.14571181118139365,0.0,-0.0,zero
2018,BUF,5,0.109199291964992,0.0,0.0,zero
2018,CAR,5,-0.1267517056391439,0.07780458383594692,-0.009861863707750038,double
2018,CHI,5,-0.4780358009429998,0.0,-0.0,zero
2018,CIN,5,-0.2231435513142097,0.0,-0.0,single
2018,CLE,5,0.30830135965451666,0.054293447059788405,0.016738743548863285,single
2018,DAL,5,0.18571714579509285,0.0,0.0,zero
2018,DEN,5,0.24116205681688804,0.0,0.0,zero
2018,DET,5,-0.3536400402435783,0.03842329545454545,-0.013588015750836353,single
2018,GB,5,0.1112256351102244,0.040117486925997564,0.0044620929623702035,double
2018,HOU,5,0.13353139262452277,0.0,0.0,single
2018,IND,5,0.2795848622191615,0.0,0.0,zero
2018,JAX,5,-0.32047189527477177,0.0,-0.0,single
2018,KC,5,0.22778393087071197,0.0,0.0,zero
2018,LA,5,-0.16034265007517937,0.0,-0.0,zero
2018,LAC,5,-0.1988508587451653,0.0790719696969697,-0.015723529076914114,single
2018,LV,5,-0.03077165866675366,0.0,-0.0,zero
2018,MIA,5,0.1267517056391438,0.0,0.0,single
2018,MIN,5,-0.5389965007326871,0.0,-0.0,single
2018,NE,5,0.3294792011302424,0.0,0.0,single
2018,NO,5,0.28768207245178085,0.0,0.0,zero
2018,NYG,5,0.21256144198367288,0.0,0.0,zero
2018,NYJ,5,0.44731221804366483,0.0,0.0,zero
2018,PHI,5,0.08408311721054125,0.0,0.0,single
2018,PIT,5,-0.1706255170307632,0.0,-0.0,single
2018,SEA,5,-0.3968813644167731,0.0,-0.0,zero
2018,SF,5,0.3184537311185346,0.0,0.0,zero
2018,TB,5,0.4855078157817008,0.061217114773055796,0.02972138768192401,single
2018,TEN,5,-0.38677297509601205,0.0,-0.0,single
2018,WAS,5,0.09909090264423097,0.0,0.0,zero
2019,ARI,5,-0.516690743218389,0.0,-0.0,single
2019,ATL,5,0.021053409197832263,0.0,0.0,single
2019,BAL,5,0.032789822822990755,0.0,0.0,zero
2019,BUF,5,-0.06782259633876106,0.0,-0.0,zero
2019,CAR,5,0.29423947299793995,0.0,0.0,zero
2019,CHI,5,-0.13815033848081718,0.0,-0.0,single
2019,CIN,5,0.0,0.0,0.0,zero
2019,CLE,5,0.06899287148695142,0.0,0.0,double
2019,DAL,5,0.14165051706302684,0.0,0.0,zero
2019,DEN,5,-0.19574457712609536,0.0,-0.0,zero
2019,DET,5,-0.19782574332991992,0.0,-0.0,single
2019,GB,5,-0.02469261259037152,0.0,-0.0,single
2019,HOU,5,-0.17435338714477766,0.0,-0.0,single
2019,IND,5,-0.1388364448542158,0.0,-0.0,single
2019,JAX,5,-0.16551443847757344,0.0,-0.0,zero
2019,KC,5,0.2063364329978284,0.0,0.0,single
2019,LA,5,0.04652001563489291,0.0,0.0,double
2019,LAC,5,-0.3764775712349121,0.0,-0.0,single
2019,LV,5,0.5733459807473247,0.0,0.0,zero
2019,MIA,5,0.3022808718729337,0.0,0.0,zero
2019,MIN,5,-0.2537805207760996,0.0,-0.0,zero
2019,NE,5,-0.019048194970694474,0.0,-0.0,single
2019,NO,5,0.4418327522790394,0.0,0.0,double
2019,NYG,5,0.336472236621213,0.0,0.0,single
2019,NYJ,5,0.32668423025505,0.0,0.0,zero
2019,PHI,5,0.10265415406008337,0.0,0.0,zero
2019,PIT,5,-0.19004360288786487,0.0,-0.0,single
2019,SEA,5,-0.05129329438755046,0.0,-0.0,single
2019,SF,5,0.2992428948528569,0.0,0.0,zero
2019,TB,5,0.11778303565638346,0.07596006144393241,0.008946806625511769,double
2019,TEN,5,-0.3437715391028245,0.0,-0.0,zero
2019,WAS,5,-0.4578330936254803,0.0,-0.0,zero
