draft_year,team,grp,need_rank,cap_rank_prop_in_need_space,cap_pred_elastic,cap_resid_elastic,cap_resid_elastic_std
2001,IND,double,16,9.571428571428571,16.083012512030802,6.511583940602231,0.6552128819504434
2001,NYG,double,26,1.0,15.727244603327378,14.727244603327378,1.4818944926083226
2001,TB,double,30,28.857142857142858,15.584937439846009,-13.272205417296849,-1.3354845826499604
2001,ARI,single,2,16.0,16.581087584215595,0.5810875842155951,0.05847057708117455
2001,BAL,single,31,22.428571428571427,15.549360648975666,-6.879210779595761,-0.6922044715324099
2001,BUF,single,21,3.142857142857143,15.90512855767909,12.762271414821948,1.2841736680685223
2001,DAL,single,19,18.142857142857142,15.976282139419775,-2.1665750034373676,-0.21800653495571756
2001,DEN,single,15,5.285714285714286,16.118589302901146,10.832875017186861,1.0900326747785902
2001,GB,single,18,26.714285714285715,16.011858930290117,-10.702426783995598,-1.0769066268624075
2001,MIA,single,28,7.428571428571429,15.656091021586693,8.227519593015264,0.8278748877411689
2001,MIN,single,5,24.571428571428573,16.47435721160457,-8.097071359824003,-0.8147488398249864
2001,NE,single,12,31.0,16.22531967551217,-14.774680324487829,-1.4866676009414792
2001,SEA,single,1,11.714285714285714,16.61666437508594,4.902378660800226,0.49329036990932135
2001,TEN,single,29,20.285714285714285,15.620514230716351,-4.665200054997934,-0.469424828243535
2001,WAS,single,22,13.857142857142858,15.869551766808748,2.01240890966589,0.20249393287295764
2002,PHI,double,29,3.8666666666666667,16.94431372549019,13.077647058823523,1.4275726788995693
2002,BAL,single,28,5.733333333333333,16.85647058823529,11.123137254901955,1.2142158889380887
2002,CHI,single,22,18.8,16.329411764705878,-2.470588235294123,-0.2696925715805239
2002,CIN,single,13,9.466666666666667,15.538823529411761,6.072156862745095,0.6628444092623524
2002,DAL,single,21,2.0,16.241568627450977,14.241568627450977,1.554627845955283
2002,DET,single,6,15.066666666666666,14.923921568627447,-0.1427450980392191,-0.015582237469097274
2002,GB,single,26,24.4,16.680784313725486,-7.719215686274513,-0.842639456982702
2002,IND,single,7,20.666666666666668,15.01176470588235,-5.6549019607843185,-0.6172963305065317
2002,MIA,single,23,30.0,16.41725490196078,-13.582745098039219,-1.482709826867144
2002,MIN,single,4,16.933333333333334,14.748235294117643,-2.1850980392156902,-0.23852809664232993
2002,NYJ,single,20,13.2,16.153725490196074,2.9537254901960743,0.32243245224515854
2002,PIT,single,30,26.266666666666666,17.032156862745094,-9.234509803921572,-1.008050900885423
2002,SF,single,19,7.6,16.065882352941173,8.465882352941174,0.9241465452825929
2002,TB,single,25,28.133333333333333,16.592941176470585,-11.540392156862747,-1.2597639676939114
2002,TEN,single,2,11.333333333333334,14.57254901960784,3.2392156862745054,0.3535969271833523
2002,WAS,single,17,22.533333333333335,15.89019607843137,-6.643137254901966,-0.7251733591387409
2003,IND,double,14,20.7,17.536123348017625,-3.163876651982374,-0.46496555789173083
2003,PIT,double,20,10.2,15.093832599118945,4.893832599118946,0.7192011114758075
2003,SEA,double,21,6.0,14.686784140969166,8.686784140969166,1.2766159615799302
2003,ATL,single,24,22.8,13.465638766519827,-9.334361233480173,-1.3717843506220964
2003,CHI,single,8,14.4,19.978414096916303,5.578414096916303,0.8198076941775272
2003,CLE,single,12,24.9,18.350220264317187,-6.549779735682812,-0.9625602777407765
2003,DAL,single,18,8.1,15.907929515418505,7.807929515418506,1.1474588621655601
2003,JAX,single,17,18.6,16.314977973568286,-2.285022026431715,-0.33580845847736124
2003,KC,single,6,27.0,20.792511013215865,-6.207488986784135,-0.9122569863899168
2003,NE,single,27,16.5,12.244493392070487,-4.255506607929513,-0.6253922708485276
2003,TEN,single,15,12.3,17.129074889867844,4.829074889867844,0.7096842725715906
2004,CIN,double,10,9.0,11.183512703872182,2.183512703872182,0.29547584237643215
2004,GB,double,25,7.0,19.94585598579829,12.945855985798289,1.7518504453416925
2004,HOU,double,1,5.0,5.9261067347165195,0.9261067347165195,0.12532199473150807
2004,PHI,double,23,25.0,18.777543548208143,-6.222456451791857,-0.842031080690928
2004,ATL,single,3,3.0,7.094419172306667,4.094419172306667,0.5540622465049535
2004,CAR,single,26,11.0,20.530012204593362,9.530012204593362,1.2896139230224228
2004,CLE,single,28,21.0,21.69832464218351,0.6983246421835112,0.09449821910148688
2004,IND,single,15,15.0,14.104293797847554,-0.8957062021524465,-0.12120815424313716
2004,MIA,single,24,27.0,19.361699767003216,-7.638300232996784,-1.033624943727801
2004,NYJ,single,7,23.0,9.431044047486962,-13.568955952513038,-1.8361691613369189
2004,PIT,single,11,13.0,11.767668922667257,-1.2323310773327432,-0.1667606799428374
2004,SEA,single,18,17.0,15.856762454232772,-1.143237545767228,-0.15470442478896176
2004,SF,single,19,19.0,16.44091867302785,-2.5590813269721515,-0.3462982878258341
2004,TB,single,29,29.0,22.282480860978584,-6.717519139021416,-0.9090236217825768
2004,WAS,single,9,1.0,10.59935648507711,9.59935648507711,1.2989976832604957
2005,ARI,double,28,4.0,17.715515139345076,13.715515139345076,1.5169917651813305
2005,DEN,double,11,12.307692307692308,17.39292015089143,5.085227843199123,0.562446884701718
2005,IND,double,8,10.23076923076923,17.33599162351726,7.105222392748029,0.7858664986385216
2005,CLE,single,23,14.384615384615385,17.620634260388123,3.2360188757727375,0.35791685085427993
2005,DET,single,16,26.846153846153847,17.487801029848384,-9.358352816305462,-1.0350718885703327
2005,GB,single,4,20.615384615384617,17.260086920351693,-3.355297695032924,-0.3711095734563779
2005,JAX,single,14,31.0,17.449848678265603,-13.550151321734397,-1.498701854301153
2005,NE,single,25,28.923076923076923,17.658586611970904,-11.26449031110602,-1.2458984491142258
2005,NO,single,5,16.46153846153846,17.279063096143084,0.8175246346046237,0.09042155004229098
2005,NYG,single,17,18.53846153846154,17.506777205639775,-1.031684332821765,-0.11410848380514749
2005,NYJ,single,15,22.692307692307693,17.468824854056994,-5.2234828382507,-0.5777384495359676
2005,PIT,single,30,24.76923076923077,17.753467490927857,-7.015763278302913,-0.7759719566869507
2005,TEN,single,6,6.076923076923077,17.298039271934474,11.221116195011398,1.2411010954407347
2005,WAS,single,31,8.153846153846153,17.772443666719248,9.618597512873095,1.0638560106112687
2006,BUF,double,8,3.0,16.415819597069603,13.415819597069603,1.4153295666207542
2006,CHI,double,32,6.866666666666667,18.678456959706967,11.8117902930403,1.2461091859132896
2006,ATL,single,29,12.666666666666666,18.3956272893773,5.728960622710632,0.6043885203330778
2006,BAL,single,30,28.133333333333333,18.489903846153855,-9.643429487179478,-1.0173534891456637
2006,CAR,single,31,22.333333333333332,18.58418040293041,-3.7491529304029214,-0.39552462328437554
2006,CIN,single,9,8.8,16.51009615384616,7.710096153846159,0.8133925004783897
2006,DET,single,18,14.6,17.358585164835173,2.758585164835173,0.2910226332117211
2006,IND,single,16,24.266666666666666,17.170032051282057,-7.096634615384609,-0.74867410984358
2006,KC,single,10,20.4,16.604372710622716,-3.7956272893772827,-0.40042753166580064
2006,MIA,single,23,4.933333333333334,17.829967948717957,12.896634615384624,1.3605570758454077
2006,MIN,single,24,18.46666666666667,17.924244505494514,-0.5424221611721549,-0.05722394496605841
2006,NO,single,3,16.53333333333333,15.944436813186817,-0.5888965201465144,-0.06212685334748336
2006,PIT,single,28,26.2,18.301350732600742,-7.898649267399257,-0.833284300197312
2006,SEA,single,21,10.733333333333334,17.64141483516484,6.908081501831507,0.7287823101246574
2006,TEN,single,5,30.066666666666666,16.13298992673993,-13.933676739926735,-1.4699619742994876
2006,WAS,single,25,32.0,18.01852106227107,-13.98147893772893,-1.4750049657775244
2007,CIN,double,7,5.153846153846154,13.284712713835601,8.130866559989446,0.9109192706828817
2007,ATL,single,5,15.538461538461538,12.966693610914076,-2.5717679275474623,-0.2881209459831796
2007,CLE,single,21,17.615384615384617,15.510846434286282,-2.1045381810983343,-0.2357761464791351
2007,HOU,single,3,28.0,12.648674507992549,-15.351325492007451,-1.7198435268888619
2007,IND,single,27,25.923076923076923,16.464903743050858,-9.458173180026066,-1.0596204170337433
2007,JAX,single,28,11.384615384615385,16.623913294511624,5.239297909896239,0.5869703303775807
2007,MIN,single,13,23.846153846153847,14.238770022600178,-9.607383823553668,-1.0763368210698299
2007,NE,single,18,13.461538461538462,15.033817779903993,1.5722793183655313,0.17614598879816903
2007,NO,single,16,21.76923076923077,14.715798676982468,-7.053432092248302,-0.7902118636282718
2007,NYG,single,14,9.307692307692308,14.39777957406094,5.0900872663686325,0.570253926341494
2007,NYJ,single,24,3.076923076923077,15.98787508866857,12.910952011745493,1.4464429964001468
2007,SEA,single,19,19.692307692307693,15.192827331364755,-4.499480360942938,-0.504086906186714
2007,TEN,single,9,7.230769230769231,13.602731816757128,6.371962585987897,0.7138653019112194
2007,WAS,single,1,1.0,12.330655405071024,11.330655405071024,1.2693988127582487
2008,NYG,double,23,5.769230769230769,15.216340175899642,9.447109406668872,0.9285332101341566
2008,ARI,single,15,3.3846153846153846,16.86886776554607,13.484252380930686,1.3253340900959854
2008,BUF,single,7,1.0,18.521395355192503,17.521395355192503,1.7221349700578144
2008,CAR,single,19,24.846153846153847,16.04260397072286,-8.803549875430988,-0.8652793224390577
2008,DAL,single,27,10.538461538461538,14.390076381076426,3.8516148426148877,0.3785657749966312
2008,GB,single,22,20.076923076923077,15.422906124605444,-4.654016952317633,-0.4574319100934431
2008,HOU,single,3,29.615384615384617,19.34765915001572,-10.267725465368898,-1.0091895495996959
2008,KC,single,20,12.923076923076923,15.836038022017053,2.91296109894013,0.2863078010174678
2008,MIN,single,14,17.692307692307693,17.075433714251876,-0.6168739780558177,-0.060631030131614125
2008,NE,single,28,22.46153846153846,14.183510432370621,-8.278028029167839,-0.8136270692575831
2008,NO,single,1,15.307692307692308,19.760791047427325,4.453098739735017,0.43768415182443665
2008,NYJ,single,18,32.0,16.24916991942866,-15.75083008057134,-1.5481104523534355
2008,SF,single,6,27.23076923076923,18.727961303898308,-8.502807926870922,-0.8357201340251548
2008,TB,single,32,8.153846153846153,13.357246637547405,5.203400483701252,0.5114294697734831
2009,ATL,double,10,12.538461538461538,14.084005047513585,1.545543509052047,0.16431873930882518
2009,MIA,double,19,5.615384615384615,17.856120110221212,12.240735494836597,1.3014077008792921
2009,NE,double,16,3.3076923076923075,16.598748422652005,13.291056114959698,1.413075446987939
2009,NO,double,9,1.0,13.664881151657182,12.664881151657182,1.3465019212644687
2009,ARI,single,17,28.692307692307693,17.017872318508406,-11.674435373799287,-1.241199934864112
2009,BAL,single,31,24.076923076923077,22.88560686049805,-1.191316216425026,-0.12665808348623306
2009,BUF,single,11,14.846153846153847,14.503128943369989,-0.3430249027838581,-0.03646964271588018
2009,CAR,single,20,17.153846153846153,18.275244006077614,1.1213978522314605,0.11922451892364844
2009,DEN,single,5,10.23076923076923,11.988385568231571,1.7576163374623412,0.18686584950141363
2009,DET,single,1,7.923076923076923,10.311889984805958,2.388813061729035,0.253973277652031
2009,IND,single,22,26.384615384615383,19.113491797790424,-7.2711235868249595,-0.7730496450912308
2009,KC,single,7,31.0,12.826633359944376,-18.173366640055626,-1.9321518144271392
2009,MIN,single,13,21.76923076923077,15.341376735082795,-6.427854034147975,-0.6833951067480253
2009,WAS,single,23,19.46153846153846,19.532615693646825,0.07107723210836525,0.007556772815002014
2010,CHI,double,15,23.733333333333334,16.149292929292933,-7.584040404040401,-0.7568403685879634
2010,CLE,double,4,3.066666666666667,13.944848484848485,10.878181818181819,1.0855753263726615
2010,KC,double,11,1.0,15.34767676767677,14.34767676767677,1.4318094834310695
2010,DAL,single,13,32.0,15.74848484848485,-16.25151515151515,-1.6218007898313507
2010,DET,single,1,21.666666666666668,13.343636363636364,-8.323030303030304,-0.8305869940985995
2010,GB,single,25,25.8,18.153333333333336,-7.646666666666665,-0.7630900826142886
2010,HOU,single,18,7.2,16.750505050505055,9.550505050505055,0.9530813890145708
2010,IND,single,26,29.933333333333334,18.353737373737378,-11.579595959595956,-1.1555721234675016
2010,MIN,single,14,15.466666666666667,15.948888888888892,0.4822222222222248,0.04812279800270315
2010,NE,single,20,9.266666666666667,17.151313131313135,7.884646464646467,0.7868389959143243
2010,NO,single,19,13.4,16.950909090909093,3.5509090909090926,0.3543587852926306
2010,NYG,single,10,27.866666666666667,15.147272727272728,-12.719393939393939,-1.2693169187466178
2010,NYJ,single,32,11.333333333333334,19.55616161616162,8.222828282828287,0.8205874516564796
2010,PHI,single,29,17.533333333333335,18.9549494949495,1.4216161616161642,0.14186850839757892
2010,SEA,single,9,5.133333333333334,14.946868686868688,9.813535353535354,0.9793301879251356
2010,SF,single,22,19.6,17.552121212121214,-2.047878787878787,-0.2043656486608291
2011,PHI,double,22,17.0,17.49324438439452,0.4932443843945187,0.047246751034547965
2011,ARI,single,7,2.0,16.113832122952196,14.113832122952196,1.3519316865109319
2011,BAL,single,28,8.0,18.04500928897145,10.04500928897145,0.962188456739032
2011,BUF,single,15,14.0,16.849518662388103,2.8495186623881033,0.2729488729515173
2011,CHI,single,24,29.0,17.677166019253498,-11.322833980746502,-1.0845883602923279
2011,DEN,single,2,20.0,15.654028035804755,-4.345971964195245,-0.41629071083599745
2011,HOU,single,3,23.0,15.745988853234245,-7.254011146765755,-0.6948451305204278
2011,NE,single,13,11.0,16.665597027529127,5.665597027529127,0.5426945763413711
2011,NYG,single,26,5.0,17.861087654112474,12.861087654112474,1.2319341601288856
2011,PIT,single,32,32.0,18.4128525586894,-13.587147441310599,-1.3014817659147202
2011,SF,single,11,26.0,16.481675392670148,-9.518324607329852,-0.9117385361428204
2012,MIN,double,5,10.090909090909092,9.392796943476798,-0.698112147432294,-0.09415491389922725
2012,ARI,single,17,19.181818181818183,15.19120125856838,-3.990616923249803,-0.5382175259309966
2012,BUF,single,11,5.545454545454546,12.291999101022588,6.746544555568042,0.9099115723500799
2012,CHI,single,26,16.909090909090907,19.540004494887064,2.630913585796158,0.35483330731036855
2012,CIN,single,24,7.818181818181818,18.573603775705134,10.755421957523316,1.4505919028699896
2012,DAL,single,10,1.0,11.808798741431623,10.808798741431623,1.4577908701298907
2012,DET,single,22,21.454545454545453,17.607203056523204,-3.847342398022249,-0.5188939822333684
2012,GB,single,7,14.636363636363637,10.359197662658728,-4.277165973704909,-0.5768646133262527
2012,NE,single,3,12.363636363636363,8.426396224294868,-3.9372401393414957,-0.5310185586710955
2012,NO,single,15,26.0,14.224800539386449,-11.775199460613551,-1.5881300668354608
2012,NYG,single,21,23.727272727272727,17.12400269693224,-6.603270030340486,-0.8905880286524513
2012,TB,single,1,3.272727272727273,7.4599955051129365,4.187268232385664,0.5647400368885258
2013,ATL,double,9,2.75,13.440123456790124,10.690123456790124,1.2014029764105019
2013,CLE,double,21,22.0,16.231481481481485,-5.7685185185185155,-0.6482914201730069
2013,JAX,double,10,8.0,13.672736625514403,5.672736625514403,0.637527030799348
2013,WAS,double,14,16.75,14.603189300411524,-2.1468106995884764,-0.24126800543517274
2013,ARI,single,28,23.75,17.859773662551444,-5.890226337448556,-0.6619694788508144
2013,BAL,single,16,11.5,15.068415637860085,3.5684156378600846,0.4010342056126408
2013,DEN,single,29,29.0,18.092386831275725,-10.907613168724275,-1.2258454244619679
2013,DET,single,15,13.25,14.835802469135803,1.5858024691358032,0.17821943910374066
2013,HOU,single,23,20.25,16.696707818930044,-3.5532921810699563,-0.39933456518522037
2013,MIA,single,13,18.5,14.370576131687244,-4.129423868312756,-0.4640827719440727
2013,MIN,single,18,9.75,15.533641975308644,5.783641975308644,0.6499910606004273
2013,NE,single,6,27.25,12.742283950617283,-14.507716049382717,-1.630440781446346
2013,NO,single,1,4.5,11.579218106995883,7.079218106995883,0.7955935905493957
2013,NYJ,single,24,1.0,16.929320987654325,15.929320987654325,1.790206981623814
2013,SF,single,25,6.25,17.161934156378607,10.911934156378607,1.2263310360126605
2013,TB,single,3,15.0,12.044444444444444,-2.9555555555555557,-0.3321583006729116
2013,TEN,single,12,25.5,14.137962962962964,-11.362037037037036,-1.276915572543013
2014,NYJ,double,15,8.90909090909091,17.789073702322913,8.879982793232003,0.9603162738561414
2014,ARI,single,29,16.272727272727273,16.632778893031265,0.3600516203039916,0.03893739869290329
2014,ATL,single,4,26.09090909090909,18.69759105248064,-7.3933180384284505,-0.7995424986080274
2014,BAL,single,21,28.545454545454547,17.293518784055063,-11.251935761399483,-1.2168285992954073
2014,CHI,single,8,6.454545454545455,18.36722110696874,11.912675652423284,1.2882836105167912
2014,CIN,single,31,13.818181818181818,16.467593920275313,2.6494121020934944,0.286517847729496
2014,CLE,single,28,4.0,16.715371379409238,12.715371379409238,1.3750902843052704
2014,DEN,single,13,21.181818181818183,17.954258675078865,-3.2275595067393184,-0.34904098254820676
2014,GB,single,7,11.363636363636363,18.449813593346715,7.086177229710351,0.7663270832355867
2014,KC,single,16,31.0,17.70648121594494,-13.29351878405506,-1.4376134191239809
2014,NO,single,24,23.636363636363637,17.04574132492114,-6.590622311442498,-0.7127358248195484
2014,SF,single,26,18.727272727272727,16.88055635216519,-1.8467163751075368,-0.1997111739410165
2015,GB,double,25,5.769230769230769,15.800554269148726,10.031323499917956,0.9715125358166803
2015,ATL,single,1,15.307692307692308,18.41181833099351,3.1041260233012,0.3006280621312393
2015,BUF,single,32,22.46153846153846,15.038935584443998,-7.422602877094462,-0.7188634424505606
2015,DAL,single,13,10.538461538461538,17.10618630007112,6.567724761609581,0.6360702989739601
2015,DET,single,24,32.0,15.90935693839226,-16.09064306160774,-1.5583448628519914
2015,HOU,single,28,3.3846153846153846,15.474146261418129,12.089530876802744,1.1708455817472887
2015,IND,single,20,29.615384615384617,16.34456761536639,-13.270817000018226,-1.2852506527331375
2015,KC,single,29,8.153846153846153,15.365343592174597,7.211497438328443,0.6984183256978265
2015,MIN,single,18,1.0,16.562172953853455,15.562172953853455,1.507163646884639
2015,NE,single,19,27.23076923076923,16.453370284609925,-10.777398946159305,-1.0437683701235314
2015,NYG,single,10,12.923076923076923,17.432594307801715,4.509517384724791,0.4367372530433514
2015,PHI,single,8,20.076923076923077,17.650199646288783,-2.4267234306342935,-0.2350230489367189
2015,PIT,single,6,24.846153846153847,17.867804984775848,-6.978348861377999,-0.6758383774769332
2015,SF,single,27,17.692307692307693,15.582948930661662,-2.109358761646032,-0.2042869497221009
2016,CAR,double,31,14.5625,18.89723027158164,4.334730271581641,0.4362067907357902
2016,NYG,double,4,2.9375,14.312527377181757,11.375027377181757,1.1446765717493512
2016,PIT,double,24,6.8125,17.708603595255745,10.896103595255745,1.0964821529891808
2016,ARI,single,21,30.0625,17.199192162544648,-12.863307837455352,-1.294443224485936
2016,ATL,single,16,8.75,16.35017310802615,7.600173108026151,0.7648104755728868
2016,CIN,single,30,10.6875,18.727426460677943,8.039926460677943,0.8090631479786258
2016,DEN,single,29,32.0,18.557622649774245,-13.442377350225755,-1.352715374758933
2016,IND,single,12,18.4375,15.670957864411353,-2.7665421355886473,-0.27839897543616615
2016,JAX,single,10,1.0,15.331350242603953,14.331350242603953,1.4421733082727333
2016,KC,single,32,26.1875,19.067034082485343,-7.120465917514657,-0.716537221885628
2016,MIA,single,8,12.625,14.991742620796554,2.366742620796554,0.2381668843119467
2016,MIN,single,23,16.5,17.538799784352047,1.0387997843520473,0.10453511331949622
2016,NE,single,22,20.375,17.36899597344835,-3.0060040265516506,-0.3024961848162511
2016,NO,single,1,22.3125,13.803115944470658,-8.509384055529342,-0.8563049780364743
2016,SF,single,2,24.25,13.972919755374358,-10.277080244625642,-1.0341894214346639
2016,TB,single,13,4.875,15.840761675315052,10.965761675315052,1.10349189192281
2016,WAS,single,9,28.125,15.161546431700254,-12.963453568299746,-1.304520955998763
2017,DAL,double,15,15.736842105263158,15.634687241664368,-0.10215486359878945,-0.011799224892761329
2017,GB,double,8,8.368421052631579,13.660104712041882,5.291683659410303,0.6112069788860479
2017,IND,double,6,3.9473684210526314,13.095938275006887,9.148569853954255,1.0566901011967296
2017,NO,double,5,2.473684210526316,12.813855056489388,10.340170845963073,1.1943239601421998
2017,NYJ,double,7,1.0,13.378021493524384,12.378021493524384,1.4297024555104825
2017,PHI,double,12,12.789473684210526,14.788437586111876,1.9989639019013499,0.23088694752390843
2017,ARI,single,29,14.263157894736842,19.583852300909342,5.3206944061725,0.6145578161667721
2017,BAL,single,25,5.421052631578948,18.45551942683935,13.0344667952604,1.5055240607881348
2017,BUF,single,17,11.31578947368421,16.198853678699365,4.883064205015154,0.5640100793150037
2017,CHI,single,11,29.0,14.506354367594376,-14.493645632405624,-1.6740640465675145
2017,CLE,single,4,9.842105263157896,12.53177183797189,2.6896665748139945,0.3106653925692233
2017,DET,single,3,18.68421052631579,12.249688619454393,-6.434521906861399,-0.743208579423494
2017,LA,single,23,24.57894736842105,17.891352989804354,-6.687594378616698,-0.7724392876170406
2017,MIA,single,22,27.526315789473685,17.609269771286854,-9.91704601818683,-1.145451641930794
2017,PIT,single,21,26.05263157894737,17.327186552769355,-8.725445026178015,-1.007817782985324
2017,SEA,single,13,23.105263157894736,15.070520804629373,-8.034742353265363,-0.9280393379400084
2017,SF,single,1,20.157894736842106,11.685522182419396,-8.47237255442271,-0.9785870747917769
2017,TB,single,9,17.210526315789473,13.942187930559381,-3.2683383852300913,-0.3775039021581274
2017,TEN,single,14,6.894736842105263,15.35260402314687,8.457867181041607,0.9769116561514142
2017,WAS,single,10,21.63157894736842,14.224271149076879,-7.4073077982915425,-0.85556856994308
2018,CAR,double,12,14.0,15.39922376359375,1.3992237635937492,0.152405763057181
2018,GB,double,4,4.0,12.73819313684049,8.73819313684049,0.9517784270192382
2018,ATL,single,16,22.0,16.72973907697038,-5.270260923029621,-0.5740455232276765
2018,CIN,single,25,18.0,19.723398532067794,1.7233985320677938,0.18771541419280618
2018,CLE,single,6,2.0,13.403450793528805,11.403450793528805,1.2420826924844672
2018,DET,single,17,26.0,17.062367905314535,-8.937632094685465,-0.9735016476681104
2018,HOU,single,5,24.0,13.070821965184647,-10.929178034815353,-1.19042412037495
2018,JAX,single,32,28.0,22.051800330476894,-5.948199669523106,-0.6478877310672561
2018,LAC,single,31,8.0,21.71917150213274,13.719171502132738,1.4943148163269322
2018,MIA,single,7,6.0,13.736079621872962,7.736079621872962,0.8426265680440336
2018,MIN,single,30,12.0,21.386542673788583,9.386542673788583,1.0223977292904889
2018,NE,single,11,20.0,15.066594935249592,-4.933405064750408,-0.5373546268484818
2018,PHI,single,27,30.0,20.38865618875611,-9.611343811243891,-1.0468834404264997
2018,PIT,single,21,10.0,18.392883218691164,8.392883218691164,0.9141667004776637
2018,TB,single,2,16.0,12.072935480152175,-3.927064519847825,-0.4277423527920875
2018,TEN,single,23,32.0,19.05814087537948,-12.941859124620521,-1.4096486684877387
2019,CLE,double,26,11.375,19.658370350483256,8.283370350483256,0.8781909672780182
2019,LA,double,12,13.25,15.628484086693346,2.378484086693346,0.25216344946193836
2019,NO,double,6,28.25,13.901389973640526,-14.348610026359474,-1.5212189223687864
2019,TB,double,2,3.875,12.749993898271981,8.874993898271981,0.9409140417891948
2019,ARI,single,27,7.625,19.946219369325394,12.321219369325394,1.3062778915059923
2019,ATL,single,17,30.125,17.067729180904028,-13.057270819095972,-1.384313003699509
2019,CHI,single,32,32.0,21.385464463536074,-10.614535536463926,-1.1253377351925749
2019,DET,single,9,24.5,14.764937030166937,-9.735062969833063,-1.0320973232219837
2019,GB,single,11,2.0,15.34063506785121,13.34063506785121,1.4143548723082033
2019,HOU,single,20,18.875,17.93127623743044,-0.9437237625695616,-0.10005223101558693
2019,IND,single,24,9.5,19.082672312798984,9.582672312798984,1.0159410857434694
2019,KC,single,18,22.625,17.355578199746166,-5.269421800253834,-0.5586564927029752
2019,LAC,single,21,20.75,18.219125256272577,-2.5308747437274235,-0.26831968694045233
2019,NE,single,23,15.125,18.794823293956846,3.6698232939568456,0.3890693681312154
2019,NYG,single,5,5.75,13.613540954798392,7.863540954798392,0.833681260783158
2019,PIT,single,22,26.375,18.50697427511471,-7.868025724885289,-0.8341567296338779
2019,SEA,single,10,17.0,15.052786049009073,-1.9472139509909265,-0.2064408122254499
2020,ATL,single,8,6.625,14.139276470889703,7.514276470889703,0.8837437693957748
2020,CAR,single,19,26.5625,19.333121924969248,-7.229378075030752,-0.8502372590582082
2020,CHI,single,24,21.125,21.693960767732676,0.5689607677326762,0.06691469703866978
2020,CLE,single,20,17.5,19.805289693521935,2.305289693521935,0.2711219651279463
2020,DAL,single,16,22.9375,17.91661861931119,-5.0208813806888095,-0.590498986063208
2020,DEN,single,15,30.1875,17.444450850758503,-12.743049149241497,-1.4986925663932766
2020,DET,single,5,3.0,12.722773165231647,9.722773165231647,1.1434820423907752
2020,IND,single,11,32.0,15.55577977654776,-16.44422022345224,-1.9339822298722587
2020,JAX,single,9,4.8125,14.611444239442388,9.798944239442388,1.152440418157585
2020,LV,single,3,8.4375,11.778437628126275,3.340937628126275,0.392923101011069
2020,MIA,single,4,10.25,12.25060539667896,2.00060539667896,0.23528846206070678
2020,MIN,single,25,12.0625,22.166128536285363,10.103628536285363,1.1882739212248243
2020,NE,single,32,15.6875,25.471302916154162,9.783802916154162,1.15065966785272
2020,NYG,single,6,13.875,13.194940933784332,-0.6800590662156676,-0.07998081584001736
2020,NYJ,single,21,28.375,20.27745746207462,-8.097542537925381,-0.9523408931028465
2020,TB,single,22,19.3125,20.749625230627302,1.4371252306273021,0.16901833108330763
2020,TEN,single,17,24.75,18.388786387863874,-6.361213612136126,-0.7481336250135704
2021,ARI,single,24,28.133333333333333,19.962686141381866,-8.170647191951467,-1.022677695867901
2021,ATL,single,3,15.066666666666666,9.137787413704569,-5.928879252962098,-0.7420871849014596
2021,CAR,single,14,2.0,14.807972461535535,12.807972461535535,1.6031077414045432
2021,CLE,single,18,7.6,16.869857933474066,9.269857933474066,1.1602602253792615
2021,DAL,single,12,18.8,13.777029725566269,-5.022970274433732,-0.628699238382359
2021,DEN,single,10,3.8666666666666667,12.746086989597002,8.879420322930335,1.1113911668395224
2021,GB,single,26,9.466666666666667,20.99362887735113,11.526962210684465,1.4427703065665765
2021,JAX,single,2,11.333333333333334,8.622316045719936,-2.711017287613398,-0.33932402758567
2021,LAC,single,21,20.666666666666668,18.416272037427966,-2.250394629238702,-0.2816702692156831
2021,LV,single,8,16.933333333333334,11.715144253627734,-5.218189079705599,-0.6531337676522287
2021,MIA,single,11,13.2,13.261558357581634,0.06155835758163519,0.007704941581006274
2021,NO,single,28,26.266666666666666,22.0245716133204,-4.242095053346265,-0.53096112130288
2021,NYG,single,22,22.533333333333335,18.9317434054126,-3.6015899279207346,-0.45079240388389724
2021,SEA,single,19,30.0,17.3853293014587,-12.6146706985413,-1.5789131584122829
2021,TEN,single,13,5.733333333333333,14.2925010935509,8.559167760217566,1.0713068081300305
2021,WAS,single,30,24.4,23.055514349289666,-1.3444856507103324,-0.168282322696582
2022,CIN,double,12,8.75,12.30192565917968,3.5519256591796804,0.503571002976682
2022,MIN,double,14,6.166666666666667,13.757258097330723,7.590591430664056,1.0761491390021076
2022,BUF,single,32,13.916666666666666,26.85525004069009,12.938583374023425,1.8343557923053933
2022,CHI,single,9,19.083333333333332,10.118927001953121,-8.96440633138021,-1.2709204866709436
2022,CLE,single,29,24.25,24.67225138346353,0.42225138346352864,0.05986430265776693
2022,DEN,single,22,29.416666666666668,19.578587849934888,-9.83807881673178,-1.394784602065529
2022,HOU,single,5,1.0,7.208262125651039,6.208262125651039,0.8801706694723626
2022,KC,single,10,11.333333333333334,10.846593221028641,-0.48674011230469283,-0.06900713304874317
2022,LA,single,26,32.0,22.48925272623697,-9.51074727376303,-1.3483774727460636
2022,NE,single,31,26.833333333333332,26.12758382161457,-0.7057495117187607,-0.10005698980439771
2022,NO,single,24,21.666666666666668,21.033920288085927,-0.632746378580741,-0.08970703755251329
2022,NYJ,single,1,3.5833333333333335,4.297597249348957,0.7142639160156237,0.10126411166530697
2022,TEN,single,16,16.5,15.212590535481763,-1.2874094645182375,-0.18252129619144333
2023,CIN,double,14,14.0,14.15018561187916,0.15018561187915935,0.017126075711963385
2023,MIN,double,5,27.0,15.075012800819252,-11.924987199180748,-1.3598388759216662
2023,NE,double,27,5.333333333333333,12.814324116743471,7.480990783410138,0.853077821198137
2023,WAS,double,23,3.1666666666666665,13.225358422939067,10.0586917562724,1.1470201068250783
2023,ARI,single,18,20.5,13.739151305683563,-6.7608486943164365,-0.7709580509560074
2023,CHI,single,1,18.333333333333332,15.48604710701485,-2.8472862263184826,-0.3246838287331802
2023,DEN,single,26,22.666666666666668,12.91708269329237,-9.749583973374298,-1.1117717016893753
2023,IND,single,11,11.833333333333334,14.458461341525858,2.625128008192524,0.2993505200622981
2023,MIA,single,12,16.166666666666664,14.355702764976957,-1.810963901689707,-0.20650916225533802
2023,NYG,single,17,7.5,13.841909882232462,6.341909882232462,0.7231853134436882
2023,PIT,single,13,9.666666666666666,14.252944188428058,4.586277521761392,0.5229857580295997
2023,SEA,single,9,1.0,14.663978494623656,13.663978494623656,1.5581408052180854
2023,SF,single,25,24.833333333333332,13.019841269841269,-11.813492063492063,-1.3471247809332831
2024,DET,double,2,3.5833333333333335,16.319166666666675,12.735833333333341,1.2121463944828763
2024,NYG,double,19,6.166666666666667,16.568942708333346,10.402276041666678,0.9900476135566469
2024,PHI,double,11,1.0,16.451401041666678,15.451401041666678,1.4706034204566025
2024,ARI,single,4,16.5,16.34855208333334,-0.15144791666665824,-0.014414215492201751
2024,BAL,single,32,8.75,16.759947916666682,8.009947916666682,0.7623552564692645
2024,GB,single,10,21.666666666666668,16.436708333333343,-5.229958333333325,-0.49776681047273386
2024,HOU,single,12,13.916666666666666,16.46609375000001,2.5494270833333434,0.24264441644123583
2024,JAX,single,20,29.416666666666668,16.58363541666668,-12.833031249999987,-1.2213973089032433
2024,MIN,single,15,32.0,16.51017187500001,-15.489828124999988,-1.4742607587158159
2024,NO,single,26,11.333333333333334,16.67179166666668,5.338458333333348,0.5080934126164035
2024,SF,single,28,24.25,16.70117708333335,-7.548822916666651,-0.7184671973586746
2024,TB,single,6,26.833333333333332,16.37793750000001,-10.455395833333323,-0.9951033458561489
2024,WAS,single,1,19.083333333333332,16.304473958333343,-2.778859374999989,-0.2644808772241974
