draft_year,team,pdx4_prev,rank_prev,pct_prev
2001,BAL,1.4540355398688471,1.0,1.0
2001,TB,1.2600285469920849,2.0,0.9666666666666667
2001,TEN,1.0288850893799844,3.0,0.9333333333333333
2001,MIA,0.9118152281187446,4.0,0.9
2001,PHI,0.836530370123147,5.0,0.8666666666666667
2001,NYG,0.76815564325331,6.0,0.8333333333333334
2001,DET,0.6750210690990143,7.0,0.8
2001,NYJ,0.6066370336751964,8.0,0.7666666666666666
2001,PIT,0.5369119856001072,9.0,0.7333333333333334
2001,WAS,0.44533816284542327,10.0,0.7
2001,BUF,0.38453084089105305,11.0,0.6666666666666667
2001,LV,0.3728565456233994,12.0,0.6333333333333333
2001,DAL,0.34095163642616316,13.0,0.6
2001,GB,0.19899512873865866,14.0,0.5666666666666667
2001,LAC,0.18270709235898086,15.0,0.5333333333333333
2001,IND,-0.2631978189310289,16.0,0.5
2001,DEN,-0.268513425552456,17.0,0.4666666666666667
2001,KC,-0.31658650226921853,18.0,0.43333333333333335
2001,NO,-0.36916743119805856,19.0,0.4
2001,NE,-0.38648660653981526,20.0,0.3666666666666667
2001,CLE,-0.42282735839915186,21.0,0.33333333333333337
2001,CAR,-0.49119792755166747,22.0,0.30000000000000004
2001,CHI,-0.5177594934582588,23.0,0.2666666666666667
2001,CIN,-0.6370403582735054,24.0,0.23333333333333328
2001,ATL,-0.6874414095033895,25.0,0.19999999999999996
2001,JAX,-0.7620682081589142,26.0,0.16666666666666663
2001,MIN,-0.7718950528090796,27.0,0.1333333333333333
2001,LA,-0.7932300158058516,28.0,0.09999999999999998
2001,SF,-0.8826552646687912,29.0,0.06666666666666665
2001,ARI,-0.9283366716964886,30.0,0.033333333333333326
2001,SEA,-1.5049963681784633,31.0,0.0
2002,CLE,1.3941873089698749,1.0,1.0
2002,PIT,1.1103692202040454,2.0,0.9666666666666667
2002,PHI,1.0575520527395057,3.0,0.9333333333333333
2002,BAL,0.9686897403025567,4.0,0.9
2002,LA,0.9480092637628844,5.0,0.8666666666666667
2002,GB,0.8691705499539715,6.0,0.8333333333333334
2002,TB,0.706548495753502,7.0,0.8
2002,LV,0.5616353041615606,8.0,0.7666666666666666
2002,MIA,0.4922651578576401,9.0,0.7333333333333334
2002,CHI,0.36624953730277643,10.0,0.7
2002,DAL,0.2667377291910652,11.0,0.6666666666666667
2002,NYJ,0.2658701258747906,12.0,0.6333333333333333
2002,SF,0.24476244327371893,13.0,0.6
2002,NE,0.21020994224732842,14.0,0.5666666666666667
2002,WAS,0.2038668861647944,15.0,0.5333333333333333
2002,DEN,0.10960449018302985,16.0,0.5
2002,LAC,0.10156588100942736,17.0,0.4666666666666667
2002,SEA,-0.012721188566131233,18.0,0.43333333333333335
2002,CIN,-0.12158698699388057,19.0,0.4
2002,JAX,-0.2371281302859178,20.0,0.3666666666666667
2002,NYG,-0.4271302163972452,21.0,0.33333333333333337
2002,ARI,-0.4610035154480532,22.0,0.30000000000000004
2002,KC,-0.4827488921634009,23.0,0.2666666666666667
2002,CAR,-0.6004189773137123,24.0,0.23333333333333328
2002,IND,-0.7055218026105212,25.0,0.19999999999999996
2002,DET,-0.8133641040770673,26.0,0.16666666666666663
2002,BUF,-1.0113766876956976,27.0,0.1333333333333333
2002,MIN,-1.1529777017136749,28.0,0.09999999999999998
2002,NO,-1.1642991180153126,29.0,0.06666666666666665
2002,TEN,-1.34312520027629,30.0,0.033333333333333326
2002,ATL,-1.3438916073955076,31.0,0.0
2003,TB,1.9598373282029073,1.0,1.0
2003,GB,1.1383007243540613,2.0,0.967741935483871
2003,PHI,0.7869844241100705,3.0,0.935483870967742
2003,LV,0.7815781691165815,4.0,0.9032258064516129
2003,CAR,0.6116895102676252,5.0,0.8709677419354839
2003,NE,0.55757194304703,6.0,0.8387096774193549
2003,WAS,0.4841529774050706,7.0,0.8064516129032258
2003,MIA,0.4797571609594785,8.0,0.7741935483870968
2003,ATL,0.3270013509644464,9.0,0.7419354838709677
2003,BAL,0.3195753563466885,10.0,0.7096774193548387
2003,DEN,0.3112402875328038,11.0,0.6774193548387097
2003,SEA,0.2952609185506002,12.0,0.6451612903225806
2003,PIT,0.16355295969428557,13.0,0.6129032258064516
2003,NYG,0.15682218698568018,14.0,0.5806451612903225
2003,DAL,0.11590340475174175,15.0,0.5483870967741935
2003,JAX,0.11542168681978346,16.0,0.5161290322580645
2003,NYJ,0.11185997044759474,17.0,0.4838709677419355
2003,TEN,0.10330950225590835,18.0,0.4516129032258065
2003,IND,-0.013300679581382313,19.0,0.4193548387096774
2003,NO,-0.1548443439104386,20.0,0.3870967741935484
2003,CLE,-0.16515656868661133,21.0,0.3548387096774194
2003,SF,-0.19059047490137174,22.0,0.32258064516129037
2003,HOU,-0.24717481529597637,23.0,0.29032258064516125
2003,BUF,-0.36070230021199823,24.0,0.25806451612903225
2003,CHI,-0.5244356323960031,25.0,0.22580645161290325
2003,LAC,-0.5321175870917162,26.0,0.19354838709677424
2003,KC,-0.6288356228733133,27.0,0.16129032258064513
2003,LA,-0.6895046256859724,28.0,0.12903225806451613
2003,ARI,-1.0823036809638564,29.0,0.09677419354838712
2003,DET,-1.1180215036422378,30.0,0.06451612903225812
2003,CIN,-1.2674402638204836,31.0,0.032258064516129004
2003,MIN,-1.8453917627509921,32.0,0.0
2004,BAL,1.5711579289303035,1.0,1.0
2004,NE,1.2981966995572163,2.0,0.967741935483871
2004,BUF,1.1009037872127068,3.0,0.935483870967742
2004,TB,0.9352995523746219,4.0,0.9032258064516129
2004,CLE,0.7848630085943544,5.0,0.8709677419354839
2004,DAL,0.6440343836092278,6.0,0.8387096774193549
2004,CAR,0.5149281701517788,7.0,0.8064516129032258
2004,GB,0.45802125981701614,8.0,0.7741935483870968
2004,MIA,0.3403472441249187,9.0,0.7419354838709677
2004,PHI,0.3218329044551872,10.0,0.7096774193548387
2004,LA,0.2934098134473845,11.0,0.6774193548387097
2004,NO,0.22659979205881275,12.0,0.6451612903225806
2004,CHI,0.22645113606761336,13.0,0.6129032258064516
2004,SF,0.17907235551916692,14.0,0.5806451612903225
2004,SEA,0.14399259804236375,15.0,0.5483870967741935
2004,TEN,0.059927391438604025,16.0,0.5161290322580645
2004,KC,0.030271348090314565,17.0,0.4838709677419355
2004,IND,0.024207077182363576,18.0,0.4516129032258065
2004,MIN,-0.055320676752786124,19.0,0.4193548387096774
2004,DEN,-0.05679710372954194,20.0,0.3870967741935484
2004,JAX,-0.1463619706347671,21.0,0.3548387096774194
2004,PIT,-0.26694495136736435,22.0,0.32258064516129037
2004,CIN,-0.3805683639269548,23.0,0.29032258064516125
2004,WAS,-0.4381088319154856,24.0,0.25806451612903225
2004,LAC,-0.4976527263501729,25.0,0.22580645161290325
2004,NYJ,-0.6612372961576187,26.0,0.19354838709677424
2004,DET,-0.723713169748299,27.0,0.16129032258064513
2004,NYG,-0.7653387228955563,28.0,0.12903225806451613
2004,ARI,-1.1871688655975188,29.0,0.09677419354838712
2004,ATL,-1.233564599557802,30.0,0.06451612903225812
2004,LV,-1.2977821765753594,31.0,0.032258064516129004
2004,HOU,-1.4429569954647274,32.0,0.0
2005,BUF,1.6924943462845774,1.0,1.0
2005,WAS,1.0995559229167593,2.0,0.967741935483871
2005,PIT,1.070798258186164,3.0,0.935483870967742
2005,TB,0.8902764170254145,4.0,0.9032258064516129
2005,ARI,0.8388820451199852,5.0,0.8709677419354839
2005,MIA,0.6924253289914241,6.0,0.8387096774193549
2005,PHI,0.6260028053712479,7.0,0.8064516129032258
2005,NE,0.6134558736489142,8.0,0.7741935483870968
2005,BAL,0.5872972343845089,9.0,0.7419354838709677
2005,CLE,0.5532144383972524,10.0,0.7096774193548387
2005,CIN,0.2946707125611389,11.0,0.6774193548387097
2005,SEA,0.20897079396636584,12.0,0.6451612903225806
2005,CHI,0.06252452888576958,13.0,0.6129032258064516
2005,CAR,0.06050876263186861,14.0,0.5806451612903225
2005,LA,0.025299853618138746,15.0,0.5483870967741935
2005,NYG,0.022738828047762276,16.0,0.5161290322580645
2005,DET,-0.0019096862747923493,17.0,0.4838709677419355
2005,NYJ,-0.016752580429248987,18.0,0.4516129032258065
2005,JAX,-0.026050893760190125,19.0,0.4193548387096774
2005,ATL,-0.10002924421956716,20.0,0.3870967741935484
2005,HOU,-0.10400701583754743,21.0,0.3548387096774194
2005,DEN,-0.13880492343182163,22.0,0.32258064516129037
2005,LAC,-0.31112972471837996,23.0,0.29032258064516125
2005,DAL,-0.3188991726297411,24.0,0.25806451612903225
2005,IND,-0.3634481374867715,25.0,0.22580645161290325
2005,MIN,-0.6914362161806316,26.0,0.19354838709677424
2005,TEN,-0.8131752549503644,27.0,0.16129032258064513
2005,NO,-0.9923709878856567,28.0,0.12903225806451613
2005,GB,-1.0522763780957223,29.0,0.09677419354838712
2005,SF,-1.081707834534002,30.0,0.06451612903225812
2005,LV,-1.565757093430898,31.0,0.032258064516129004
2005,KC,-1.76136100617196,32.0,0.0
2006,CHI,1.3445530313960026,1.0,1.0
2006,CAR,1.2699015730944045,2.0,0.967741935483871
2006,BAL,0.8593637625091505,3.0,0.935483870967742
2006,ATL,0.7176493800955078,4.0,0.9032258064516129
2006,PIT,0.6309492908202595,5.0,0.8709677419354839
2006,JAX,0.5961958629618749,6.0,0.8387096774193549
2006,NYJ,0.5703800222270254,7.0,0.8064516129032258
2006,WAS,0.47732093669844133,8.0,0.7741935483870968
2006,MIN,0.46597596114538425,9.0,0.7419354838709677
2006,MIA,0.40974977033739546,10.0,0.7096774193548387
2006,TB,0.3961415862265862,11.0,0.6774193548387097
2006,SEA,0.30321578922551734,12.0,0.6451612903225806
2006,DAL,0.26909569532281813,13.0,0.6129032258064516
2006,DEN,0.17420383936114678,14.0,0.5806451612903225
2006,DET,0.1430260481036646,15.0,0.5483870967741935
2006,CLE,0.10371118745724646,16.0,0.5161290322580645
2006,IND,0.09140751803831274,17.0,0.4838709677419355
2006,GB,0.07876262484758806,18.0,0.4516129032258065
2006,ARI,0.047990554400131655,19.0,0.4193548387096774
2006,NYG,-0.04382656544158362,20.0,0.3870967741935484
2006,LAC,-0.140296036551326,21.0,0.3548387096774194
2006,PHI,-0.14432702147870072,22.0,0.32258064516129037
2006,KC,-0.29833065003613585,23.0,0.29032258064516125
2006,CIN,-0.4010615126551466,24.0,0.25806451612903225
2006,BUF,-0.48466282536671756,25.0,0.22580645161290325
2006,LV,-0.544030710340815,26.0,0.19354838709677424
2006,LA,-0.6302886256151217,27.0,0.16129032258064513
2006,TEN,-0.7345855833488031,28.0,0.12903225806451613
2006,NE,-0.819031864887817,29.0,0.09677419354838712
2006,NO,-1.0941461579024665,30.0,0.06451612903225812
2006,HOU,-1.713123152220649,31.0,0.032258064516129004
2006,SF,-1.9018837284231715,32.0,0.0
2007,CHI,1.2879661339288153,1.0,1.0
2007,BAL,1.1674673840148466,2.0,0.967741935483871
2007,LV,0.8735617961079079,3.0,0.935483870967742
2007,LAC,0.8207475150100635,4.0,0.9032258064516129
2007,JAX,0.8038527124130053,5.0,0.8709677419354839
2007,IND,0.7984819060841497,6.0,0.8387096774193549
2007,PHI,0.5563524934323258,7.0,0.8064516129032258
2007,CAR,0.5488474976896183,8.0,0.7741935483870968
2007,NYJ,0.4798888125715731,9.0,0.7419354838709677
2007,BUF,0.3822321252024812,10.0,0.7096774193548387
2007,DEN,0.3086597830625139,11.0,0.6774193548387097
2007,CLE,0.22464320622715644,12.0,0.6451612903225806
2007,MIA,0.17135368382072697,13.0,0.6129032258064516
2007,SEA,0.14491496096685405,14.0,0.5806451612903225
2007,NE,0.12687518574198065,15.0,0.5483870967741935
2007,PIT,0.11844150136674979,16.0,0.5161290322580645
2007,NO,-0.0013846191459518653,17.0,0.4838709677419355
2007,GB,-0.024973331285057937,18.0,0.4516129032258065
2007,NYG,-0.1053495171895569,19.0,0.4193548387096774
2007,MIN,-0.16307836128791092,20.0,0.3870967741935484
2007,DAL,-0.24781898733557833,21.0,0.3548387096774194
2007,LA,-0.34921951714471655,22.0,0.32258064516129037
2007,KC,-0.47127757137363424,23.0,0.29032258064516125
2007,TEN,-0.48111883896041463,24.0,0.25806451612903225
2007,TB,-0.5294553251727263,25.0,0.22580645161290325
2007,CIN,-0.6005010881102688,26.0,0.19354838709677424
2007,SF,-0.6904494201203907,27.0,0.16129032258064513
2007,ATL,-0.711394736249878,28.0,0.12903225806451613
2007,DET,-0.7967627631232852,29.0,0.09677419354838712
2007,HOU,-0.8672135500221932,30.0,0.06451612903225812
2007,ARI,-1.1058701777203714,31.0,0.032258064516129004
2007,WAS,-1.6684188933988393,32.0,0.0
2008,TB,1.2552223623847487,1.0,1.0
2008,PIT,1.2195259049479392,2.0,0.967741935483871
2008,IND,0.9816125595187188,3.0,0.935483870967742
2008,LAC,0.9289711629222938,4.0,0.9032258064516129
2008,NE,0.9258835884679066,5.0,0.8709677419354839
2008,DAL,0.8504540901565282,6.0,0.8387096774193549
2008,TEN,0.8297335387703819,7.0,0.8064516129032258
2008,WAS,0.7408469622372824,8.0,0.7741935483870968
2008,SEA,0.5991596860967543,9.0,0.7419354838709677
2008,NYG,0.49745801538865736,10.0,0.7096774193548387
2008,GB,0.26473377889915123,11.0,0.6774193548387097
2008,JAX,0.14477233816308505,12.0,0.6451612903225806
2008,KC,-0.011755968468500876,13.0,0.6129032258064516
2008,CAR,-0.038635806983982585,14.0,0.5806451612903225
2008,NYJ,-0.0394493424003369,15.0,0.5483870967741935
2008,PHI,-0.14269507663516542,16.0,0.5161290322580645
2008,CLE,-0.16631482699811792,17.0,0.4838709677419355
2008,ARI,-0.17801653724292235,18.0,0.4516129032258065
2008,MIN,-0.1843474142345922,19.0,0.4193548387096774
2008,DEN,-0.27227000923875583,20.0,0.3870967741935484
2008,CHI,-0.3206505454488387,21.0,0.3548387096774194
2008,CIN,-0.3992562158302017,22.0,0.32258064516129037
2008,LA,-0.5103532465316412,23.0,0.29032258064516125
2008,DET,-0.5284285935807513,24.0,0.25806451612903225
2008,LV,-0.5865864027930757,25.0,0.22580645161290325
2008,BUF,-0.6318122241352709,26.0,0.19354838709677424
2008,SF,-0.6797904889850933,27.0,0.16129032258064513
2008,ATL,-0.7312514713742982,28.0,0.12903225806451613
2008,MIA,-0.7885680420534218,29.0,0.09677419354838712
2008,HOU,-0.79907628295085,30.0,0.06451612903225812
2008,BAL,-0.8796802662284782,31.0,0.032258064516129004
2008,NO,-1.3494352258391586,32.0,0.0
2009,PIT,1.7171707087135761,1.0,1.0
2009,BAL,1.0720068579889674,2.0,0.967741935483871
2009,TEN,0.9051664177534672,3.0,0.935483870967742
2009,PHI,0.7032931461081492,4.0,0.9032258064516129
2009,DAL,0.6840542038431212,5.0,0.8709677419354839
2009,TB,0.5888386203499202,6.0,0.8387096774193549
2009,NYG,0.5205952078149307,7.0,0.8064516129032258
2009,GB,0.5080114718369864,8.0,0.7741935483870968
2009,CHI,0.48526988252749176,9.0,0.7419354838709677
2009,WAS,0.4483513085908032,10.0,0.7096774193548387
2009,IND,0.3848570853751345,11.0,0.6774193548387097
2009,SF,0.3288093418061575,12.0,0.6451612903225806
2009,CAR,0.27130841358326724,13.0,0.6129032258064516
2009,MIA,0.10298092156313254,14.0,0.5806451612903225
2009,CIN,0.08839375556372359,15.0,0.5483870967741935
2009,ARI,0.05137826627323332,16.0,0.5161290322580645
2009,NE,0.047654203261301695,17.0,0.4838709677419355
2009,NYJ,0.03829935675700033,18.0,0.4516129032258065
2009,LAC,-0.006785038006723615,19.0,0.4193548387096774
2009,MIN,-0.0792419469168017,20.0,0.3870967741935484
2009,LV,-0.0916697032045188,21.0,0.3548387096774194
2009,BUF,-0.12835347951987716,22.0,0.32258064516129037
2009,ATL,-0.29279214677316534,23.0,0.29032258064516125
2009,NO,-0.29296110222929794,24.0,0.25806451612903225
2009,CLE,-0.5855111850012524,25.0,0.22580645161290325
2009,KC,-0.7639122414876612,26.0,0.19354838709677424
2009,HOU,-0.7674825201941446,27.0,0.16129032258064513
2009,DEN,-0.9028300179044411,28.0,0.12903225806451613
2009,SEA,-1.0250370639569684,29.0,0.09677419354838712
2009,LA,-1.1485929048952686,30.0,0.06451612903225812
2009,JAX,-1.1758157192084309,31.0,0.032258064516129004
2009,DET,-1.6854541004118027,32.0,0.0
2010,NYJ,1.469897503333696,1.0,1.0
2010,BUF,1.4282637254537431,2.0,0.967741935483871
2010,DEN,0.7727681779807757,3.0,0.935483870967742
2010,PHI,0.6908430142123448,4.0,0.9032258064516129
2010,BAL,0.6596532528960346,5.0,0.8709677419354839
2010,CAR,0.6352993039313715,6.0,0.8387096774193549
2010,IND,0.5983516614037246,7.0,0.8064516129032258
2010,GB,0.5910307897448192,8.0,0.7741935483870968
2010,LAC,0.5476555333058266,9.0,0.7419354838709677
2010,CIN,0.5088430516544415,10.0,0.7096774193548387
2010,SF,0.3319668989134417,11.0,0.6774193548387097
2010,PIT,0.31641383543347723,12.0,0.6451612903225806
2010,NE,0.29669550464373906,13.0,0.6129032258064516
2010,NO,0.19066327202655647,14.0,0.5806451612903225
2010,HOU,0.18385782803389378,15.0,0.5483870967741935
2010,WAS,0.15268371425326338,16.0,0.5161290322580645
2010,ARI,0.12207022603521916,17.0,0.4838709677419355
2010,CHI,0.09246051009728207,18.0,0.4516129032258065
2010,MIN,0.04905064107788101,19.0,0.4193548387096774
2010,DAL,0.04157893811636826,20.0,0.3870967741935484
2010,TB,0.006922444731289806,21.0,0.3548387096774194
2010,KC,-0.4470504654704776,22.0,0.32258064516129037
2010,NYG,-0.47213889038731943,23.0,0.29032258064516125
2010,SEA,-0.5076492169951095,24.0,0.25806451612903225
2010,TEN,-0.5541807460732732,25.0,0.22580645161290325
2010,ATL,-0.7583272660608157,26.0,0.19354838709677424
2010,MIA,-0.7947205849829871,27.0,0.16129032258064513
2010,JAX,-0.9747464774934407,28.0,0.12903225806451613
2010,CLE,-1.0847642665627317,29.0,0.09677419354838712
2010,LV,-1.1439310009252792,30.0,0.06451612903225812
2010,LA,-1.459048501812317,31.0,0.032258064516129004
2010,DET,-1.4904124105154466,32.0,0.0
2011,PIT,1.1155685736616443,1.0,1.0
2011,LAC,1.1089676629125322,2.0,0.967741935483871
2011,GB,1.0701562245481728,3.0,0.935483870967742
2011,TB,0.6898568081004656,4.0,0.9032258064516129
2011,BAL,0.6796033844807534,5.0,0.8709677419354839
2011,KC,0.5946939846914017,6.0,0.8387096774193549
2011,NYG,0.553780973565438,7.0,0.8064516129032258
2011,NYJ,0.48918686138811784,8.0,0.7741935483870968
2011,CHI,0.4838241413880717,9.0,0.7419354838709677
2011,MIN,0.30261077413692344,10.0,0.7096774193548387
2011,PHI,0.2918872041555005,11.0,0.6774193548387097
2011,LA,0.2544981482040287,12.0,0.6451612903225806
2011,ATL,0.1640599221529067,13.0,0.6129032258064516
2011,TEN,0.1532077830274255,14.0,0.5806451612903225
2011,CAR,0.1380884240537018,15.0,0.5483870967741935
2011,DET,0.038473268567234625,16.0,0.5161290322580645
2011,NO,0.01625348024233672,17.0,0.4838709677419355
2011,BUF,-0.03310523920338333,18.0,0.4516129032258065
2011,LV,-0.04760221445180039,19.0,0.4193548387096774
2011,NE,-0.06242082333271887,20.0,0.3870967741935484
2011,IND,-0.11204749345944565,21.0,0.3548387096774194
2011,SF,-0.16117227781918647,22.0,0.32258064516129037
2011,MIA,-0.23558585977850063,23.0,0.29032258064516125
2011,CIN,-0.2434458115975888,24.0,0.25806451612903225
2011,CLE,-0.2439288361009174,25.0,0.22580645161290325
2011,ARI,-0.3199976100834483,26.0,0.19354838709677424
2011,SEA,-0.6327508386057271,27.0,0.16129032258064513
2011,DAL,-0.6999172987076647,28.0,0.12903225806451613
2011,WAS,-0.8321376099580795,29.0,0.09677419354838712
2011,HOU,-1.3264892124952112,30.0,0.06451612903225812
2011,DEN,-1.5647960309120394,31.0,0.032258064516129004
2011,JAX,-1.6293204627709452,32.0,0.0
2012,HOU,1.2240847291538184,1.0,1.0
2012,PIT,1.2212838129732726,2.0,0.967741935483871
2012,BAL,1.098272218600653,3.0,0.935483870967742
2012,SF,0.8568703806347991,4.0,0.9032258064516129
2012,NYJ,0.7980650530660218,5.0,0.8709677419354839
2012,SEA,0.7522192707911997,6.0,0.8387096774193549
2012,CHI,0.5193364564107501,7.0,0.8064516129032258
2012,JAX,0.40516582481678654,8.0,0.7741935483870968
2012,CIN,0.33140175222849894,9.0,0.7419354838709677
2012,CLE,0.28221636030612185,10.0,0.7096774193548387
2012,DET,0.25479787481619076,11.0,0.6774193548387097
2012,NYG,0.20973773930079964,12.0,0.6451612903225806
2012,PHI,0.1962643420933809,13.0,0.6129032258064516
2012,LV,0.13952297837638286,14.0,0.5806451612903225
2012,TEN,0.06727669050138063,15.0,0.5483870967741935
2012,ARI,0.01618554650281992,16.0,0.5161290322580645
2012,LA,-0.08545235049494374,17.0,0.4838709677419355
2012,NO,-0.09176285459313899,18.0,0.4516129032258065
2012,ATL,-0.15289997846886144,19.0,0.4193548387096774
2012,MIA,-0.20143102979157676,20.0,0.3870967741935484
2012,DEN,-0.2327701708494971,21.0,0.3548387096774194
2012,BUF,-0.32755235242375236,22.0,0.32258064516129037
2012,DAL,-0.40237464289351044,23.0,0.29032258064516125
2012,KC,-0.43633512023986515,24.0,0.25806451612903225
2012,WAS,-0.5098669208187764,25.0,0.22580645161290325
2012,GB,-0.6263096980430184,26.0,0.19354838709677424
2012,LAC,-0.6604373354221171,27.0,0.16129032258064513
2012,MIN,-0.7807782700732745,28.0,0.12903225806451613
2012,IND,-0.8135195074769036,29.0,0.09677419354838712
2012,NE,-0.8388928131650013,30.0,0.06451612903225812
2012,CAR,-1.077734086098077,31.0,0.032258064516129004
2012,TB,-1.1345838997205946,32.0,0.0
2013,PIT,1.1706222541852842,1.0,1.0
2013,SEA,1.154447041585654,2.0,0.967741935483871
2013,CHI,1.140223082503366,3.0,0.935483870967742
2013,DEN,1.04722790271509,4.0,0.9032258064516129
2013,ARI,0.7165407594424458,5.0,0.8709677419354839
2013,GB,0.670477440945166,6.0,0.8387096774193549
2013,LA,0.5812917748766917,7.0,0.8064516129032258
2013,SF,0.536877185866256,8.0,0.7741935483870968
2013,NYJ,0.5147082615873009,9.0,0.7419354838709677
2013,HOU,0.4177834881282456,10.0,0.7096774193548387
2013,CIN,0.36590278103614177,11.0,0.6774193548387097
2013,CLE,0.30694028305795296,12.0,0.6451612903225806
2013,CAR,0.3012681843712929,13.0,0.6129032258064516
2013,LAC,0.28135411966264195,14.0,0.5806451612903225
2013,MIN,0.2193690890561276,15.0,0.5483870967741935
2013,BUF,0.1948686860591065,16.0,0.5161290322580645
2013,BAL,0.15923864987872205,17.0,0.4838709677419355
2013,DET,-0.010643299637019807,18.0,0.4516129032258065
2013,WAS,-0.1524074769832831,19.0,0.4193548387096774
2013,MIA,-0.18592301159654753,20.0,0.3870967741935484
2013,TEN,-0.23285414304565863,21.0,0.3548387096774194
2013,IND,-0.5567288943356423,22.0,0.32258064516129037
2013,JAX,-0.5903030304369071,23.0,0.29032258064516125
2013,ATL,-0.6909907611833376,24.0,0.25806451612903225
2013,NYG,-0.7407650111455353,25.0,0.22580645161290325
2013,PHI,-0.7485001256780031,26.0,0.19354838709677424
2013,NE,-0.7852174169441336,27.0,0.16129032258064513
2013,DAL,-0.8299461512024162,28.0,0.12903225806451613
2013,LV,-0.9219863118062309,29.0,0.09677419354838712
2013,TB,-1.0587367173397166,30.0,0.06451612903225812
2013,KC,-1.1215350216481077,31.0,0.032258064516129004
2013,NO,-1.1526036119749763,32.0,0.0
2014,SEA,1.9163404747159536,1.0,1.0
2014,CIN,1.4106844291316656,2.0,0.967741935483871
2014,BUF,1.3086072507279587,3.0,0.935483870967742
2014,ARI,0.862582995115202,4.0,0.9032258064516129
2014,CLE,0.8522462495334456,5.0,0.8709677419354839
2014,NYG,0.8084200728101271,6.0,0.8387096774193549
2014,SF,0.6551895214016369,7.0,0.8064516129032258
2014,CAR,0.6409421702717678,8.0,0.7741935483870968
2014,NO,0.637884876995312,9.0,0.7419354838709677
2014,PIT,0.33500539821568465,10.0,0.7096774193548387
2014,MIA,0.2742364769527976,11.0,0.6774193548387097
2014,BAL,0.24726115751115316,12.0,0.6451612903225806
2014,HOU,0.15537836458723125,13.0,0.6129032258064516
2014,TB,-0.02394015534149102,14.0,0.5806451612903225
2014,NE,-0.07971901448761284,15.0,0.5483870967741935
2014,DET,-0.10172789455976515,16.0,0.5161290322580645
2014,KC,-0.10547294483902578,17.0,0.4838709677419355
2014,NYJ,-0.14246779830626677,18.0,0.4516129032258065
2014,TEN,-0.145176026061727,19.0,0.4193548387096774
2014,DEN,-0.1494562689350733,20.0,0.3870967741935484
2014,PHI,-0.24189658457150973,21.0,0.3548387096774194
2014,IND,-0.2826011255626117,22.0,0.32258064516129037
2014,LA,-0.5391338409454586,23.0,0.29032258064516125
2014,MIN,-0.617389046632955,24.0,0.25806451612903225
2014,CHI,-0.6817707279180888,25.0,0.22580645161290325
2014,GB,-0.7967185524246132,26.0,0.19354838709677424
2014,LAC,-0.8773255063495424,27.0,0.16129032258064513
2014,WAS,-0.9570927523137631,28.0,0.12903225806451613
2014,ATL,-1.0411325849372925,29.0,0.09677419354838712
2014,JAX,-1.0794196357330075,30.0,0.06451612903225812
2014,LV,-1.0828481296712809,31.0,0.032258064516129004
2014,DAL,-1.1594908483788628,32.0,0.0
2015,BUF,1.4864992086703306,1.0,1.0
2015,DEN,1.2555846684497294,2.0,0.967741935483871
2015,SEA,1.1702143315132798,3.0,0.935483870967742
2015,KC,0.8825770586071251,4.0,0.9032258064516129
2015,HOU,0.759706741297434,5.0,0.8709677419354839
2015,SF,0.6878996350769855,6.0,0.8387096774193549
2015,CLE,0.6847372971749638,7.0,0.8064516129032258
2015,GB,0.6406487898918152,8.0,0.7741935483870968
2015,DET,0.5892356236597494,9.0,0.7419354838709677
2015,MIA,0.29624529463305593,10.0,0.7096774193548387
2015,CIN,0.2710853366169334,11.0,0.6774193548387097
2015,CAR,0.23262978495948455,12.0,0.6451612903225806
2015,IND,0.2311318256259956,13.0,0.6129032258064516
2015,NE,0.1376211393233106,14.0,0.5806451612903225
2015,MIN,0.09836221533420123,15.0,0.5483870967741935
2015,BAL,0.02764121272876345,16.0,0.5161290322580645
2015,TEN,-0.06887494110985298,17.0,0.4838709677419355
2015,LAC,-0.1544660475444642,18.0,0.4516129032258065
2015,NYJ,-0.24403913593238577,19.0,0.4193548387096774
2015,DAL,-0.2978359290530741,20.0,0.3870967741935484
2015,LA,-0.31791415883714247,21.0,0.3548387096774194
2015,ARI,-0.4533170653842397,22.0,0.32258064516129037
2015,NYG,-0.45912013124318585,23.0,0.29032258064516125
2015,TB,-0.4990819172636246,24.0,0.25806451612903225
2015,PHI,-0.5844163834659349,25.0,0.22580645161290325
2015,NO,-0.5963506022364659,26.0,0.19354838709677424
2015,PIT,-0.7357746873535318,27.0,0.16129032258064513
2015,JAX,-0.8521995733032246,28.0,0.12903225806451613
2015,LV,-0.8769687296958619,29.0,0.09677419354838712
2015,WAS,-1.0902855363538229,30.0,0.06451612903225812
2015,CHI,-1.1092546263759981,31.0,0.032258064516129004
2015,ATL,-1.1119206984103531,32.0,0.0
2016,KC,1.5262251739993695,1.0,1.0
2016,CAR,1.4480126191413836,2.0,0.967741935483871
2016,CIN,1.294822269689411,3.0,0.935483870967742
2016,DEN,1.2731176793576477,4.0,0.9032258064516129
2016,HOU,0.805535139366495,5.0,0.8709677419354839
2016,SEA,0.7002061323496398,6.0,0.8387096774193549
2016,GB,0.5455209089943708,7.0,0.8064516129032258
2016,NYJ,0.4925806699959394,8.0,0.7741935483870968
2016,PIT,0.4580615598900652,9.0,0.7419354838709677
2016,MIN,0.43752609606275344,10.0,0.7096774193548387
2016,NE,0.41123649462550954,11.0,0.6774193548387097
2016,ARI,0.32596843915268614,12.0,0.6451612903225806
2016,LV,0.2780024865583062,13.0,0.6129032258064516
2016,PHI,0.1355063680806348,14.0,0.5806451612903225
2016,LA,0.11174956507372548,15.0,0.5483870967741935
2016,BUF,-0.0030415568355444123,16.0,0.5161290322580645
2016,ATL,-0.1856076992801604,17.0,0.4838709677419355
2016,BAL,-0.2179759076388631,18.0,0.4516129032258065
2016,TEN,-0.2576600833848625,19.0,0.4193548387096774
2016,TB,-0.2625164176369622,20.0,0.3870967741935484
2016,IND,-0.44702673103575463,21.0,0.3548387096774194
2016,CHI,-0.4594961792866803,22.0,0.32258064516129037
2016,JAX,-0.48112632524003407,23.0,0.29032258064516125
2016,WAS,-0.5192575242065656,24.0,0.25806451612903225
2016,MIA,-0.5793956071201907,25.0,0.22580645161290325
2016,LAC,-0.7431408798845315,26.0,0.19354838709677424
2016,DAL,-0.7624182373130577,27.0,0.16129032258064513
2016,DET,-0.7942080155439772,28.0,0.12903225806451613
2016,NYG,-0.8294697656455361,29.0,0.09677419354838712
2016,CLE,-0.9168584317966367,30.0,0.06451612903225812
2016,SF,-1.0657193361926818,31.0,0.032258064516129004
2016,NO,-1.719152904295897,32.0,0.0
2017,DEN,2.0719641402077946,1.0,1.0
2017,HOU,1.1093090710372426,2.0,0.967741935483871
2017,MIN,1.0105146141714563,3.0,0.935483870967742
2017,ARI,0.8287296001526747,4.0,0.9032258064516129
2017,CIN,0.6017146920212358,5.0,0.8709677419354839
2017,KC,0.46166754193964554,6.0,0.8387096774193549
2017,JAX,0.4220237477819026,7.0,0.8064516129032258
2017,BAL,0.4210189724387252,8.0,0.7741935483870968
2017,NE,0.36733865781258307,9.0,0.7419354838709677
2017,LA,0.3561446886530998,10.0,0.7096774193548387
2017,MIA,0.33757973831197247,11.0,0.6774193548387097
2017,PIT,0.32015123601649836,12.0,0.6451612903225806
2017,ATL,0.14372261082785817,13.0,0.6129032258064516
2017,NYG,0.1306334113696121,14.0,0.5806451612903225
2017,LAC,0.07760006604400732,15.0,0.5483870967741935
2017,BUF,-0.014448915571246394,16.0,0.5161290322580645
2017,CAR,-0.01682719704381458,17.0,0.4838709677419355
2017,DAL,-0.022506633236900803,18.0,0.4516129032258065
2017,TEN,-0.09273590930656447,19.0,0.4193548387096774
2017,SEA,-0.09788758964227798,20.0,0.3870967741935484
2017,PHI,-0.22047362203440107,21.0,0.3548387096774194
2017,CHI,-0.34316130971223807,22.0,0.32258064516129037
2017,WAS,-0.3719776692967851,23.0,0.29032258064516125
2017,TB,-0.49192493428220563,24.0,0.25806451612903225
2017,GB,-0.7520190502061628,25.0,0.22580645161290325
2017,NYJ,-0.7833794902623765,26.0,0.19354838709677424
2017,IND,-0.7881611807448566,27.0,0.16129032258064513
2017,NO,-0.7917472116321634,28.0,0.12903225806451613
2017,CLE,-0.8948473152968875,29.0,0.09677419354838712
2017,DET,-0.9503092900049162,30.0,0.06451612903225812
2017,LV,-0.950774554086175,31.0,0.032258064516129004
2017,SF,-1.0769309164263385,32.0,0.0
2018,JAX,1.4113251472036499,1.0,1.0
2018,LAC,1.0857444632631688,2.0,0.967741935483871
2018,MIN,0.9404767852742247,3.0,0.935483870967742
2018,BAL,0.9393271521870703,4.0,0.9032258064516129
2018,SEA,0.6686391598129826,5.0,0.8709677419354839
2018,PHI,0.5841250607362409,6.0,0.8387096774193549
2018,ARI,0.5774930864663047,7.0,0.8064516129032258
2018,CIN,0.5592720052596566,8.0,0.7741935483870968
2018,LA,0.5110699153315609,9.0,0.7419354838709677
2018,TEN,0.4880094753959604,10.0,0.7096774193548387
2018,BUF,0.42142544155025197,11.0,0.6774193548387097
2018,PIT,0.369780284582242,12.0,0.6451612903225806
2018,CHI,0.3300855932010038,13.0,0.6129032258064516
2018,DAL,0.3110085252500078,14.0,0.5806451612903225
2018,WAS,0.27422428444739644,15.0,0.5483870967741935
2018,DET,0.06908096466974012,16.0,0.5161290322580645
2018,ATL,0.06076043697909317,17.0,0.4838709677419355
2018,NO,0.021759045394697724,18.0,0.4516129032258065
2018,DEN,-0.03609953657930036,19.0,0.4193548387096774
2018,KC,-0.1199364587116039,20.0,0.3870967741935484
2018,CAR,-0.21931691291958164,21.0,0.3548387096774194
2018,NE,-0.2894060392455074,22.0,0.32258064516129037
2018,SF,-0.4104795049738291,23.0,0.29032258064516125
2018,NYJ,-0.6009535498664735,24.0,0.25806451612903225
2018,NYG,-0.6764603565716527,25.0,0.22580645161290325
2018,MIA,-0.7339033636015745,26.0,0.19354838709677424
2018,CLE,-0.7812519305851952,27.0,0.16129032258064513
2018,HOU,-1.002584661531582,28.0,0.12903225806451613
2018,GB,-1.0457233690404426,29.0,0.09677419354838712
2018,LV,-1.060685823247197,30.0,0.06451612903225812
2018,TB,-1.2773407728475719,31.0,0.032258064516129004
2018,IND,-1.3694645472837368,32.0,0.0
2019,CHI,1.8713225004682408,1.0,1.0
2019,BUF,1.332194281581068,2.0,0.967741935483871
2019,BAL,1.2858145438651527,3.0,0.935483870967742
2019,JAX,0.9217713319760961,4.0,0.9032258064516129
2019,MIN,0.9159299736623457,5.0,0.8709677419354839
2019,ARI,0.559805311354003,6.0,0.8387096774193549
2019,CLE,0.4527709200104498,7.0,0.8064516129032258
2019,TEN,0.3222314670502471,8.0,0.7741935483870968
2019,IND,0.26794856261686417,9.0,0.7419354838709677
2019,NE,0.2630487301449891,10.0,0.7096774193548387
2019,PIT,0.19146334614137644,11.0,0.6774193548387097
2019,LAC,0.17270066435412498,12.0,0.6451612903225806
2019,HOU,0.05888458686343277,13.0,0.6129032258064516
2019,WAS,-0.041344210510784934,14.0,0.5806451612903225
2019,KC,-0.050227078252725425,15.0,0.5483870967741935
2019,ATL,-0.1033014485205885,16.0,0.5161290322580645
2019,DAL,-0.14187103813056615,17.0,0.4838709677419355
2019,DEN,-0.16481561293556668,18.0,0.4516129032258065
2019,NYJ,-0.23460316510761356,19.0,0.4193548387096774
2019,SF,-0.2742746169688016,20.0,0.3870967741935484
2019,LA,-0.2995510913875993,21.0,0.3548387096774194
2019,GB,-0.30965070151808094,22.0,0.32258064516129037
2019,SEA,-0.34182040990380597,23.0,0.29032258064516125
2019,DET,-0.3565076381587982,24.0,0.25806451612903225
2019,CAR,-0.3676521934671588,25.0,0.22580645161290325
2019,PHI,-0.3938109639871976,26.0,0.19354838709677424
2019,NO,-0.41122338188725543,27.0,0.16129032258064513
2019,NYG,-0.5373821348762636,28.0,0.12903225806451613
2019,MIA,-0.8599599267901571,29.0,0.09677419354838712
2019,CIN,-0.9005418941800082,30.0,0.06451612903225812
2019,TB,-1.382213624970188,31.0,0.032258064516129004
2019,LV,-1.4451350885352134,32.0,0.0
2020,NE,1.9048404632148597,1.0,1.0
2020,SF,1.4655011260534432,2.0,0.967741935483871
2020,PIT,1.1986700826958347,3.0,0.935483870967742
2020,BUF,1.1559339506863242,4.0,0.9032258064516129
2020,BAL,0.7085003925456903,5.0,0.8709677419354839
2020,LA,0.6755876858426048,6.0,0.8387096774193549
2020,KC,0.66241600162136,7.0,0.8064516129032258
2020,MIN,0.5609446470539063,8.0,0.7741935483870968
2020,CHI,0.3997284321448743,9.0,0.7419354838709677
2020,NO,0.3576983600049007,10.0,0.7096774193548387
2020,TB,0.2934488263747526,11.0,0.6774193548387097
2020,NYJ,0.21821275250758992,12.0,0.6451612903225806
2020,CLE,0.16118219163545208,13.0,0.6129032258064516
2020,CAR,0.14492875537278446,14.0,0.5806451612903225
2020,GB,0.13128089770302676,15.0,0.5483870967741935
2020,TEN,0.10321423925737219,16.0,0.5161290322580645
2020,DAL,0.003070877567026231,17.0,0.4838709677419355
2020,DEN,-0.018541031852661566,18.0,0.4516129032258065
2020,PHI,-0.07669497367827567,19.0,0.4193548387096774
2020,SEA,-0.2162829596182968,20.0,0.3870967741935484
2020,LAC,-0.2307347499655638,21.0,0.3548387096774194
2020,IND,-0.2871383134710947,22.0,0.32258064516129037
2020,WAS,-0.3820467131923821,23.0,0.29032258064516125
2020,JAX,-0.5490723482660913,24.0,0.25806451612903225
2020,ATL,-0.6201556260440424,25.0,0.22580645161290325
2020,HOU,-0.6666086874987589,26.0,0.19354838709677424
2020,NYG,-1.0459513021580724,27.0,0.16129032258064513
2020,DET,-1.0989813684914527,28.0,0.12903225806451613
2020,MIA,-1.1790208858749405,29.0,0.09677419354838712
2020,LV,-1.2308671187708178,30.0,0.06451612903225812
2020,CIN,-1.2613760113603742,31.0,0.032258064516129004
2020,ARI,-1.2816875920389734,32.0,0.0
2021,LA,1.359901080732888,1.0,1.0
2021,PIT,1.227092063800828,2.0,0.967741935483871
2021,WAS,1.17652990090749,3.0,0.935483870967742
2021,BAL,1.0243224399692108,4.0,0.9032258064516129
2021,NO,0.863340604763947,5.0,0.8709677419354839
2021,TB,0.7901968392678393,6.0,0.8387096774193549
2021,GB,0.604332183667965,7.0,0.8064516129032258
2021,SF,0.5819560867639268,8.0,0.7741935483870968
2021,ARI,0.49794510925582536,9.0,0.7419354838709677
2021,BUF,0.4712819216219044,10.0,0.7096774193548387
2021,NYG,0.42092938121218226,11.0,0.6774193548387097
2021,LAC,0.39347131985957084,12.0,0.6451612903225806
2021,KC,0.2211858425925617,13.0,0.6129032258064516
2021,SEA,0.18484540541590963,14.0,0.5806451612903225
2021,CLE,0.025283083312470332,15.0,0.5483870967741935
2021,CHI,-0.0474325371621111,16.0,0.5161290322580645
2021,IND,-0.07324675276326346,17.0,0.4838709677419355
2021,NE,-0.11047460658192954,18.0,0.4516129032258065
2021,CAR,-0.2332984296266575,19.0,0.4193548387096774
2021,TEN,-0.23659206566800933,20.0,0.3870967741935484
2021,DAL,-0.24576112253629948,21.0,0.3548387096774194
2021,MIA,-0.253434112634004,22.0,0.32258064516129037
2021,DEN,-0.3231213299393645,23.0,0.29032258064516125
2021,PHI,-0.41459387312526974,24.0,0.25806451612903225
2021,LV,-0.41951656473395693,25.0,0.22580645161290325
2021,NYJ,-0.5855473751964185,26.0,0.19354838709677424
2021,CIN,-0.7074605675040925,27.0,0.16129032258064513
2021,MIN,-1.0263210985861768,28.0,0.12903225806451613
2021,HOU,-1.065549263064402,29.0,0.09677419354838712
2021,ATL,-1.0786675672604695,30.0,0.06451612903225812
2021,JAX,-1.159609196446673,31.0,0.032258064516129004
2021,DET,-1.861986800315417,32.0,0.0
2022,BUF,1.9222691571168515,1.0,1.0
2022,NE,1.0418355189677548,2.0,0.967741935483871
2022,GB,0.8808227217716791,3.0,0.935483870967742
2022,CLE,0.7960742222582862,4.0,0.9032258064516129
2022,TB,0.5783242547629573,5.0,0.8709677419354839
2022,NYG,0.5334031841808118,6.0,0.8387096774193549
2022,LA,0.48584834517751896,7.0,0.8064516129032258
2022,DAL,0.4417403960180478,8.0,0.7741935483870968
2022,NO,0.4346978884219333,9.0,0.7419354838709677
2022,IND,0.39919127621167855,10.0,0.7096774193548387
2022,DEN,0.30438454052565506,11.0,0.6774193548387097
2022,PHI,0.26314302693939745,12.0,0.6451612903225806
2022,LV,0.22744969549835908,13.0,0.6129032258064516
2022,PIT,0.20267011922339717,14.0,0.5806451612903225
2022,MIA,0.09642389861368912,15.0,0.5483870967741935
2022,CAR,0.0952793105430806,16.0,0.5161290322580645
2022,TEN,0.08751468642877774,17.0,0.4838709677419355
2022,ARI,0.06412780648416821,18.0,0.4516129032258065
2022,MIN,0.04486312545321389,19.0,0.4193548387096774
2022,SF,-0.07688832694548559,20.0,0.3870967741935484
2022,CIN,-0.15783921261027978,21.0,0.3548387096774194
2022,LAC,-0.20029830553704975,22.0,0.32258064516129037
2022,KC,-0.2198599521311877,23.0,0.29032258064516125
2022,CHI,-0.2660568221709252,24.0,0.25806451612903225
2022,SEA,-0.27355076341098417,25.0,0.22580645161290325
2022,ATL,-0.5816677122435446,26.0,0.19354838709677424
2022,WAS,-0.6573426098647618,27.0,0.16129032258064513
2022,HOU,-0.7904929045129996,28.0,0.12903225806451613
2022,JAX,-1.1477414490280688,29.0,0.09677419354838712
2022,DET,-1.1881760614936923,30.0,0.06451612903225812
2022,BAL,-1.5323175437798515,31.0,0.032258064516129004
2022,NYJ,-1.8078315108684277,32.0,0.0
2023,PHI,1.5661905736477937,1.0,1.0
2023,NYJ,1.0273977399772412,2.0,0.967741935483871
2023,NO,1.0238952617434607,3.0,0.935483870967742
2023,DAL,0.8445305637014139,4.0,0.9032258064516129
2023,BUF,0.785749110905604,5.0,0.8709677419354839
2023,NE,0.6573568494121389,6.0,0.8387096774193549
2023,DEN,0.6334287215168557,7.0,0.8064516129032258
2023,SF,0.604895272167498,8.0,0.7741935483870968
2023,KC,0.5424534932001086,9.0,0.7419354838709677
2023,WAS,0.31398670097729053,10.0,0.7096774193548387
2023,TB,0.20966239607219145,11.0,0.6774193548387097
2023,BAL,0.12506271327530571,12.0,0.6451612903225806
2023,LAC,-0.028213079787805406,13.0,0.6129032258064516
2023,CLE,-0.052522792130454896,14.0,0.5806451612903225
2023,ARI,-0.11448869995520461,15.0,0.5483870967741935
2023,NYG,-0.13762740297942008,16.0,0.5161290322580645
2023,LA,-0.14175851206233578,17.0,0.4838709677419355
2023,JAX,-0.15043307712095055,18.0,0.4516129032258065
2023,CIN,-0.15200221069140377,19.0,0.4193548387096774
2023,PIT,-0.1524067038792722,20.0,0.3870967741935484
2023,MIA,-0.15289267522240357,21.0,0.3548387096774194
2023,IND,-0.15694689501210862,22.0,0.32258064516129037
2023,HOU,-0.20593787634285657,23.0,0.29032258064516125
2023,SEA,-0.28710656866504153,24.0,0.25806451612903225
2023,GB,-0.3148254350872007,25.0,0.22580645161290325
2023,CAR,-0.35843584342633916,26.0,0.19354838709677424
2023,TEN,-0.5909027568188935,27.0,0.16129032258064513
2023,MIN,-0.9055088178495534,28.0,0.12903225806451613
2023,ATL,-0.9632631581899064,29.0,0.09677419354838712
2023,DET,-1.0047746097191685,30.0,0.06451612903225812
2023,LV,-1.193603978050868,31.0,0.032258064516129004
2023,CHI,-1.2709583036057053,32.0,0.0
2024,BAL,1.5425631640899926,1.0,1.0
2024,NYJ,1.4429877422028974,2.0,0.967741935483871
2024,CLE,1.4429197503821092,3.0,0.935483870967742
2024,KC,1.239371589252457,4.0,0.9032258064516129
2024,SF,0.9110008971609123,5.0,0.8709677419354839
2024,BUF,0.6907975037101599,6.0,0.8387096774193549
2024,NO,0.48610544250043736,7.0,0.8064516129032258
2024,LV,0.35595210121999876,8.0,0.7741935483870968
2024,CHI,0.26857689125188355,9.0,0.7419354838709677
2024,DAL,0.26321290891552473,10.0,0.7096774193548387
2024,NE,0.21996863250952797,11.0,0.6774193548387097
2024,CAR,0.20298574495249774,12.0,0.6451612903225806
2024,JAX,0.19546463351262244,13.0,0.6129032258064516
2024,NYG,0.15370938818576774,14.0,0.5806451612903225
2024,ATL,0.013593910867978815,15.0,0.5483870967741935
2024,IND,-0.19782660089325052,16.0,0.5161290322580645
2024,MIA,-0.2141734032114465,17.0,0.4838709677419355
2024,MIN,-0.30479158992352007,18.0,0.4516129032258065
2024,LA,-0.31524718274309504,19.0,0.4193548387096774
2024,PIT,-0.34202980257016147,20.0,0.3870967741935484
2024,HOU,-0.34401856647536994,21.0,0.3548387096774194
2024,PHI,-0.35635353941281367,22.0,0.32258064516129037
2024,GB,-0.36978487324968645,23.0,0.29032258064516125
2024,TEN,-0.41475836875143607,24.0,0.25806451612903225
2024,SEA,-0.5043012386604456,25.0,0.22580645161290325
2024,DEN,-0.5849257379762065,26.0,0.19354838709677424
2024,TB,-0.6074532236594868,27.0,0.16129032258064513
2024,LAC,-0.7837003290138317,28.0,0.12903225806451613
2024,ARI,-0.7915240943100321,29.0,0.09677419354838712
2024,CIN,-0.9051146315714724,30.0,0.06451612903225812
2024,DET,-1.1577251083805595,31.0,0.032258064516129004
2024,WAS,-1.235482009911954,32.0,0.0
2025,PHI,1.8016623765222097,1.0,1.0
2025,HOU,1.2045629956317716,2.0,0.967741935483871
2025,DEN,0.8093071657210995,3.0,0.935483870967742
2025,MIN,0.7094502399633437,4.0,0.9032258064516129
2025,SEA,0.5867021602418617,5.0,0.8709677419354839
2025,LAC,0.5642061603969736,6.0,0.8387096774193549
2025,MIA,0.5291400458304579,7.0,0.8064516129032258
2025,GB,0.5096347364931207,8.0,0.7741935483870968
2025,SF,0.43661044458917686,9.0,0.7419354838709677
2025,TEN,0.3238391552552723,10.0,0.7096774193548387
2025,NYJ,0.2944184021285146,11.0,0.6774193548387097
2025,PIT,0.23266659271690682,12.0,0.6451612903225806
2025,CIN,0.22356764291540096,13.0,0.6129032258064516
2025,BAL,0.0643507749454623,14.0,0.5806451612903225
2025,WAS,0.013583430862293536,15.0,0.5483870967741935
2025,LV,-0.0010228504865470028,16.0,0.5161290322580645
2025,LA,-0.08363865760268127,17.0,0.4838709677419355
2025,KC,-0.0871251607577524,18.0,0.4516129032258065
2025,BUF,-0.1036629923857869,19.0,0.4193548387096774
2025,ATL,-0.11081073614168743,20.0,0.3870967741935484
2025,NO,-0.1591550763306484,21.0,0.3548387096774194
2025,NE,-0.20317686098589874,22.0,0.32258064516129037
2025,ARI,-0.20471163427340905,23.0,0.29032258064516125
2025,TB,-0.2632880128921456,24.0,0.25806451612903225
2025,IND,-0.41643481915987046,25.0,0.22580645161290325
2025,DET,-0.4241974148716752,26.0,0.19354838709677424
2025,DAL,-0.4253411314078625,27.0,0.16129032258064513
2025,CAR,-0.9804565828551319,28.0,0.12903225806451613
2025,CHI,-0.9806730960158324,29.0,0.09677419354838712
2025,NYG,-0.9847127245807226,30.0,0.06451612903225812
2025,CLE,-1.0668807162162113,31.0,0.032258064516129004
2025,JAX,-1.8084138572500237,32.0,0.0
