draft_year,team,pdx4_prev,rank_prev,pct_prev,n_teams,need_rank,db_picks_top3,db_capital_top3,total_capital_top3,cap_rank,BRG,grp
2001,NYG,0.76815564325331,6,0.8333333333333334,31,26,2,980.0,1046.0,1,25.0,double
2001,TB,1.2600285469920849,2,0.9666666666666668,31,30,2,230.0,1330.0,14,16.0,double
2001,IND,-0.2631978189310289,16,0.5,31,16,2,666.0,1286.0,5,11.0,double
2001,MIA,0.9118152281187446,4,0.9,31,28,1,700.0,1245.0,4,24.0,single
2001,BAL,1.4540355398688471,1,1.0,31,31,1,284.0,1016.0,11,20.0,single
2001,TEN,1.0288850893799844,3,0.9333333333333332,31,29,1,300.0,488.0,10,19.0,single
2001,BUF,0.384530840891053,11,0.6666666666666667,31,21,1,800.0,1560.0,2,19.0,single
2001,WAS,0.4453381628454232,10,0.7,31,22,1,450.0,1576.0,7,15.0,single
2001,DEN,-0.268513425552456,17,0.4666666666666667,31,15,1,740.0,1285.0,3,12.0,single
2001,DAL,0.3409516364261631,13,0.6,31,19,1,340.0,838.0,9,10.0,single
2001,GB,0.1989951287386586,14,0.5666666666666667,31,18,1,235.0,2025.0,13,5.0,single
2001,NE,-0.3864866065398152,20,0.3666666666666667,31,12,1,160.0,2180.0,15,-3.0,single
2001,SEA,-1.5049963681784633,31,0.0,31,1,1,500.0,2800.0,6,-5.0,single
2001,ARI,-0.9283366716964886,30,0.0333333333333333,31,2,1,360.0,3520.0,8,-6.0,single
2001,MIN,-0.7718950528090796,27,0.1333333333333333,31,5,1,245.0,1255.0,12,-7.0,single
2001,PHI,0.836530370123147,5,0.8666666666666667,31,27,0,0.0,1346.0,16,11.0,zero
2001,DET,0.6750210690990143,7,0.8,31,25,0,0.0,1592.0,16,9.0,zero
2001,NYJ,0.6066370336751964,8,0.7666666666666666,31,24,0,0.0,1605.0,16,8.0,zero
2001,PIT,0.5369119856001072,9,0.7333333333333334,31,23,0,0.0,1457.0,16,7.0,zero
2001,LV,0.3728565456233994,12,0.6333333333333333,31,20,0,0.0,0.0,16,4.0,zero
2001,LAC,0.1827070923589808,15,0.5333333333333333,31,17,0,0.0,0.0,16,1.0,zero
2001,KC,-0.3165865022692185,18,0.4333333333333333,31,14,0,0.0,500.0,16,-2.0,zero
2001,NO,-0.3691674311980585,19,0.4,31,13,0,0.0,1185.0,16,-3.0,zero
2001,CLE,-0.4228273583991518,21,0.3333333333333333,31,11,0,0.0,3045.0,16,-5.0,zero
2001,CAR,-0.4911979275516674,22,0.3,31,10,0,0.0,1930.0,16,-6.0,zero
2001,CHI,-0.5177594934582588,23,0.2666666666666667,31,9,0,0.0,2170.0,16,-7.0,zero
2001,CIN,-0.6370403582735054,24,0.2333333333333332,31,8,0,0.0,2600.0,16,-8.0,zero
2001,ATL,-0.6874414095033895,25,0.1999999999999999,31,7,0,0.0,3654.0,16,-9.0,zero
2001,JAX,-0.7620682081589142,26,0.1666666666666666,31,6,0,0.0,1845.0,16,-10.0,zero
2001,LA,-0.7932300158058516,28,0.0999999999999999,31,4,0,0.0,0.0,16,-12.0,zero
2001,SF,-0.8826552646687912,29,0.0666666666666666,31,3,0,0.0,2120.0,16,-13.0,zero
2002,PHI,1.0575520527395057,3,0.9333333333333332,31,29,3,1330.0,1330.0,2,27.0,double
2002,BAL,0.9686897403025568,4,0.9,31,28,1,740.0,1190.0,3,25.0,single
2002,DAL,0.2667377291910652,11,0.6666666666666667,31,21,1,1400.0,2206.0,1,20.0,single
2002,PIT,1.1103692202040454,2,0.9666666666666668,31,30,1,124.0,1028.0,14,16.0,single
2002,SF,0.2447624432737189,13,0.6,31,19,1,680.0,1017.0,4,15.0,single
2002,GB,0.8691705499539715,6,0.8333333333333334,31,26,1,132.0,1020.5,13,13.0,single
2002,NYJ,0.2658701258747906,12,0.6333333333333333,31,20,1,330.0,1260.0,7,13.0,single
2002,CHI,0.3662495373027764,10,0.7,31,22,1,230.0,998.0,10,12.0,single
2002,TB,0.706548495753502,7,0.8,31,25,1,28.6,244.6,15,10.0,single
2002,CIN,-0.1215869869938805,19,0.4,31,13,1,490.0,2045.0,5,8.0,single
2002,MIA,0.4922651578576401,9,0.7333333333333334,31,23,1,27.0,233.0,16,7.0,single
2002,WAS,0.2038668861647944,15,0.5333333333333333,31,17,1,195.0,1125.0,12,5.0,single
2002,DET,-0.8133641040770673,26,0.1666666666666666,31,6,1,250.0,3000.0,8,-2.0,single
2002,IND,-0.7055218026105212,25,0.1999999999999999,31,7,1,220.0,1950.0,11,-4.0,single
2002,TEN,-1.34312520027629,30,0.0333333333333333,31,2,1,450.0,1705.0,6,-4.0,single
2002,MIN,-1.1529777017136749,28,0.0999999999999999,31,4,1,240.0,2260.0,9,-5.0,single
2002,CLE,1.3941873089698749,1,1.0,31,31,0,0.0,1640.0,17,14.0,zero
2002,LA,0.9480092637628844,5,0.8666666666666667,31,27,0,0.0,0.0,17,10.0,zero
2002,LV,0.5616353041615606,8,0.7666666666666666,31,24,0,0.0,0.0,17,7.0,zero
2002,NE,0.2102099422473284,14,0.5666666666666667,31,18,0,0.0,1125.0,17,1.0,zero
2002,DEN,0.1096044901830298,16,0.5,31,16,0,0.0,1381.0,17,-1.0,zero
2002,LAC,0.1015658810094273,17,0.4666666666666667,31,15,0,0.0,0.0,17,-2.0,zero
2002,SEA,-0.0127211885661312,18,0.4333333333333333,31,14,0,0.0,1320.0,17,-3.0,zero
2002,JAX,-0.2371281302859178,20,0.3666666666666667,31,12,0,0.0,1995.0,17,-5.0,zero
2002,NYG,-0.4271302163972452,21,0.3333333333333333,31,11,0,0.0,1740.0,17,-6.0,zero
2002,ARI,-0.4610035154480532,22,0.3,31,10,0,0.0,1795.0,17,-7.0,zero
2002,KC,-0.4827488921634009,23,0.2666666666666667,31,9,0,0.0,2150.0,17,-8.0,zero
2002,CAR,-0.6004189773137123,24,0.2333333333333332,31,8,0,0.0,3385.0,17,-9.0,zero
2002,BUF,-1.0113766876956976,27,0.1333333333333333,31,5,0,0.0,2632.0,17,-12.0,zero
2002,NO,-1.1642991180153126,29,0.0666666666666666,31,3,0,0.0,2330.0,17,-14.0,zero
2002,ATL,-1.3438916073955076,31,0.0,31,1,0,0.0,1152.0,17,-16.0,zero
2003,SEA,0.2952609185506002,12,0.6451612903225806,32,21,2,1730.0,1955.0,1,20.0,double
2003,PIT,0.1635529596942855,13,0.6129032258064516,32,20,2,1047.0,1357.0,3,17.0,double
2003,IND,-0.0133006795813823,19,0.4193548387096774,32,14,2,460.0,1200.0,8,6.0,double
2003,NE,0.55757194304703,6,0.8387096774193549,32,27,1,540.0,2140.0,6,21.0,single
2003,DAL,0.1159034047517417,15,0.5483870967741935,32,18,1,1700.0,2465.0,2,16.0,single
2003,ATL,0.3270013509644464,9,0.7419354838709677,32,24,1,350.0,429.8,9,15.0,single
2003,TEN,0.1033095022559083,18,0.4516129032258065,32,15,1,660.0,1088.0,4,11.0,single
2003,JAX,0.1154216868197834,16,0.5161290322580645,32,17,1,510.0,2240.0,7,10.0,single
2003,CHI,-0.5244356323960031,25,0.2258064516129032,32,8,1,550.0,2430.0,5,3.0,single
2003,CLE,-0.1651565686866113,21,0.3548387096774194,32,12,1,170.0,1350.0,10,2.0,single
2003,KC,-0.6288356228733133,27,0.1612903225806451,32,6,1,132.0,1242.0,11,-5.0,single
2003,TB,1.959837328202908,1,1.0,32,32,0,0.0,424.0,12,20.0,zero
2003,GB,1.1383007243540613,2,0.967741935483871,32,31,0,0.0,867.6,12,19.0,zero
2003,PHI,0.7869844241100705,3,0.935483870967742,32,30,0,0.0,1462.0,12,18.0,zero
2003,LV,0.7815781691165815,4,0.9032258064516128,32,29,0,0.0,0.0,12,17.0,zero
2003,CAR,0.6116895102676252,5,0.8709677419354839,32,28,0,0.0,2010.0,12,16.0,zero
2003,WAS,0.4841529774050706,7,0.8064516129032258,32,26,0,0.0,647.0,12,14.0,zero
2003,MIA,0.4797571609594785,8,0.7741935483870968,32,25,0,0.0,765.0,12,13.0,zero
2003,BAL,0.3195753563466885,10,0.7096774193548387,32,23,0,0.0,2380.0,12,11.0,zero
2003,DEN,0.3112402875328038,11,0.6774193548387097,32,22,0,0.0,1318.0,12,10.0,zero
2003,NYG,0.1568221869856801,14,0.5806451612903225,32,19,0,0.0,1196.0,12,7.0,zero
2003,NYJ,0.1118599704475947,17,0.4838709677419355,32,16,0,0.0,2335.0,12,4.0,zero
2003,NO,-0.1548443439104386,20,0.3870967741935484,32,13,0,0.0,2290.0,12,1.0,zero
2003,SF,-0.1905904749013717,22,0.3225806451612903,32,11,0,0.0,1175.0,12,-1.0,zero
2003,HOU,-0.2471748152959763,23,0.2903225806451612,32,10,0,0.0,2945.0,12,-2.0,zero
2003,BUF,-0.3607023002119982,24,0.2580645161290322,32,9,0,0.0,1304.0,12,-3.0,zero
2003,LAC,-0.5321175870917162,26,0.1935483870967742,32,7,0,0.0,0.0,12,-5.0,zero
2003,LA,-0.6895046256859724,28,0.1290322580645161,32,5,0,0.0,0.0,12,-7.0,zero
2003,ARI,-1.0823036809638564,29,0.0967741935483871,32,4,0,0.0,2210.0,12,-8.0,zero
2003,DET,-1.1180215036422378,30,0.0645161290322581,32,3,0,0.0,3420.0,12,-9.0,zero
2003,CIN,-1.2674402638204836,31,0.032258064516129,32,2,0,0.0,3845.0,12,-10.0,zero
2003,MIN,-1.845391762750992,32,0.0,32,1,0,0.0,2085.0,12,-11.0,zero
2004,GB,0.4580212598170161,8,0.7741935483870968,32,25,2,960.0,1190.0,4,21.0,double
2004,PHI,0.3218329044551872,10,0.7096774193548387,32,23,2,188.0,1188.0,13,10.0,double
2004,CIN,-0.3805683639269548,23,0.2903225806451612,32,10,2,750.0,1450.0,5,5.0,double
2004,HOU,-1.4429569954647274,32,0.0,32,1,2,1350.0,2030.0,3,-2.0,double
2004,CAR,0.5149281701517788,7,0.8064516129032258,32,26,1,660.0,1068.0,6,20.0,single
2004,CLE,0.7848630085943544,5,0.8709677419354839,32,28,1,310.0,1992.0,11,17.0,single
2004,TB,0.935299552374622,4,0.9032258064516128,32,29,1,72.0,1317.0,15,14.0,single
2004,MIA,0.3403472441249187,9,0.7419354838709677,32,24,1,92.0,994.4,14,10.0,single
2004,SF,0.1790723555191669,14,0.5806451612903225,32,19,1,320.0,1360.0,10,9.0,single
2004,SEA,0.1439925980423637,15,0.5483870967741935,32,18,1,370.0,1300.0,9,9.0,single
2004,WAS,-0.4381088319154856,24,0.2580645161290322,32,9,1,1700.0,1916.0,1,8.0,single
2004,IND,0.0242070771823635,18,0.4516129032258065,32,15,1,460.0,955.0,8,7.0,single
2004,PIT,-0.2669449513673643,22,0.3225806451612903,32,11,1,520.0,1985.0,7,4.0,single
2004,ATL,-1.233564599557802,30,0.0645161290322581,32,3,1,1400.0,2180.0,2,1.0,single
2004,NYJ,-0.6612372961576187,26,0.1935483870967742,32,7,1,210.0,1488.0,12,-5.0,single
2004,BAL,1.5711579289303037,1,1.0,32,32,0,0.0,600.2,16,16.0,zero
2004,NE,1.2981966995572165,2,0.967741935483871,32,31,0,0.0,1666.0,16,15.0,zero
2004,BUF,1.1009037872127068,3,0.935483870967742,32,30,0,0.0,2150.0,16,14.0,zero
2004,DAL,0.6440343836092278,6,0.8387096774193549,32,27,0,0.0,1025.0,16,11.0,zero
2004,LA,0.2934098134473845,11,0.6774193548387097,32,22,0,0.0,0.0,16,6.0,zero
2004,NO,0.2265997920588127,12,0.6451612903225806,32,21,0,0.0,1600.0,16,5.0,zero
2004,CHI,0.2264511360676133,13,0.6129032258064516,32,20,0,0.0,1730.0,16,4.0,zero
2004,TEN,0.059927391438604,16,0.5161290322580645,32,17,0,0.0,1310.0,16,1.0,zero
2004,KC,0.0302713480903145,17,0.4838709677419355,32,16,0,0.0,960.0,16,0.0,zero
2004,MIN,-0.0553206767527861,19,0.4193548387096774,32,14,0,0.0,1420.0,16,-2.0,zero
2004,DEN,-0.0567971037295419,20,0.3870967741935484,32,13,0,0.0,1800.0,16,-3.0,zero
2004,JAX,-0.1463619706347671,21,0.3548387096774194,32,12,0,0.0,2210.0,16,-4.0,zero
2004,LAC,-0.4976527263501729,25,0.2258064516129032,32,8,0,0.0,0.0,16,-8.0,zero
2004,DET,-0.723713169748299,27,0.1612903225806451,32,6,0,0.0,2650.0,16,-10.0,zero
2004,NYG,-0.7653387228955563,28,0.1290322580645161,32,5,0,0.0,2472.0,16,-11.0,zero
2004,ARI,-1.1871688655975188,29,0.0967741935483871,32,4,0,0.0,3050.0,16,-12.0,zero
2004,LV,-1.2977821765753594,31,0.032258064516129,32,2,0,0.0,0.0,16,-14.0,zero
2005,ARI,0.8388820451199852,5,0.8709677419354839,32,28,2,1615.0,2075.0,1,27.0,double
2005,DEN,-0.1388049234318216,22,0.3225806451612903,32,11,3,662.0,662.0,5,6.0,double
2005,IND,-0.3634481374867715,25,0.2258064516129032,32,8,2,940.0,1072.0,4,4.0,double
2005,WAS,1.0995559229167593,2,0.967741935483871,32,31,1,1350.0,2124.0,3,28.0,single
2005,PIT,1.070798258186164,3,0.935483870967742,32,30,1,284.0,1032.0,11,19.0,single
2005,CLE,0.5532144383972524,10,0.7096774193548387,32,23,1,560.0,3015.0,6,17.0,single
2005,NE,0.6134558736489142,8,0.7741935483870968,32,25,1,170.0,860.0,13,12.0,single
2005,NYG,0.0227388280477622,16,0.5161290322580645,32,17,1,470.0,764.0,8,9.0,single
2005,NYJ,-0.0167525804292489,18,0.4516129032258065,32,15,1,330.0,910.0,10,5.0,single
2005,DET,-0.0019096862747923,17,0.4838709677419355,32,16,1,230.0,2060.0,12,4.0,single
2005,TEN,-0.8131752549503644,27,0.1612903225806451,32,6,1,1600.0,2340.0,2,4.0,single
2005,JAX,-0.0260508937601901,19,0.4193548387096774,32,14,1,155.0,1335.0,14,0.0,single
2005,NO,-0.9923709878856568,28,0.1290322580645161,32,5,1,500.0,1830.0,7,-2.0,single
2005,GB,-1.0522763780957225,29,0.0967741935483871,32,4,1,390.0,1450.0,9,-5.0,single
2005,BUF,1.6924943462845774,1,1.0,32,32,0,0.0,560.0,15,17.0,zero
2005,TB,0.8902764170254145,4,0.9032258064516128,32,29,0,0.0,2475.0,15,14.0,zero
2005,MIA,0.6924253289914241,6,0.8387096774193549,32,27,0,0.0,3280.0,15,12.0,zero
2005,PHI,0.6260028053712479,7,0.8064516129032258,32,26,0,0.0,1426.0,15,11.0,zero
2005,BAL,0.5872972343845089,9,0.7419354838709677,32,24,0,0.0,1420.0,15,9.0,zero
2005,CIN,0.2946707125611389,11,0.6774193548387097,32,22,0,0.0,1545.0,15,7.0,zero
2005,SEA,0.2089707939663658,12,0.6451612903225806,32,21,0,0.0,1315.0,15,6.0,zero
2005,CHI,0.0625245288857695,13,0.6129032258064516,32,20,0,0.0,2392.0,15,5.0,zero
2005,CAR,0.0605087626318686,14,0.5806451612903225,32,19,0,0.0,1655.0,15,4.0,zero
2005,LA,0.0252998536181387,15,0.5483870967741935,32,18,0,0.0,0.0,15,3.0,zero
2005,ATL,-0.1000292442195671,20,0.3870967741935484,32,13,0,0.0,1130.0,15,-2.0,zero
2005,HOU,-0.1040070158375474,21,0.3548387096774194,32,12,0,0.0,1291.0,15,-3.0,zero
2005,LAC,-0.3111297247183799,23,0.2903225806451612,32,10,0,0.0,0.0,15,-5.0,zero
2005,DAL,-0.3188991726297411,24,0.2580645161290322,32,9,0,0.0,2580.0,15,-6.0,zero
2005,MIN,-0.6914362161806316,26,0.1935483870967742,32,7,0,0.0,2810.0,15,-8.0,zero
2005,SF,-1.081707834534002,30,0.0645161290322581,32,3,0,0.0,3845.0,15,-12.0,zero
2005,LV,-1.565757093430898,31,0.032258064516129,32,2,0,0.0,0.0,15,-13.0,zero
2005,KC,-1.76136100617196,32,0.0,32,1,0,0.0,1216.0,15,-14.0,zero
2006,CHI,1.3445530313960026,1,1.0,32,32,2,810.0,1035.0,3,29.0,double
2006,BUF,-0.4846628253667175,25,0.2258064516129032,32,8,2,1640.0,2340.0,1,7.0,double
2006,ATL,0.7176493800955078,4,0.9032258064516128,32,29,1,530.0,761.5,6,23.0,single
2006,MIA,0.4097497703373954,10,0.7096774193548387,32,23,1,1000.0,1246.0,2,21.0,single
2006,CAR,1.2699015730944043,2,0.967741935483871,32,31,1,320.0,1150.0,11,20.0,single
2006,BAL,0.8593637625091505,3,0.935483870967742,32,30,1,155.0,1695.0,14,16.0,single
2006,SEA,0.3032157892255173,12,0.6451612903225806,32,21,1,600.0,920.0,5,16.0,single
2006,PIT,0.6309492908202595,5,0.8709677419354839,32,28,1,175.0,1015.0,13,15.0,single
2006,MIN,0.4659759611453842,9,0.7419354838709677,32,24,1,420.0,1760.0,9,15.0,single
2006,DET,0.1430260481036646,15,0.5483870967741935,32,18,1,500.0,2070.0,7,11.0,single
2006,WAS,0.4773209366984413,8,0.7741935483870968,32,25,1,22.2,602.4,16,9.0,single
2006,CIN,-0.4010615126551466,24,0.2580645161290322,32,9,1,740.0,1226.0,4,5.0,single
2006,IND,0.0914075180383127,17,0.4838709677419355,32,16,1,284.0,1028.0,12,4.0,single
2006,KC,-0.2983306500361358,23,0.2903225806451612,32,10,1,360.0,1375.0,10,0.0,single
2006,NO,-1.0941461579024665,30,0.0645161290322581,32,3,1,470.0,3148.0,8,-5.0,single
2006,TEN,-0.7345855833488031,28,0.1290322580645161,32,5,1,92.0,2742.0,15,-10.0,single
2006,JAX,0.5961958629618749,6,0.8387096774193549,32,27,0,0.0,1150.0,17,10.0,zero
2006,NYJ,0.5703800222270254,7,0.8064516129032258,32,26,0,0.0,2850.0,17,9.0,zero
2006,TB,0.3961415862265862,11,0.6774193548387097,32,22,0,0.0,1210.0,17,5.0,zero
2006,DAL,0.2690956953228181,13,0.6129032258064516,32,20,0,0.0,1402.0,17,3.0,zero
2006,DEN,0.1742038393611467,14,0.5806451612903225,32,19,0,0.0,1598.0,17,2.0,zero
2006,CLE,0.1037111874572464,16,0.5161290322580645,32,17,0,0.0,1910.0,17,0.0,zero
2006,GB,0.078762624847588,18,0.4516129032258065,32,15,0,0.0,2510.0,17,-2.0,zero
2006,ARI,0.0479905544001316,19,0.4193548387096774,32,14,0,0.0,2020.0,17,-3.0,zero
2006,NYG,-0.0438265654415836,20,0.3870967741935484,32,13,0,0.0,1166.0,17,-4.0,zero
2006,LAC,-0.140296036551326,21,0.3548387096774194,32,12,0,0.0,0.0,17,-5.0,zero
2006,PHI,-0.1443270214787007,22,0.3225806451612903,32,11,0,0.0,1845.0,17,-6.0,zero
2006,LV,-0.544030710340815,26,0.1935483870967742,32,7,0,0.0,0.0,17,-10.0,zero
2006,LA,-0.6302886256151217,27,0.1612903225806451,32,6,0,0.0,0.0,17,-11.0,zero
2006,NE,-0.819031864887817,29,0.0967741935483871,32,4,0,0.0,1500.0,17,-13.0,zero
2006,HOU,-1.713123152220649,31,0.032258064516129,32,2,0,0.0,3845.0,17,-15.0,zero
2006,SF,-1.9018837284231715,32,0.0,32,1,0,0.0,2550.0,17,-16.0,zero
2007,CIN,-0.6005010881102688,26,0.1935483870967742,32,7,2,966.0,1376.0,3,4.0,double
2007,JAX,0.8038527124130053,5,0.8709677419354839,32,28,1,800.0,1415.0,6,22.0,single
2007,NYJ,0.4798888125715731,9,0.7419354838709677,32,24,1,1100.0,1550.6,2,22.0,single
2007,IND,0.7984819060841497,6,0.8387096774193549,32,27,1,120.0,1190.0,13,14.0,single
2007,CLE,0.2246432062271564,12,0.6451612903225806,32,21,1,370.0,3350.0,9,12.0,single
2007,NE,0.1268751857419806,15,0.5483870967741935,32,18,1,740.0,808.0,7,11.0,single
2007,SEA,0.144914960966854,14,0.5806451612903225,32,19,1,350.0,569.0,10,9.0,single
2007,NYG,-0.1053495171895569,19,0.4193548387096774,32,14,1,850.0,1425.0,5,9.0,single
2007,NO,-0.0013846191459518,17,0.4838709677419355,32,16,1,260.0,1090.0,11,5.0,single
2007,TEN,-0.4811188389604146,24,0.2580645161290322,32,9,1,875.0,1465.0,4,5.0,single
2007,MIN,-0.1630783612879109,20,0.3870967741935484,32,13,1,230.0,2190.0,12,1.0,single
2007,WAS,-1.6684188933988393,32,0.0,32,1,1,1600.0,1654.3,1,0.0,single
2007,ATL,-0.711394736249878,28,0.1290322580645161,32,5,1,490.0,2400.0,8,-3.0,single
2007,HOU,-0.8672135500221932,30,0.0645161290322581,32,3,1,49.0,1574.0,14,-11.0,single
2007,CHI,1.287966133928815,1,1.0,32,32,0,0.0,1012.0,15,17.0,zero
2007,BAL,1.1674673840148466,2,0.967741935483871,32,31,0,0.0,1020.0,15,16.0,zero
2007,LV,0.8735617961079079,3,0.935483870967742,32,30,0,0.0,0.0,15,15.0,zero
2007,LAC,0.8207475150100635,4,0.9032258064516128,32,29,0,0.0,0.0,15,14.0,zero
2007,PHI,0.5563524934323258,7,0.8064516129032258,32,26,0,0.0,1025.0,15,11.0,zero
2007,CAR,0.5488474976896183,8,0.7741935483870968,32,25,0,0.0,1480.0,15,10.0,zero
2007,BUF,0.3822321252024812,10,0.7096774193548387,32,23,0,0.0,1892.0,15,8.0,zero
2007,DEN,0.3086597830625139,11,0.6774193548387097,32,22,0,0.0,1530.0,15,7.0,zero
2007,MIA,0.1713536838207269,13,0.6129032258064516,32,20,0,0.0,2150.0,15,5.0,zero
2007,PIT,0.1184415013667497,16,0.5161290322580645,32,17,0,0.0,1695.0,15,2.0,zero
2007,GB,-0.0249733312850579,18,0.4516129032258065,32,15,0,0.0,1476.0,15,0.0,zero
2007,DAL,-0.2478189873355783,21,0.3548387096774194,32,12,0,0.0,1043.0,15,-3.0,zero
2007,LA,-0.3492195171447165,22,0.3225806451612903,32,11,0,0.0,0.0,15,-4.0,zero
2007,KC,-0.4712775713736342,23,0.2903225806451612,32,10,0,0.0,1300.0,15,-5.0,zero
2007,TB,-0.5294553251727263,25,0.2258064516129032,32,8,0,0.0,2620.0,15,-7.0,zero
2007,SF,-0.6904494201203907,27,0.1612903225806451,32,6,0,0.0,2120.0,15,-9.0,zero
2007,DET,-0.7967627631232852,29,0.0967741935483871,32,4,0,0.0,3390.0,15,-11.0,zero
2007,ARI,-1.1058701777203714,31,0.032258064516129,32,2,0,0.0,2525.0,15,-13.0,zero
2008,NYG,0.4974580153886573,10,0.7096774193548387,32,23,2,876.0,996.0,3,20.0,double
2008,TB,1.2552223623847487,1,1.0,32,32,1,850.0,1345.0,4,28.0,single
2008,DAL,0.8504540901565282,6,0.8387096774193549,32,27,1,720.0,1792.0,5,22.0,single
2008,NE,0.9258835884679066,5,0.8709677419354839,32,28,1,284.0,1784.0,10,18.0,single
2008,KC,-0.0117559684685008,13,0.6129032258064516,32,20,1,550.0,3300.0,6,14.0,single
2008,GB,0.2647337788991512,11,0.6774193548387097,32,22,1,300.0,1180.0,9,13.0,single
2008,ARI,-0.1780165372429223,18,0.4516129032258065,32,15,1,1000.0,1585.0,2,13.0,single
2008,CAR,-0.0386358069839825,14,0.5806451612903225,32,19,1,255.0,2280.0,11,8.0,single
2008,MIN,-0.1843474142345922,19,0.4193548387096774,32,14,1,470.0,538.1,8,6.0,single
2008,BUF,-0.6318122241352709,26,0.1935483870967742,32,7,1,1250.0,1970.0,1,6.0,single
2008,NYJ,-0.0394493424003369,15,0.5483870967741935,32,18,1,68.0,2288.0,14,4.0,single
2008,SF,-0.6797904889850933,27,0.1612903225806451,32,6,1,215.0,1365.0,12,-6.0,single
2008,NO,-1.3494352258391586,32,0.0,32,1,1,500.0,2034.0,7,-6.0,single
2008,HOU,-0.79907628295085,30,0.0645161290322581,32,3,1,195.0,1040.0,13,-10.0,single
2008,PIT,1.2195259049479392,2,0.967741935483871,32,31,0,0.0,1280.0,15,16.0,zero
2008,IND,0.9816125595187188,3,0.935483870967742,32,30,0,0.0,483.0,15,15.0,zero
2008,LAC,0.9289711629222938,4,0.9032258064516128,32,29,0,0.0,0.0,15,14.0,zero
2008,TEN,0.8297335387703819,7,0.8064516129032258,32,26,0,0.0,1265.0,15,11.0,zero
2008,WAS,0.7408469622372824,8,0.7741935483870968,32,25,0,0.0,1370.0,15,10.0,zero
2008,SEA,0.5991596860967543,9,0.7419354838709677,32,24,0,0.0,1232.0,15,9.0,zero
2008,JAX,0.144772338163085,12,0.6451612903225806,32,21,0,0.0,1809.4,15,6.0,zero
2008,PHI,-0.1426950766351654,16,0.5161290322580645,32,17,0,0.0,1030.0,15,2.0,zero
2008,CLE,-0.1663148269981179,17,0.4838709677419355,32,16,0,0.0,173.4,15,1.0,zero
2008,DEN,-0.2722700092387558,20,0.3870967741935484,32,13,0,0.0,1758.0,15,-2.0,zero
2008,CHI,-0.3206505454488387,21,0.3548387096774194,32,12,0,0.0,1800.0,15,-3.0,zero
2008,CIN,-0.3992562158302017,22,0.3225806451612903,32,11,0,0.0,1995.0,15,-4.0,zero
2008,LA,-0.5103532465316412,23,0.2903225806451612,32,10,0,0.0,0.0,15,-5.0,zero
2008,DET,-0.5284285935807513,24,0.2580645161290322,32,9,0,0.0,1670.0,15,-6.0,zero
2008,LV,-0.5865864027930757,25,0.2258064516129032,32,8,0,0.0,0.0,15,-7.0,zero
2008,ATL,-0.7312514713742982,28,0.1290322580645161,32,5,0,0.0,3530.0,15,-10.0,zero
2008,MIA,-0.7885680420534218,29,0.0967741935483871,32,4,0,0.0,3920.0,15,-11.0,zero
2008,BAL,-0.8796802662284782,31,0.032258064516129,32,2,0,0.0,1485.0,15,-13.0,zero
2009,MIA,0.1029809215631325,14,0.5806451612903225,32,19,2,1012.0,1472.0,3,16.0,double
2009,NE,0.0476542032613016,17,0.4838709677419355,32,16,2,1050.0,1550.0,2,14.0,double
2009,NO,-0.2929611022292979,24,0.2580645161290322,32,9,2,1162.0,1220.0,1,8.0,double
2009,ATL,-0.2927921467731653,23,0.2903225806451612,32,10,2,490.0,1230.0,6,4.0,double
2009,BAL,1.0720068579889674,2,0.967741935483871,32,31,1,150.0,1240.0,11,20.0,single
2009,WAS,0.4483513085908032,10,0.7096774193548387,32,23,1,190.0,1368.2,9,14.0,single
2009,CAR,0.2713084135832672,13,0.6129032258064516,32,20,1,310.0,908.0,8,12.0,single
2009,IND,0.3848570853751345,11,0.6774193548387097,32,22,1,132.0,1152.0,12,10.0,single
2009,ARI,0.0513782662732333,16,0.5161290322580645,32,17,1,120.0,996.0,13,4.0,single
2009,BUF,-0.1283534795198771,22,0.3225806451612903,32,11,1,480.0,2390.0,7,4.0,single
2009,MIN,-0.0792419469168017,20,0.3870967741935484,32,13,1,160.0,1300.0,10,3.0,single
2009,DEN,-0.9028300179044412,28,0.1290322580645161,32,5,1,530.0,2630.0,5,0.0,single
2009,DET,-1.6854541004118029,32,0.0,32,1,1,580.0,4430.0,4,-3.0,single
2009,KC,-0.7639122414876612,26,0.1935483870967742,32,7,1,92.0,2547.0,14,-7.0,single
2009,PIT,1.717170708713576,1,1.0,32,32,0,0.0,955.0,15,17.0,zero
2009,TEN,0.9051664177534672,3,0.935483870967742,32,30,0,0.0,1049.0,15,15.0,zero
2009,PHI,0.7032931461081492,4,0.9032258064516128,32,29,0,0.0,1275.2,15,14.0,zero
2009,DAL,0.6840542038431212,5,0.8709677419354839,32,28,0,0.0,556.0,15,13.0,zero
2009,TB,0.5888386203499202,6,0.8387096774193549,32,27,0,0.0,1195.0,15,12.0,zero
2009,NYG,0.5205952078149307,7,0.8064516129032258,32,26,0,0.0,1390.0,15,11.0,zero
2009,GB,0.5080114718369864,8,0.7741935483870968,32,25,0,0.0,2126.0,15,10.0,zero
2009,CHI,0.4852698825274917,9,0.7419354838709677,32,24,0,0.0,438.0,15,9.0,zero
2009,SF,0.3288093418061575,12,0.6451612903225806,32,21,0,0.0,1553.0,15,6.0,zero
2009,CIN,0.0883937555637235,15,0.5483870967741935,32,18,0,0.0,2360.0,15,3.0,zero
2009,NYJ,0.0382993567570003,18,0.4516129032258065,32,15,0,0.0,1979.2,15,0.0,zero
2009,LAC,-0.0067850380067236,19,0.4193548387096774,32,14,0,0.0,0.0,15,-1.0,zero
2009,LV,-0.0916697032045188,21,0.3548387096774194,32,12,0,0.0,0.0,15,-3.0,zero
2009,CLE,-0.5855111850012524,25,0.2258064516129032,32,8,0,0.0,1740.0,15,-7.0,zero
2009,HOU,-0.7674825201941446,27,0.1612903225806451,32,6,0,0.0,1695.0,15,-9.0,zero
2009,SEA,-1.0250370639569684,29,0.0967741935483871,32,4,0,0.0,2346.0,15,-11.0,zero
2009,LA,-1.1485929048952686,30,0.0645161290322581,32,3,0,0.0,0.0,15,-12.0,zero
2009,JAX,-1.1758157192084309,31,0.032258064516129,32,2,0,0.0,2140.0,15,-13.0,zero
2010,KC,-0.4470504654704776,22,0.3225806451612903,32,11,2,2100.0,2640.0,1,10.0,double
2010,CHI,0.092460510097282,18,0.4516129032258065,32,15,2,250.5,326.5,12,3.0,double
2010,CLE,-1.0847642665627315,29,0.0967741935483871,32,4,2,2020.0,2330.0,2,2.0,double
2010,NYJ,1.469897503333696,1,1.0,32,32,1,640.0,1002.0,6,26.0,single
2010,PHI,0.6908430142123448,4,0.9032258064516128,32,29,1,530.0,1840.0,9,20.0,single
2010,NE,0.296695504643739,13,0.6129032258064516,32,20,1,680.0,1530.0,5,15.0,single
2010,HOU,0.1838578280338937,15,0.5483870967741935,32,18,1,850.0,1355.0,4,14.0,single
2010,GB,0.5910307897448192,8,0.7741935483870968,32,25,1,235.0,1335.0,13,12.0,single
2010,SF,0.3319668989134417,11,0.6774193548387097,32,22,1,410.0,2610.0,10,12.0,single
2010,NO,0.1906632720265564,14,0.5806451612903225,32,19,1,590.0,980.0,7,12.0,single
2010,IND,0.5983516614037246,7,0.8064516129032258,32,26,1,124.0,1000.0,15,11.0,single
2010,MIN,0.049050641077881,19,0.4193548387096774,32,14,1,560.0,1050.0,8,6.0,single
2010,SEA,-0.5076492169951095,24,0.2580645161290322,32,9,1,1100.0,3000.0,3,6.0,single
2010,DAL,0.0415789381163682,20,0.3870967741935484,32,13,1,46.0,1136.0,16,-3.0,single
2010,NYG,-0.4721388903873194,23,0.2903225806451612,32,10,1,210.0,1700.0,14,-4.0,single
2010,DET,-1.4904124105154466,32,0.0,32,1,1,260.0,3480.0,11,-10.0,single
2010,BUF,1.4282637254537431,2,0.967741935483871,32,31,0,0.0,2070.0,17,14.0,zero
2010,DEN,0.7727681779807757,3,0.935483870967742,32,30,0,0.0,1950.0,17,13.0,zero
2010,BAL,0.6596532528960346,5,0.8709677419354839,32,28,0,0.0,1040.0,17,11.0,zero
2010,CAR,0.6352993039313715,6,0.8387096774193549,32,27,0,0.0,765.0,17,10.0,zero
2010,LAC,0.5476555333058266,9,0.7419354838709677,32,24,0,0.0,0.0,17,7.0,zero
2010,CIN,0.5088430516544415,10,0.7096774193548387,32,23,0,0.0,1330.0,17,6.0,zero
2010,PIT,0.3164138354334772,12,0.6451612903225806,32,21,0,0.0,1460.0,17,4.0,zero
2010,WAS,0.1526837142532633,16,0.5161290322580645,32,17,0,0.0,1909.8,17,0.0,zero
2010,ARI,0.1220702260352191,17,0.4838709677419355,32,16,0,0.0,1280.0,17,-1.0,zero
2010,TB,0.0069224447312898,21,0.3548387096774194,32,12,0,0.0,3260.0,17,-5.0,zero
2010,TEN,-0.5541807460732732,25,0.2258064516129032,32,8,0,0.0,1317.0,17,-9.0,zero
2010,ATL,-0.7583272660608157,26,0.1935483870967742,32,7,0,0.0,1158.0,17,-10.0,zero
2010,MIA,-0.7947205849829871,27,0.1612903225806451,32,6,0,0.0,1385.0,17,-11.0,zero
2010,JAX,-0.9747464774934408,28,0.1290322580645161,32,5,0,0.0,1554.5,17,-12.0,zero
2010,LV,-1.1439310009252792,30,0.0645161290322581,32,3,0,0.0,0.0,17,-14.0,zero
2010,LA,-1.459048501812317,31,0.032258064516129,32,2,0,0.0,0.0,17,-15.0,zero
2011,PHI,0.2918872041555005,11,0.6774193548387097,32,22,2,500.0,1260.0,6,16.0,double
2011,BAL,0.6796033844807534,5,0.8709677419354839,32,28,1,680.0,1165.0,3,25.0,single
2011,NYG,0.553780973565438,7,0.8064516129032258,32,26,1,875.0,1430.0,2,24.0,single
2011,PIT,1.1155685736616443,1,1.0,32,32,1,120.0,996.0,11,21.0,single
2011,CHI,0.4838241413880717,9,0.7419354838709677,32,24,1,128.0,1138.0,10,14.0,single
2011,BUF,-0.0331052392033833,18,0.4516129032258065,32,15,1,560.0,3010.0,5,10.0,single
2011,NE,-0.0624208233327188,20,0.3870967741935484,32,13,1,580.0,1870.0,4,9.0,single
2011,ARI,-0.3199976100834483,26,0.1935483870967742,32,7,1,1700.0,2465.0,1,6.0,single
2011,SF,-0.1611722778191864,22,0.3225806451612903,32,11,1,190.0,2230.0,9,2.0,single
2011,HOU,-1.3264892124952112,30,0.0645161290322581,32,3,1,300.0,2030.0,8,-5.0,single
2011,DEN,-1.5647960309120394,31,0.032258064516129,32,2,1,450.0,3490.0,7,-5.0,single
2011,LAC,1.1089676629125322,2,0.967741935483871,32,31,0,0.0,0.0,12,19.0,zero
2011,GB,1.0701562245481728,3,0.935483870967742,32,30,0,0.0,976.0,12,18.0,zero
2011,TB,0.6898568081004656,4,0.9032258064516128,32,29,0,0.0,1410.0,12,17.0,zero
2011,KC,0.5946939846914017,6,0.8387096774193549,32,27,0,0.0,1290.0,12,15.0,zero
2011,NYJ,0.4891868613881178,8,0.7741935483870968,32,25,0,0.0,790.0,12,13.0,zero
2011,MIN,0.3026107741369234,10,0.7096774193548387,32,23,0,0.0,1752.0,12,11.0,zero
2011,LA,0.2544981482040287,12,0.6451612903225806,32,21,0,0.0,0.0,12,9.0,zero
2011,ATL,0.1640599221529067,13,0.6129032258064516,32,20,0,0.0,1769.5,12,8.0,zero
2011,TEN,0.1532077830274255,14,0.5806451612903225,32,19,0,0.0,2115.0,12,7.0,zero
2011,CAR,0.1380884240537018,15,0.5483870967741935,32,18,0,0.0,3377.0,12,6.0,zero
2011,DET,0.0384732685672346,16,0.5161290322580645,32,17,0,0.0,1940.0,12,5.0,zero
2011,NO,0.0162534802423367,17,0.4838709677419355,32,16,0,0.0,1630.0,12,4.0,zero
2011,LV,-0.0476022144518003,19,0.4193548387096774,32,14,0,0.0,0.0,12,2.0,zero
2011,IND,-0.1120474934594456,21,0.3548387096774194,32,12,0,0.0,1345.0,12,0.0,zero
2011,MIA,-0.2355858597785006,23,0.2903225806451612,32,10,0,0.0,1406.0,12,-2.0,zero
2011,CIN,-0.2434458115975888,24,0.2580645161290322,32,9,0,0.0,2610.0,12,-3.0,zero
2011,CLE,-0.2439288361009174,25,0.2258064516129032,32,8,0,0.0,1640.0,12,-4.0,zero
2011,SEA,-0.6327508386057271,27,0.1612903225806451,32,6,0,0.0,1039.0,12,-6.0,zero
2011,DAL,-0.6999172987076647,28,0.1290322580645161,32,5,0,0.0,2085.0,12,-7.0,zero
2011,WAS,-0.8321376099580795,29,0.0967741935483871,32,4,0,0.0,1685.0,12,-8.0,zero
2011,JAX,-1.6293204627709452,32,0.0,32,1,0,0.0,1576.0,12,-11.0,zero
2012,MIN,-0.7807782700732745,28,0.1290322580645161,32,5,2,900.0,2700.0,5,0.0,double
2012,CIN,0.3314017522284989,9,0.7419354838709677,32,24,1,950.0,2000.0,4,20.0,single
2012,CHI,0.5193364564107501,7,0.8064516129032258,32,26,1,195.0,1520.0,8,18.0,single
2012,DET,0.2547978748161907,11,0.6774193548387097,32,22,1,165.0,1285.0,10,12.0,single
2012,NYG,0.2097377393007996,12,0.6451612903225806,32,21,1,124.0,990.0,11,10.0,single
2012,DAL,-0.4023746428935104,23,0.2903225806451612,32,10,1,1600.0,1853.0,1,9.0,single
2012,ARI,0.0161855465028199,16,0.5161290322580645,32,17,1,190.0,1410.0,9,8.0,single
2012,BUF,-0.3275523524237523,22,0.3225806451612903,32,11,1,1300.0,2035.0,3,8.0,single
2012,NO,-0.0917628545931389,18,0.4516129032258065,32,15,1,26.6,221.6,12,3.0,single
2012,GB,-0.6263096980430184,26,0.1935483870967742,32,7,1,284.0,1334.0,7,0.0,single
2012,TB,-1.1345838997205946,32,0.0,32,1,1,1500.0,2420.0,2,-1.0,single
2012,NE,-0.8388928131650013,30,0.0645161290322581,32,3,1,420.0,1940.0,6,-3.0,single
2012,HOU,1.2240847291538184,1,1.0,32,32,0,0.0,1160.0,13,19.0,zero
2012,PIT,1.2212838129732726,2,0.967741935483871,32,31,0,0.0,1240.0,13,18.0,zero
2012,BAL,1.098272218600653,3,0.935483870967742,32,30,0,0.0,1020.0,13,17.0,zero
2012,SF,0.8568703806347991,4,0.9032258064516128,32,29,0,0.0,972.0,13,16.0,zero
2012,NYJ,0.7980650530660218,5,0.8709677419354839,32,28,0,0.0,1675.0,13,15.0,zero
2012,SEA,0.7522192707911997,6,0.8387096774193549,32,27,0,0.0,1695.0,13,14.0,zero
2012,JAX,0.4051658248167865,8,0.7741935483870968,32,25,0,0.0,2460.0,13,12.0,zero
2012,CLE,0.2822163603061218,10,0.7096774193548387,32,23,0,0.0,3510.0,13,10.0,zero
2012,PHI,0.1962643420933809,13,0.6129032258064516,32,20,0,0.0,1950.0,13,7.0,zero
2012,LV,0.1395229783763828,14,0.5806451612903225,32,19,0,0.0,0.0,13,6.0,zero
2012,TEN,0.0672766905013806,15,0.5483870967741935,32,18,0,0.0,1410.0,13,5.0,zero
2012,LA,-0.0854523504949437,17,0.4838709677419355,32,16,0,0.0,0.0,13,3.0,zero
2012,ATL,-0.1528999784688614,19,0.4193548387096774,32,14,0,0.0,514.6,13,1.0,zero
2012,MIA,-0.2014310297915767,20,0.3870967741935484,32,13,0,0.0,2110.0,13,0.0,zero
2012,DEN,-0.2327701708494971,21,0.3548387096774194,32,12,0,0.0,1125.0,13,-1.0,zero
2012,KC,-0.4363351202398651,24,0.2580645161290322,32,9,0,0.0,1930.0,13,-4.0,zero
2012,WAS,-0.5098669208187764,25,0.2258064516129032,32,8,0,0.0,2927.0,13,-5.0,zero
2012,LAC,-0.6604373354221171,27,0.1612903225806451,32,6,0,0.0,0.0,13,-7.0,zero
2012,IND,-0.8135195074769036,29,0.0967741935483871,32,4,0,0.0,3830.0,13,-9.0,zero
2012,CAR,-1.077734086098077,31,0.032258064516129,32,2,0,0.0,1938.0,13,-11.0,zero
2013,CLE,0.3069402830579529,12,0.6451612903225806,32,21,2,271.4,1871.4,13,8.0,double
2013,ATL,-0.6909907611833376,24,0.2580645161290322,32,9,2,1080.0,1125.0,2,7.0,double
2013,JAX,-0.5903030304369071,23,0.2903225806451612,32,10,2,850.0,3450.0,5,5.0,double
2013,WAS,-0.1524074769832831,19,0.4193548387096774,32,14,2,446.0,611.0,10,4.0,double
2013,NYJ,0.5147082615873009,9,0.7419354838709677,32,24,1,1350.0,3010.0,1,23.0,single
2013,SF,0.536877185866256,8,0.7741935483870968,32,25,1,900.0,1750.0,4,21.0,single
2013,ARI,0.7165407594424458,5,0.8709677419354839,32,28,1,245.0,2195.0,14,14.0,single
2013,DEN,1.04722790271509,4,0.9032258064516128,32,29,1,140.0,1120.0,17,12.0,single
2013,MIN,0.2193690890561276,15,0.5483870967741935,32,18,1,720.0,2120.0,6,12.0,single
2013,HOU,0.4177834881282456,10,0.7096774193548387,32,23,1,330.0,1155.0,12,11.0,single
2013,BAL,0.159238649878722,17,0.4838709677419355,32,16,1,590.0,1054.0,7,9.0,single
2013,DET,-0.0106432996370198,18,0.4516129032258065,32,15,1,540.0,2505.0,8,7.0,single
2013,MIA,-0.1859230115965475,20,0.3870967741935484,32,13,1,360.0,2765.0,11,2.0,single
2013,NO,-1.1526036119749763,32,0.0,32,1,1,1050.0,1445.0,3,-2.0,single
2013,TEN,-0.2328541430456586,21,0.3548387096774194,32,12,1,240.0,2100.0,15,-3.0,single
2013,TB,-1.0587367173397166,30,0.0645161290322581,32,3,1,470.0,795.0,9,-6.0,single
2013,NE,-0.7852174169441336,27,0.1612903225806451,32,6,1,175.0,865.0,16,-10.0,single
2013,PIT,1.1706222541852842,1,1.0,32,32,0,0.0,1565.0,18,14.0,zero
2013,SEA,1.154447041585654,2,0.967741935483871,32,31,0,0.0,488.0,18,13.0,zero
2013,CHI,1.140223082503366,3,0.935483870967742,32,30,0,0.0,1310.0,18,12.0,zero
2013,GB,0.670477440945166,6,0.8387096774193549,32,27,0,0.0,1068.0,18,9.0,zero
2013,LA,0.5812917748766917,7,0.8064516129032258,32,26,0,0.0,0.0,18,8.0,zero
2013,CIN,0.3659027810361417,11,0.6774193548387097,32,22,0,0.0,1700.0,18,4.0,zero
2013,CAR,0.3012681843712929,13,0.6129032258064516,32,20,0,0.0,1638.0,18,2.0,zero
2013,LAC,0.2813541196626419,14,0.5806451612903225,32,19,0,0.0,0.0,18,1.0,zero
2013,BUF,0.1948686860591065,16,0.5161290322580645,32,17,0,0.0,1930.0,18,-1.0,zero
2013,IND,-0.5567288943356423,22,0.3225806451612903,32,11,0,0.0,952.0,18,-7.0,zero
2013,NYG,-0.7407650111455353,25,0.2258064516129032,32,8,0,0.0,1470.0,18,-10.0,zero
2013,PHI,-0.7485001256780031,26,0.1935483870967742,32,7,0,0.0,2605.0,18,-11.0,zero
2013,DAL,-0.8299461512024162,28,0.1290322580645161,32,5,0,0.0,1250.0,18,-13.0,zero
2013,LV,-0.9219863118062308,29,0.0967741935483871,32,4,0,0.0,0.0,18,-14.0,zero
2013,KC,-1.1215350216481077,31,0.032258064516129,32,2,0,0.0,3392.0,18,-16.0,zero
2014,NYJ,-0.1424677983062667,18,0.4516129032258065,32,15,2,1090.0,1500.0,3,12.0,double
2014,CLE,0.8522462495334456,5,0.8709677419354839,32,28,1,1400.0,2730.0,1,27.0,single
2014,CIN,1.4106844291316656,2,0.967741935483871,32,31,1,740.0,1240.0,5,26.0,single
2014,ARI,0.862582995115202,4,0.9032258064516128,32,29,1,680.0,1230.0,6,23.0,single
2014,SF,0.6551895214016369,7,0.8064516129032258,32,26,1,620.0,1190.0,7,19.0,single
2014,NO,0.637884876995312,9,0.7419354838709677,32,24,1,320.0,1216.0,9,15.0,single
2014,BAL,0.2472611575111531,12,0.6451612903225806,32,21,1,195.0,1565.0,11,10.0,single
2014,CHI,-0.6817707279180888,25,0.2258064516129032,32,8,1,1100.0,1670.0,2,6.0,single
2014,DEN,-0.1494562689350733,20,0.3870967741935484,32,13,1,600.0,1060.0,8,5.0,single
2014,KC,-0.1054729448390257,17,0.4838709677419355,32,16,1,155.0,963.0,12,4.0,single
2014,GB,-0.7967185524246132,26,0.1935483870967742,32,7,1,800.0,1335.0,4,3.0,single
2014,ATL,-1.0411325849372923,29,0.0967741935483871,32,4,1,250.0,2380.0,10,-6.0,single
2014,SEA,1.9163404747159536,1,1.0,32,32,0,0.0,798.0,13,19.0,zero
2014,BUF,1.3086072507279587,3,0.935483870967742,32,30,0,0.0,2485.0,13,17.0,zero
2014,NYG,0.8084200728101271,6,0.8387096774193549,32,27,0,0.0,1890.0,13,14.0,zero
2014,CAR,0.6409421702717678,8,0.7741935483870968,32,25,0,0.0,1092.0,13,12.0,zero
2014,PIT,0.3350053982156846,10,0.7096774193548387,32,23,0,0.0,1602.0,13,10.0,zero
2014,MIA,0.2742364769527976,11,0.6774193548387097,32,22,0,0.0,1406.0,13,9.0,zero
2014,HOU,0.1553783645872312,13,0.6129032258064516,32,20,0,0.0,3845.0,13,7.0,zero
2014,TB,-0.023940155341491,14,0.5806451612903225,32,19,0,0.0,2265.0,13,6.0,zero
2014,NE,-0.0797190144876128,15,0.5483870967741935,32,18,0,0.0,1008.0,13,5.0,zero
2014,DET,-0.1017278945597651,16,0.5161290322580645,32,17,0,0.0,2010.0,13,4.0,zero
2014,TEN,-0.145176026061727,19,0.4193548387096774,32,14,0,0.0,1680.0,13,1.0,zero
2014,PHI,-0.2418965845715097,21,0.3548387096774194,32,12,0,0.0,1340.0,13,-1.0,zero
2014,IND,-0.2826011255626117,22,0.3225806451612903,32,11,0,0.0,475.0,13,-2.0,zero
2014,LA,-0.5391338409454586,23,0.2903225806451612,32,10,0,0.0,0.0,13,-3.0,zero
2014,MIN,-0.617389046632955,24,0.2580645161290322,32,9,0,0.0,2170.0,13,-4.0,zero
2014,LAC,-0.8773255063495424,27,0.1612903225806451,32,6,0,0.0,0.0,13,-7.0,zero
2014,WAS,-0.9570927523137632,28,0.1290322580645161,32,5,0,0.0,890.0,13,-8.0,zero
2014,JAX,-1.0794196357330077,30,0.0645161290322581,32,3,0,0.0,3002.0,13,-10.0,zero
2014,LV,-1.0828481296712809,31,0.032258064516129,32,2,0,0.0,0.0,13,-11.0,zero
2014,DAL,-1.1594908483788628,32,0.0,32,1,0,0.0,1616.0,13,-12.0,zero
2015,GB,0.6406487898918152,8,0.7741935483870968,32,25,2,904.0,1028.0,3,22.0,double
2015,HOU,0.759706741297434,5,0.8709677419354839,32,28,1,1000.0,1710.0,2,26.0,single
2015,KC,0.8825770586071251,4,0.9032258064516128,32,29,1,900.0,1520.0,4,25.0,single
2015,BUF,1.4864992086703306,1,1.0,32,32,1,400.0,614.4,10,22.0,single
2015,SF,0.6878996350769855,6,0.8387096774193549,32,27,1,440.0,1585.0,8,19.0,single
2015,MIN,0.0983622153342012,15,0.5483870967741935,32,18,1,1250.0,1850.0,1,17.0,single
2015,DET,0.5892356236597494,9,0.7419354838709677,32,24,1,190.0,1210.0,14,10.0,single
2015,DAL,-0.2978359290530741,20,0.3870967741935484,32,13,1,680.0,1116.0,5,8.0,single
2015,IND,0.2311318256259956,13,0.6129032258064516,32,20,1,265.0,1033.0,13,7.0,single
2015,NE,0.1376211393233106,14,0.5806451612903225,32,19,1,270.0,972.0,12,7.0,single
2015,NYG,-0.4591201312431858,23,0.2903225806451612,32,10,1,580.0,2150.0,6,4.0,single
2015,PHI,-0.5844163834659349,25,0.2258064516129032,32,8,1,430.0,1450.0,9,-1.0,single
2015,PIT,-0.7357746873535318,27,0.1612903225806451,32,6,1,340.0,1275.0,11,-5.0,single
2015,ATL,-1.1119206984103531,32,0.0,32,1,1,480.0,2105.0,7,-6.0,single
2015,DEN,1.2555846684497294,2,0.967741935483871,32,31,0,0.0,1202.0,15,16.0,zero
2015,SEA,1.1702143315132798,3,0.935483870967742,32,30,0,0.0,563.0,15,15.0,zero
2015,CLE,0.6847372971749638,7,0.8064516129032258,32,26,0,0.0,2465.0,15,11.0,zero
2015,MIA,0.2962452946330559,10,0.7096774193548387,32,23,0,0.0,1546.0,15,8.0,zero
2015,CIN,0.2710853366169334,11,0.6774193548387097,32,22,0,0.0,1335.0,15,7.0,zero
2015,CAR,0.2326297849594845,12,0.6451612903225806,32,21,0,0.0,1302.0,15,6.0,zero
2015,BAL,0.0276412127287634,16,0.5161290322580645,32,17,0,0.0,1190.0,15,2.0,zero
2015,TEN,-0.0688749411098529,17,0.4838709677419355,32,16,0,0.0,3360.0,15,1.0,zero
2015,LAC,-0.1544660475444642,18,0.4516129032258065,32,15,0,0.0,0.0,15,0.0,zero
2015,NYJ,-0.2440391359323857,19,0.4193548387096774,32,14,0,0.0,2310.0,15,-1.0,zero
2015,LA,-0.3179141588371424,21,0.3548387096774194,32,12,0,0.0,0.0,15,-3.0,zero
2015,ARI,-0.4533170653842397,22,0.3225806451612903,32,11,0,0.0,1220.0,15,-4.0,zero
2015,TB,-0.4990819172636246,24,0.2580645161290322,32,9,0,0.0,3852.0,15,-6.0,zero
2015,NO,-0.5963506022364659,26,0.1935483870967742,32,7,0,0.0,2210.0,15,-8.0,zero
2015,JAX,-0.8521995733032246,28,0.1290322580645161,32,5,0,0.0,2995.0,15,-10.0,zero
2015,LV,-0.8769687296958619,29,0.0967741935483871,32,4,0,0.0,0.0,15,-11.0,zero
2015,WAS,-1.0902855363538229,30,0.0645161290322581,32,3,0,0.0,2340.0,15,-12.0,zero
2015,CHI,-1.109254626375998,31,0.032258064516129,32,2,0,0.0,2245.0,15,-13.0,zero
2016,CAR,1.4480126191413836,2,0.967741935483871,32,31,2,489.0,1109.0,8,23.0,double
2016,PIT,0.4580615598900652,9,0.7419354838709677,32,24,2,1040.0,1185.0,4,20.0,double
2016,NYG,-0.8294697656455361,29,0.0967741935483871,32,4,2,1535.0,2035.0,2,2.0,double
2016,CIN,1.294822269689411,3,0.935483870967742,32,30,1,740.0,1245.0,6,24.0,single
2016,KC,1.5262251739993695,1,1.0,32,32,1,220.0,834.0,14,18.0,single
2016,MIN,0.4375260960627534,10,0.7096774193548387,32,23,1,360.0,1172.0,9,14.0,single
2016,DEN,1.2731176793576475,4,0.9032258064516128,32,29,1,108.0,1084.0,17,12.0,single
2016,NE,0.4112364946255095,11,0.6774193548387097,32,22,1,300.0,636.0,11,11.0,single
2016,ATL,-0.1856076992801604,17,0.4838709677419355,32,16,1,950.0,1515.0,5,11.0,single
2016,TB,-0.2625164176369622,20,0.3870967741935484,32,13,1,1250.0,2070.0,3,10.0,single
2016,JAX,-0.481126325240034,23,0.2903225806451612,32,10,1,1700.0,2485.0,1,9.0,single
2016,ARI,0.3259684391526861,12,0.6451612903225806,32,21,1,132.0,816.0,16,5.0,single
2016,IND,-0.4470267310357546,21,0.3548387096774194,32,12,1,330.0,1410.0,10,2.0,single
2016,MIA,-0.5793956071201907,25,0.2258064516129032,32,8,1,520.0,1895.0,7,1.0,single
2016,WAS,-0.5192575242065656,24,0.2580645161290322,32,9,1,170.0,1320.0,15,-6.0,single
2016,SF,-1.0657193361926818,31,0.032258064516129,32,2,1,250.0,2410.0,13,-11.0,single
2016,NO,-1.719152904295897,32,0.0,32,1,1,292.0,1922.0,12,-11.0,single
2016,HOU,0.805535139366495,5,0.8709677419354839,32,28,0,0.0,1365.0,18,10.0,zero
2016,SEA,0.7002061323496398,6,0.8387096774193549,32,27,0,0.0,1150.0,18,9.0,zero
2016,GB,0.5455209089943708,7,0.8064516129032258,32,26,0,0.0,1250.0,18,8.0,zero
2016,NYJ,0.4925806699959394,8,0.7741935483870968,32,25,0,0.0,1415.0,18,7.0,zero
2016,LV,0.2780024865583062,13,0.6129032258064516,32,20,0,0.0,0.0,18,2.0,zero
2016,PHI,0.1355063680806348,14,0.5806451612903225,32,19,0,0.0,2825.2,18,1.0,zero
2016,LA,0.1117495650737254,15,0.5483870967741935,32,18,0,0.0,3134.0,18,0.0,zero
2016,BUF,-0.0030415568355444,16,0.5161290322580645,32,17,0,0.0,1555.0,18,-1.0,zero
2016,BAL,-0.2179759076388631,18,0.4516129032258065,32,15,0,0.0,2320.0,18,-3.0,zero
2016,TEN,-0.2576600833848625,19,0.4193548387096774,32,14,0,0.0,2450.0,18,-4.0,zero
2016,CHI,-0.4594961792866803,22,0.3225806451612903,32,11,0,0.0,1920.0,18,-7.0,zero
2016,LAC,-0.7431408798845315,26,0.1935483870967742,32,7,0,0.0,0.0,18,-11.0,zero
2016,DAL,-0.7624182373130577,27,0.1612903225806451,32,6,0,0.0,2615.0,18,-12.0,zero
2016,DET,-0.7942080155439772,28,0.1290322580645161,32,5,0,0.0,1560.0,18,-13.0,zero
2016,CLE,-0.9168584317966368,30,0.0645161290322581,32,3,0,0.0,1905.0,18,-15.0,zero
2017,NYJ,-0.7833794902623765,26,0.1935483870967742,32,7,2,2110.0,2305.0,1,6.0,double
2017,DAL,-0.0225066332369008,18,0.4516129032258065,32,15,2,432.0,1092.0,11,4.0,double
2017,PHI,-0.220473622034401,21,0.3548387096774194,32,12,2,574.0,1674.0,9,3.0,double
2017,IND,-0.7881611807448566,27,0.1612903225806451,32,6,2,1490.0,1680.0,3,3.0,double
2017,NO,-0.7917472116321634,28,0.1290322580645161,32,5,2,1730.0,2320.0,2,3.0,double
2017,GB,-0.7520190502061628,25,0.2258064516129032,32,8,2,872.0,1000.0,6,2.0,double
2017,BAL,0.4210189724387252,8,0.7741935483870968,32,25,1,1000.0,1650.0,4,21.0,single
2017,ARI,0.8287296001526747,4,0.9032258064516128,32,29,1,540.0,1798.0,10,19.0,single
2017,BUF,-0.0144489155712463,16,0.5161290322580645,32,17,1,680.0,1486.0,8,9.0,single
2017,TEN,-0.0927359093065644,19,0.4193548387096774,32,14,1,900.0,2830.0,5,9.0,single
2017,LA,0.3561446886530998,10,0.7096774193548387,32,23,1,136.0,841.0,17,6.0,single
2017,MIA,0.3375797383119724,11,0.6774193548387097,32,22,1,112.0,1252.0,19,3.0,single
2017,PIT,0.3201512360164983,12,0.6451612903225806,32,21,1,124.0,1028.0,18,3.0,single
2017,SEA,-0.0978875896422779,20,0.3870967741935484,32,13,1,140.0,1010.0,16,-3.0,single
2017,TB,-0.4919249342822056,24,0.2580645161290322,32,9,1,400.0,1445.0,12,-3.0,single
2017,CLE,-0.8948473152968875,29,0.0967741935483871,32,4,1,720.0,4360.0,7,-3.0,single
2017,WAS,-0.3719776692967851,23,0.2903225806451612,32,10,1,185.0,1545.0,15,-5.0,single
2017,CHI,-0.343161309712238,22,0.3225806451612903,32,11,1,70.0,3120.0,20,-9.0,single
2017,DET,-0.9503092900049162,30,0.0645161290322581,32,3,1,370.0,1286.0,13,-10.0,single
2017,SF,-1.0769309164263383,32,0.0,32,1,1,260.0,3060.0,14,-13.0,single
2017,DEN,2.071964140207794,1,1.0,32,32,0,0.0,1420.0,21,11.0,zero
2017,HOU,1.1093090710372426,2,0.967741935483871,32,31,0,0.0,1675.0,21,10.0,zero
2017,MIN,1.0105146141714565,3,0.935483870967742,32,30,0,0.0,806.0,21,9.0,zero
2017,CIN,0.6017146920212358,5,0.8709677419354839,32,28,0,0.0,1995.0,21,7.0,zero
2017,KC,0.4616675419396455,6,0.8387096774193549,32,27,0,0.0,1770.0,21,6.0,zero
2017,JAX,0.4220237477819026,7,0.8064516129032258,32,26,0,0.0,2610.0,21,5.0,zero
2017,NE,0.367338657812583,9,0.7419354838709677,32,24,0,0.0,381.0,21,3.0,zero
2017,ATL,0.1437226108278581,13,0.6129032258064516,32,20,0,0.0,953.0,21,-1.0,zero
2017,NYG,0.1306334113696121,14,0.5806451612903225,32,19,0,0.0,1265.0,21,-2.0,zero
2017,LAC,0.0776000660440073,15,0.5483870967741935,32,18,0,0.0,2255.0,21,-3.0,zero
2017,CAR,-0.0168271970438145,17,0.4838709677419355,32,16,0,0.0,2170.0,21,-5.0,zero
2017,LV,-0.950774554086175,31,0.032258064516129,32,2,0,0.0,0.0,21,-19.0,zero
2018,CAR,-0.2193169129195816,21,0.3548387096774194,32,12,2,515.0,1255.0,7,5.0,double
2018,GB,-1.0457233690404426,29,0.0967741935483871,32,4,2,1350.0,1500.0,2,2.0,double
2018,LAC,1.0857444632631688,2,0.967741935483871,32,31,1,950.0,1540.0,4,27.0,single
2018,MIN,0.9404767852742248,3,0.935483870967742,32,30,1,620.0,996.0,6,24.0,single
2018,JAX,1.41132514720365,1,1.0,32,32,1,128.0,1060.0,14,18.0,single
2018,CIN,0.5592720052596566,8,0.7741935483870968,32,25,1,360.0,1365.0,9,16.0,single
2018,PIT,0.369780284582242,12,0.6451612903225806,32,21,1,660.0,1170.0,5,16.0,single
2018,PHI,0.5841250607362409,6,0.8387096774193549,32,27,1,47.0,499.0,15,12.0,single
2018,TEN,0.4880094753959604,10,0.7096774193548387,32,23,1,30.6,1300.6,16,7.0,single
2018,ATL,0.0607604369790931,17,0.4838709677419355,32,16,1,320.0,1160.0,11,5.0,single
2018,CLE,-0.7812519305851952,27,0.1612903225806451,32,6,1,1800.0,5380.0,1,5.0,single
2018,DET,0.0690809646697401,16,0.5161290322580645,32,17,1,180.0,1500.0,13,4.0,single
2018,MIA,-0.7339033636015745,26,0.1935483870967742,32,7,1,1250.0,1955.0,3,4.0,single
2018,NE,-0.2894060392455074,22,0.3225806451612903,32,11,1,340.0,1700.0,10,1.0,single
2018,TB,-1.277340772847572,31,0.032258064516129,32,2,1,370.0,2090.0,8,-6.0,single
2018,HOU,-1.002584661531582,28,0.1290322580645161,32,5,1,250.0,548.0,12,-7.0,single
2018,BAL,0.9393271521870704,4,0.9032258064516128,32,29,0,0.0,1485.0,17,12.0,zero
2018,SEA,0.6686391598129826,5,0.8709677419354839,32,28,0,0.0,929.0,17,11.0,zero
2018,ARI,0.5774930864663047,7,0.8064516129032258,32,26,0,0.0,1842.0,17,9.0,zero
2018,LA,0.5110699153315609,9,0.7419354838709677,32,24,0,0.0,255.5,17,7.0,zero
2018,BUF,0.4214254415502519,11,0.6774193548387097,32,22,0,0.0,2616.0,17,5.0,zero
2018,CHI,0.3300855932010038,13,0.6129032258064516,32,20,0,0.0,2300.0,17,3.0,zero
2018,DAL,0.3110085252500078,14,0.5806451612903225,32,19,0,0.0,1460.0,17,2.0,zero
2018,WAS,0.2742242844473964,15,0.5483870967741935,32,18,0,0.0,1680.0,17,1.0,zero
2018,NO,0.0217590453946977,18,0.4516129032258065,32,15,0,0.0,1281.0,17,-2.0,zero
2018,DEN,-0.0360995365793003,19,0.4193548387096774,32,14,0,0.0,2435.0,17,-3.0,zero
2018,KC,-0.1199364587116039,20,0.3870967741935484,32,13,0,0.0,755.0,17,-4.0,zero
2018,SF,-0.4104795049738291,23,0.2903225806451612,32,10,0,0.0,2050.0,17,-7.0,zero
2018,NYJ,-0.6009535498664735,24,0.2580645161290322,32,9,0,0.0,2510.0,17,-8.0,zero
2018,NYG,-0.6764603565716527,25,0.2258064516129032,32,8,0,0.0,3420.0,17,-9.0,zero
2018,LV,-1.060685823247197,30,0.0645161290322581,32,3,0,0.0,0.0,17,-14.0,zero
2018,IND,-1.3694645472837368,32,0.0,32,1,0,0.0,2670.0,17,-16.0,zero
2019,CLE,0.4527709200104498,7,0.8064516129032258,32,26,2,496.0,686.0,6,20.0,double
2019,LA,-0.2995510913875993,21,0.3548387096774194,32,12,2,487.0,727.0,7,5.0,double
2019,TB,-1.382213624970188,31,0.032258064516129,32,2,2,634.0,2334.0,2,0.0,double
2019,NO,-0.4112233818872554,27,0.1612903225806451,32,6,2,104.6,524.6,15,-9.0,double
2019,ARI,0.559805311354003,6,0.8387096774193549,32,27,1,580.0,3864.0,4,23.0,single
2019,IND,0.2679485626168641,9,0.7419354838709677,32,24,1,560.0,1280.0,5,19.0,single
2019,CHI,1.8713225004682408,1,1.0,32,32,1,9.4,280.4,17,15.0,single
2019,NE,0.2630487301449891,10,0.7096774193548387,32,23,1,450.0,1245.0,8,15.0,single
2019,LAC,0.1727006643541249,12,0.6451612903225806,32,21,1,300.0,1096.0,11,10.0,single
2019,HOU,0.0588845868634327,13,0.6129032258064516,32,20,1,360.0,1470.0,10,10.0,single
2019,GB,-0.3096507015180809,22,0.3225806451612903,32,11,1,800.0,2460.0,1,10.0,single
2019,PIT,0.1914633461413764,11,0.6774193548387097,32,22,1,175.0,1735.0,14,8.0,single
2019,KC,-0.0502270782527254,15,0.5483870967741935,32,18,1,276.0,786.0,12,6.0,single
2019,NYG,-0.5373821348762636,28,0.1290322580645161,32,5,1,620.0,3170.0,3,2.0,single
2019,ATL,-0.1033014485205885,16,0.5161290322580645,32,17,1,72.0,1772.0,16,1.0,single
2019,SEA,-0.3418204099038059,23,0.2903225806451612,32,10,1,430.0,1340.0,9,1.0,single
2019,DET,-0.3565076381587982,24,0.2580645161290322,32,9,1,185.0,2055.0,13,-4.0,single
2019,BUF,1.332194281581068,2,0.967741935483871,32,31,0,0.0,2090.0,18,13.0,zero
2019,BAL,1.2858145438651527,3,0.935483870967742,32,30,0,0.0,1013.0,18,12.0,zero
2019,JAX,0.921771331976096,4,0.9032258064516128,32,29,0,0.0,2295.0,18,11.0,zero
2019,MIN,0.9159299736623456,5,0.8709677419354839,32,28,0,0.0,1392.0,18,10.0,zero
2019,TEN,0.3222314670502471,8,0.7741935483870968,32,25,0,0.0,1445.0,18,7.0,zero
2019,WAS,-0.0413442105107849,14,0.5806451612903225,32,19,0,0.0,1960.0,18,1.0,zero
2019,DAL,-0.1418710381305661,17,0.4838709677419355,32,16,0,0.0,504.0,18,-2.0,zero
2019,DEN,-0.1648156129355666,18,0.4516129032258065,32,15,0,0.0,1820.0,18,-3.0,zero
2019,NYJ,-0.2346031651076135,19,0.4193548387096774,32,14,0,0.0,2582.0,18,-4.0,zero
2019,SF,-0.2742746169688016,20,0.3870967741935484,32,13,0,0.0,3395.0,18,-5.0,zero
2019,CAR,-0.3676521934671588,25,0.2258064516129032,32,8,0,0.0,1630.0,18,-10.0,zero
2019,PHI,-0.3938109639871976,26,0.1935483870967742,32,7,0,0.0,1480.0,18,-11.0,zero
2019,MIA,-0.8599599267901571,29,0.0967741935483871,32,4,0,0.0,1381.0,18,-14.0,zero
2019,CIN,-0.9005418941800082,30,0.0645161290322581,32,3,0,0.0,1860.0,18,-15.0,zero
2019,LV,-1.4451350885352134,32,0.0,32,1,0,0.0,0.0,18,-17.0,zero
2020,NE,1.90484046321486,1,1.0,32,32,1,530.0,985.0,8,24.0,single
2020,MIN,0.5609446470539063,8,0.7741935483870968,32,25,1,600.0,1700.0,6,19.0,single
2020,CHI,0.3997284321448743,9,0.7419354838709677,32,24,1,400.0,899.4,11,13.0,single
2020,TB,0.2934488263747526,11,0.6774193548387097,32,22,1,450.0,1810.0,10,12.0,single
2020,CLE,0.161182191635452,13,0.6129032258064516,32,20,1,460.0,1910.0,9,11.0,single
2020,JAX,-0.5490723482660913,24,0.2580645161290322,32,9,1,1350.0,2680.0,2,7.0,single
2020,NYJ,0.2182127525075899,12,0.6451612903225806,32,21,1,250.0,1810.0,15,6.0,single
2020,CAR,0.1449287553727844,14,0.5806451612903225,32,19,1,270.0,2290.0,14,5.0,single
2020,ATL,-0.6201556260440424,25,0.2258064516129032,32,8,1,1000.0,1630.0,3,5.0,single
2020,TEN,0.1032142392573721,16,0.5161290322580645,32,17,1,292.0,1060.0,13,4.0,single
2020,DAL,0.0030708775670262,17,0.4838709677419355,32,16,1,390.0,1520.0,12,4.0,single
2020,DET,-1.098981368491453,28,0.1290322580645161,32,5,1,2200.0,3005.0,1,4.0,single
2020,DEN,-0.0185410318526615,18,0.4516129032258065,32,15,1,205.0,1695.0,16,-1.0,single
2020,NYG,-1.0459513021580724,27,0.1612903225806451,32,6,1,540.0,2444.0,7,-1.0,single
2020,MIA,-1.1790208858749405,29,0.0967741935483871,32,4,1,620.0,3220.0,5,-1.0,single
2020,LV,-1.2308671187708178,30,0.0645161290322581,32,3,1,875.0,2265.0,4,-1.0,single
2020,IND,-0.2871383134710947,22,0.3225806451612903,32,11,1,165.0,1215.0,17,-6.0,single
2020,SF,1.4655011260534432,2,0.967741935483871,32,31,0,0.0,1850.2,18,13.0,zero
2020,PIT,1.1986700826958347,3,0.935483870967742,32,30,0,0.0,550.0,18,12.0,zero
2020,BUF,1.1559339506863242,4,0.9032258064516128,32,29,0,0.0,564.0,18,11.0,zero
2020,BAL,0.7085003925456903,5,0.8709677419354839,32,28,0,0.0,1245.0,18,10.0,zero
2020,LA,0.6755876858426048,6,0.8387096774193549,32,27,0,0.0,880.0,18,9.0,zero
2020,KC,0.66241600162136,7,0.8064516129032258,32,26,0,0.0,982.0,18,8.0,zero
2020,NO,0.3576983600049007,10,0.7096774193548387,32,23,0,0.0,1044.0,18,5.0,zero
2020,GB,0.1312808977030267,15,0.5483870967741935,32,18,0,0.0,1108.0,18,0.0,zero
2020,PHI,-0.0766949736782756,19,0.4193548387096774,32,14,0,0.0,1258.0,18,-4.0,zero
2020,SEA,-0.2162829596182968,20,0.3870967741935484,32,13,0,0.0,1345.0,18,-5.0,zero
2020,LAC,-0.2307347499655638,21,0.3548387096774194,32,12,0,0.0,2430.0,18,-6.0,zero
2020,WAS,-0.3820467131923821,23,0.2903225806451612,32,10,0,0.0,2938.0,18,-8.0,zero
2020,HOU,-0.6666086874987589,26,0.1935483870967742,32,7,0,0.0,686.0,18,-11.0,zero
2020,CIN,-1.2613760113603742,31,0.032258064516129,32,2,0,0.0,3845.0,18,-16.0,zero
2020,ARI,-1.2816875920389734,32,0.0,32,1,0,0.0,1696.0,18,-17.0,zero
2021,GB,0.604332183667965,7,0.8064516129032258,32,26,1,640.0,1089.0,5,21.0,single
2021,WAS,1.17652990090749,3,0.935483870967742,32,30,1,220.0,1485.0,13,17.0,single
2021,NO,0.863340604763947,5,0.8709677419354839,32,28,1,210.0,1170.0,14,14.0,single
2021,CLE,0.0252830833124703,15,0.5483870967741935,32,18,1,700.0,1216.0,4,14.0,single
2021,CAR,-0.2332984296266575,19,0.4193548387096774,32,14,1,1400.0,1950.0,1,13.0,single
2021,NYG,0.4209293812121822,11,0.6774193548387097,32,22,1,235.0,1485.0,12,10.0,single
2021,LAC,0.3934713198595708,12,0.6451612903225806,32,21,1,430.0,1785.0,11,10.0,single
2021,TEN,-0.2365920656680093,20,0.3870967741935484,32,13,1,780.0,1282.0,3,10.0,single
2021,ARI,0.4979451092558253,9,0.7419354838709677,32,24,1,38.0,1448.0,15,9.0,single
2021,DEN,-0.3231213299393645,23,0.2903225806451612,32,10,1,1350.0,2008.0,2,8.0,single
2021,MIA,-0.253434112634004,22,0.3225806451612903,32,11,1,540.0,3040.0,7,4.0,single
2021,SEA,0.1848454054159096,14,0.5806451612903225,32,19,1,37.5,385.7,16,3.0,single
2021,DAL,-0.2457611225362994,21,0.3548387096774194,32,12,1,460.0,1875.0,10,2.0,single
2021,LV,-0.4195165647339569,25,0.2258064516129032,32,8,1,470.0,1615.0,9,-1.0,single
2021,JAX,-1.159609196446673,31,0.032258064516129,32,2,1,580.0,4300.0,6,-4.0,single
2021,ATL,-1.0786675672604695,30,0.0645161290322581,32,3,1,500.0,2550.0,8,-5.0,single
2021,LA,1.359901080732888,1,1.0,32,32,0,0.0,478.0,17,15.0,zero
2021,PIT,1.227092063800828,2,0.967741935483871,32,31,0,0.0,1245.0,17,14.0,zero
2021,BAL,1.0243224399692108,4,0.9032258064516128,32,29,0,0.0,1404.0,17,12.0,zero
2021,TB,0.7901968392678393,6,0.8387096774193549,32,27,0,0.0,980.0,17,10.0,zero
2021,SF,0.5819560867639268,8,0.7741935483870968,32,25,0,0.0,2770.0,17,8.0,zero
2021,BUF,0.4712819216219044,10,0.7096774193548387,32,23,0,0.0,1040.0,17,6.0,zero
2021,KC,0.2211858425925617,13,0.6129032258064516,32,20,0,0.0,630.0,17,3.0,zero
2021,CHI,-0.0474325371621111,16,0.5161290322580645,32,17,0,0.0,1791.0,17,0.0,zero
2021,IND,-0.0732467527632634,17,0.4838709677419355,32,16,0,0.0,1205.0,17,-1.0,zero
2021,NE,-0.1104746065819295,18,0.4516129032258065,32,15,0,0.0,1686.0,17,-2.0,zero
2021,PHI,-0.4145938731252697,24,0.2580645161290322,32,9,0,0.0,2055.0,17,-8.0,zero
2021,NYJ,-0.5855473751964185,26,0.1935483870967742,32,7,0,0.0,4260.0,17,-10.0,zero
2021,CIN,-0.7074605675040925,27,0.1612903225806451,32,6,0,0.0,2385.0,17,-11.0,zero
2021,MIN,-1.0263210985861768,28,0.1290322580645161,32,5,0,0.0,1220.0,17,-12.0,zero
2021,HOU,-1.065549263064402,29,0.0967741935483871,32,4,0,0.0,432.6,17,-13.0,zero
2021,DET,-1.861986800315417,32,0.0,32,1,0,0.0,2220.0,17,-16.0,zero
2022,MIN,0.0448631254532138,19,0.4193548387096774,32,14,2,1070.0,1380.0,3,11.0,double
2022,CIN,-0.1578392126102797,21,0.3548387096774194,32,12,2,900.0,1020.0,4,8.0,double
2022,BUF,1.9222691571168515,1,1.0,32,32,1,760.0,1181.0,6,26.0,single
2022,NE,1.0418355189677548,2,0.967741935483871,32,31,1,165.0,1205.0,11,20.0,single
2022,CLE,0.7960742222582862,4,0.9032258064516128,32,29,1,250.0,554.0,10,19.0,single
2022,NO,0.4346978884219333,9,0.7419354838709677,32,24,1,410.0,2535.0,9,15.0,single
2022,LA,0.4858483451775189,7,0.8064516129032258,32,26,1,35.0,146.8,13,13.0,single
2022,DEN,0.304384540525655,11,0.6774193548387097,32,22,1,64.0,524.0,12,10.0,single
2022,TEN,0.0875146864287777,17,0.4838709677419355,32,16,1,550.0,1695.0,7,9.0,single
2022,KC,-0.2198599521311877,23,0.2903225806451612,32,10,1,800.0,1780.0,5,5.0,single
2022,HOU,-0.7904929045129996,28,0.1290322580645161,32,5,1,2200.0,3780.0,1,4.0,single
2022,CHI,-0.2660568221709252,24,0.2580645161290322,32,9,1,510.0,1165.0,8,1.0,single
2022,NYJ,-1.807831510868428,32,0.0,32,1,1,1800.0,3800.0,2,-1.0,single
2022,GB,0.8808227217716791,3,0.935483870967742,32,30,0,0.0,2000.0,14,16.0,zero
2022,TB,0.5783242547629573,5,0.8709677419354839,32,28,0,0.0,1046.0,14,14.0,zero
2022,NYG,0.5334031841808118,6,0.8387096774193549,32,27,0,0.0,3670.0,14,13.0,zero
2022,DAL,0.4417403960180478,8,0.7741935483870968,32,25,0,0.0,1230.0,14,11.0,zero
2022,IND,0.3991912762116785,10,0.7096774193548387,32,23,0,0.0,800.0,14,9.0,zero
2022,PHI,0.2631430269393974,12,0.6451612903225806,32,21,0,0.0,1715.0,14,7.0,zero
2022,LV,0.227449695498359,13,0.6129032258064516,32,20,0,0.0,236.0,14,6.0,zero
2022,PIT,0.2026701192233971,14,0.5806451612903225,32,19,0,0.0,1400.0,14,5.0,zero
2022,MIA,0.0964238986136891,15,0.5483870967741935,32,18,0,0.0,141.0,14,4.0,zero
2022,CAR,0.0952793105430806,16,0.5161290322580645,32,17,0,0.0,1778.0,14,3.0,zero
2022,ARI,0.0641278064841682,18,0.4516129032258065,32,15,0,0.0,605.0,14,1.0,zero
2022,SF,-0.0768883269454855,20,0.3870967741935484,32,13,0,0.0,504.0,14,-1.0,zero
2022,LAC,-0.2002983055370497,22,0.3225806451612903,32,11,0,0.0,1194.0,14,-3.0,zero
2022,SEA,-0.2735507634109841,25,0.2258064516129032,32,8,0,0.0,2340.0,14,-6.0,zero
2022,ATL,-0.5816677122435446,26,0.1935483870967742,32,7,0,0.0,2240.0,14,-7.0,zero
2022,WAS,-0.6573426098647618,27,0.1612903225806451,32,6,0,0.0,1538.0,14,-8.0,zero
2022,JAX,-1.1477414490280688,29,0.0967741935483871,32,4,0,0.0,3945.0,14,-10.0,zero
2022,DET,-1.1881760614936925,30,0.0645161290322581,32,3,0,0.0,4240.0,14,-11.0,zero
2022,BAL,-1.5323175437798515,31,0.032258064516129,32,2,0,0.0,2270.0,14,-12.0,zero
2023,NE,0.6573568494121389,6,0.8387096774193549,32,27,2,1160.0,1600.0,3,24.0,double
2023,WAS,0.3139867009772905,10,0.7096774193548387,32,23,2,1430.0,1542.0,2,21.0,double
2023,CIN,-0.1520022106914037,19,0.4193548387096774,32,14,2,420.0,1080.0,7,7.0,double
2023,MIN,-0.9055088178495534,28,0.1290322580645161,32,5,2,131.0,891.0,13,-8.0,double
2023,DEN,0.6334287215168557,7,0.8064516129032258,32,26,1,175.0,706.0,11,15.0,single
2023,SF,0.604895272167498,8,0.7741935483870968,32,25,1,155.0,355.0,12,13.0,single
2023,NYG,-0.13762740297942,16,0.5161290322580645,32,17,1,740.0,1295.0,4,13.0,single
2023,ARI,-0.1144886999552046,15,0.5483870967741935,32,18,1,230.0,2320.0,10,8.0,single
2023,PIT,-0.1524067038792722,20,0.3870967741935484,32,13,1,590.0,2100.0,5,8.0,single
2023,SEA,-0.2871065686650415,24,0.2580645161290322,32,9,1,1700.0,3080.0,1,8.0,single
2023,IND,-0.1569468950121086,22,0.3225806451612903,32,11,1,460.0,2455.0,6,5.0,single
2023,MIA,-0.1528926752224035,21,0.3548387096774194,32,12,1,390.0,572.6,8,4.0,single
2023,CHI,-1.2709583036057053,32,0.0,32,1,1,340.0,2010.0,9,-8.0,single
2023,PHI,1.5661905736477937,1,1.0,32,32,0,0.0,2235.0,14,18.0,zero
2023,NYJ,1.0273977399772412,2,0.967741935483871,32,31,0,0.0,1574.0,14,17.0,zero
2023,NO,1.023895261743461,3,0.935483870967742,32,30,0,0.0,1375.0,14,16.0,zero
2023,DAL,0.8445305637014139,4,0.9032258064516128,32,29,0,0.0,1160.0,14,15.0,zero
2023,BUF,0.785749110905604,5,0.8709677419354839,32,28,0,0.0,1166.0,14,14.0,zero
2023,KC,0.5424534932001086,9,0.7419354838709677,32,24,0,0.0,1082.0,14,10.0,zero
2023,TB,0.2096623960721914,11,0.6774193548387097,32,22,0,0.0,1475.0,14,8.0,zero
2023,BAL,0.1250627132753057,12,0.6451612903225806,32,21,0,0.0,988.0,14,7.0,zero
2023,LAC,-0.0282130797878054,13,0.6129032258064516,32,20,0,0.0,1325.0,14,6.0,zero
2023,CLE,-0.0525227921304548,14,0.5806451612903225,32,19,0,0.0,400.0,14,5.0,zero
2023,LA,-0.1417585120623357,17,0.4838709677419355,32,16,0,0.0,890.0,14,2.0,zero
2023,JAX,-0.1504330771209505,18,0.4516129032258065,32,15,0,0.0,1122.0,14,1.0,zero
2023,HOU,-0.2059378763428565,23,0.2903225806451612,32,10,0,0.0,5084.0,14,-4.0,zero
2023,GB,-0.3148254350872007,25,0.2258064516129032,32,8,0,0.0,2030.0,14,-6.0,zero
2023,CAR,-0.3584358434263391,26,0.1935483870967742,32,7,0,0.0,3700.0,14,-7.0,zero
2023,TEN,-0.5909027568188935,27,0.1612903225806451,32,6,0,0.0,2015.0,14,-8.0,zero
2023,ATL,-0.9632631581899064,29,0.0967741935483871,32,4,0,0.0,2135.0,14,-10.0,zero
2023,DET,-1.0047746097191683,30,0.0645161290322581,32,3,0,0.0,2660.0,14,-11.0,zero
2023,LV,-1.193603978050868,31,0.032258064516129,32,2,0,0.0,2290.0,14,-12.0,zero
2024,NYG,0.1537093881857677,14,0.5806451612903225,32,19,2,670.0,2270.0,3,16.0,double
2024,PHI,-0.3563535394128136,22,0.3225806451612903,32,11,2,1280.0,1404.0,1,10.0,double
2024,DET,-1.1577251083805595,31,0.032258064516129,32,2,2,1032.0,1078.0,2,0.0,double
2024,BAL,1.5425631640899926,1,1.0,32,32,1,620.0,1032.0,4,28.0,single
2024,NO,0.4861054425004373,7,0.8064516129032258,32,26,1,490.0,1621.4,5,21.0,single
2024,SF,0.9110008971609124,5,0.8709677419354839,32,28,1,270.0,1030.0,10,18.0,single
2024,JAX,0.1954646335126224,13,0.6129032258064516,32,20,1,116.0,1296.0,12,8.0,single
2024,HOU,-0.3440185664753699,21,0.3548387096774194,32,12,1,480.0,990.0,6,6.0,single
2024,MIN,-0.30479158992352,18,0.4516129032258065,32,15,1,78.0,2328.0,13,2.0,single
2024,GB,-0.3697848732496864,23,0.2903225806451612,32,10,1,320.0,1490.0,9,1.0,single
2024,ARI,-0.7915240943100321,29,0.0967741935483871,32,4,1,470.0,2950.0,7,-3.0,single
2024,TB,-0.6074532236594868,27,0.1612903225806451,32,6,1,145.0,1175.0,11,-5.0,single
2024,WAS,-1.235482009911954,32,0.0,32,1,1,400.0,3540.0,8,-7.0,single
2024,NYJ,1.4429877422028974,2,0.967741935483871,32,31,0,0.0,1554.0,14,17.0,zero
2024,CLE,1.4429197503821092,3,0.935483870967742,32,30,0,0.0,554.0,14,16.0,zero
2024,KC,1.239371589252457,4,0.9032258064516128,32,29,0,0.0,977.0,14,15.0,zero
2024,BUF,0.6907975037101599,6,0.8387096774193549,32,27,0,0.0,1000.0,14,13.0,zero
2024,LV,0.3559521012199987,8,0.7741935483870968,32,25,0,0.0,1815.0,14,11.0,zero
2024,CHI,0.2685768912518835,9,0.7419354838709677,32,24,0,0.0,4565.0,14,10.0,zero
2024,DAL,0.2632129089155247,10,0.7096774193548387,32,23,0,0.0,1205.0,14,9.0,zero
2024,NE,0.2199686325095279,11,0.6774193548387097,32,22,0,0.0,2980.0,14,8.0,zero
2024,CAR,0.2029857449524977,12,0.6451612903225806,32,21,0,0.0,1260.0,14,7.0,zero
2024,ATL,0.0135939108679788,15,0.5483870967741935,32,18,0,0.0,2170.0,14,4.0,zero
2024,IND,-0.1978266008932505,16,0.5161290322580645,32,17,0,0.0,1625.0,14,3.0,zero
2024,MIA,-0.2141734032114465,17,0.4838709677419355,32,16,0,0.0,1204.0,14,2.0,zero
2024,LA,-0.315247182743095,19,0.4193548387096774,32,14,0,0.0,1560.0,14,0.0,zero
2024,PIT,-0.3420298025701614,20,0.3870967741935484,32,13,0,0.0,1410.0,14,-1.0,zero
2024,TEN,-0.414758368751436,24,0.2580645161290322,32,9,0,0.0,2102.0,14,-5.0,zero
2024,SEA,-0.5043012386604456,25,0.2258064516129032,32,8,0,0.0,1243.0,14,-6.0,zero
2024,DEN,-0.5849257379762065,26,0.1935483870967742,32,7,0,0.0,1502.0,14,-7.0,zero
2024,LAC,-0.7837003290138317,28,0.1290322580645161,32,5,0,0.0,2505.0,14,-9.0,zero
2024,CIN,-0.9051146315714724,30,0.0645161290322581,32,3,0,0.0,1500.0,14,-11.0,zero
2025,PHI,1.8016623765222093,1,1.0,32,32,0,0.0,0.0,1,31.0,zero
2025,HOU,1.2045629956317716,2,0.967741935483871,32,31,0,0.0,0.0,1,30.0,zero
2025,DEN,0.8093071657210995,3,0.935483870967742,32,30,0,0.0,0.0,1,29.0,zero
2025,MIN,0.7094502399633437,4,0.9032258064516128,32,29,0,0.0,0.0,1,28.0,zero
2025,SEA,0.5867021602418617,5,0.8709677419354839,32,28,0,0.0,0.0,1,27.0,zero
2025,LAC,0.5642061603969736,6,0.8387096774193549,32,27,0,0.0,0.0,1,26.0,zero
2025,MIA,0.5291400458304579,7,0.8064516129032258,32,26,0,0.0,0.0,1,25.0,zero
2025,GB,0.5096347364931207,8,0.7741935483870968,32,25,0,0.0,0.0,1,24.0,zero
2025,SF,0.4366104445891768,9,0.7419354838709677,32,24,0,0.0,0.0,1,23.0,zero
2025,TEN,0.3238391552552723,10,0.7096774193548387,32,23,0,0.0,0.0,1,22.0,zero
2025,NYJ,0.2944184021285146,11,0.6774193548387097,32,22,0,0.0,0.0,1,21.0,zero
2025,PIT,0.2326665927169068,12,0.6451612903225806,32,21,0,0.0,0.0,1,20.0,zero
2025,CIN,0.2235676429154009,13,0.6129032258064516,32,20,0,0.0,0.0,1,19.0,zero
2025,BAL,0.0643507749454623,14,0.5806451612903225,32,19,0,0.0,0.0,1,18.0,zero
2025,WAS,0.0135834308622935,15,0.5483870967741935,32,18,0,0.0,0.0,1,17.0,zero
2025,LV,-0.001022850486547,16,0.5161290322580645,32,17,0,0.0,0.0,1,16.0,zero
2025,LA,-0.0836386576026812,17,0.4838709677419355,32,16,0,0.0,0.0,1,15.0,zero
2025,KC,-0.0871251607577524,18,0.4516129032258065,32,15,0,0.0,0.0,1,14.0,zero
2025,BUF,-0.1036629923857869,19,0.4193548387096774,32,14,0,0.0,0.0,1,13.0,zero
2025,ATL,-0.1108107361416874,20,0.3870967741935484,32,13,0,0.0,0.0,1,12.0,zero
2025,NO,-0.1591550763306484,21,0.3548387096774194,32,12,0,0.0,0.0,1,11.0,zero
2025,NE,-0.2031768609858987,22,0.3225806451612903,32,11,0,0.0,0.0,1,10.0,zero
2025,ARI,-0.204711634273409,23,0.2903225806451612,32,10,0,0.0,0.0,1,9.0,zero
2025,TB,-0.2632880128921456,24,0.2580645161290322,32,9,0,0.0,0.0,1,8.0,zero
2025,IND,-0.4164348191598704,25,0.2258064516129032,32,8,0,0.0,0.0,1,7.0,zero
2025,DET,-0.4241974148716752,26,0.1935483870967742,32,7,0,0.0,0.0,1,6.0,zero
2025,DAL,-0.4253411314078625,27,0.1612903225806451,32,6,0,0.0,0.0,1,5.0,zero
2025,CAR,-0.980456582855132,28,0.1290322580645161,32,5,0,0.0,0.0,1,4.0,zero
2025,CHI,-0.9806730960158324,29,0.0967741935483871,32,4,0,0.0,0.0,1,3.0,zero
2025,NYG,-0.9847127245807226,30,0.0645161290322581,32,3,0,0.0,0.0,1,2.0,zero
2025,CLE,-1.0668807162162113,31,0.032258064516129,32,2,0,0.0,0.0,1,1.0,zero
2025,JAX,-1.808413857250024,32,0.0,32,1,0,0.0,0.0,1,0.0,zero
