season,team,PDX4,grp,latent_strength,latent_improvement
2000,ARI,-0.9283366716964886,single,-0.9283366716964886,
2001,ARI,-0.4610035154480532,single,-0.7085972406127872,0.21973943108370142
2002,ARI,-1.0823036809638564,single,-0.8585539882873637,-0.14995674767457656
2003,ARI,-1.1871688655975188,single,-0.9819473123645029,-0.12339332407713921
2004,ARI,0.8388820451199852,single,-0.31683668048156577,0.6651106318829372
2005,ARI,0.0479905544001316,single,-0.1850843460111224,0.13175233447044338
2006,ARI,-1.1058701777203714,single,-0.5160524473041582,-0.33096810129303583
2007,ARI,-0.1780165372429223,single,-0.3947839100527698,0.12126853725138842
2008,ARI,0.0513782662732333,single,-0.234853482877009,0.1599304271757608
2009,ARI,0.1220702260352191,single,-0.10695339582805044,0.12790008704895856
2010,ARI,-0.3199976100834483,single,-0.18328534129519644,-0.076331945467146
2011,ARI,0.0161855465028199,single,-0.11182059301648194,0.0714647482787145
2012,ARI,0.7165407594424458,single,0.18495090820034799,0.29677150121682994
2013,ARI,0.862582995115202,single,0.42771934182101534,0.24276843362066736
2014,ARI,-0.4533170653842397,single,0.1120805183153879,-0.31563882350562744
2015,ARI,0.3259684391526861,single,0.18870757112420566,0.07662705280881776
2016,ARI,0.8287296001526747,single,0.4180004138276141,0.22929284270340844
2017,ARI,0.5774930864663047,single,0.4751398819745339,0.05713946814691978
2018,ARI,0.559805311354003,single,0.5054719153061769,0.03033203333164297
2019,ARI,-1.2816875920389734,single,-0.13479152680211248,-0.6402634421082893
2020,ARI,0.4979451092558253,single,0.09189116558189953,0.226682692384012
2021,ARI,0.0641278064841682,single,0.08194473197595681,-0.009946433605942717
2022,ARI,-0.1144886999552046,single,0.011570967925654374,-0.07037376405030243
2023,ARI,-0.7915240943100321,single,-0.27614391741246747,-0.28771488533812184
2024,ARI,-0.204711634273409,single,-0.2505527612617433,0.02559115615072416
2000,ATL,-0.6874414095033895,zero,-0.6874414095033895,
2001,ATL,-1.3438916073955076,zero,-0.9961034230818027,-0.30866201357841316
2002,ATL,0.3270013509644464,zero,-0.4651827127983751,0.5309207102834276
2003,ATL,-1.233564599557802,zero,-0.7537064581138453,-0.2885237453154702
2004,ATL,-0.1000292442195671,zero,-0.5149319332010103,0.23877452491283502
2005,ATL,0.7176493800955078,zero,-0.06980215689984881,0.44512977630116146
2006,ATL,-0.711394736249878,zero,-0.30041678027758123,-0.23061462337773242
2007,ATL,-0.7312514713742982,zero,-0.454976373597084,-0.15455959331950275
2008,ATL,-0.2927921467731653,zero,-0.39684013064903273,0.05813624294805125
2009,ATL,-0.7583272660608157,zero,-0.5263754765277098,-0.12953534587867704
2010,ATL,0.1640599221529067,zero,-0.27899829529388187,0.2473771812338279
2011,ATL,-0.1528999784688614,zero,-0.2338208532633697,0.04517744203051216
2012,ATL,-0.6909907611833376,zero,-0.39760806941224947,-0.16378721614887976
2013,ATL,-1.0411325849372923,zero,-0.628157126411293,-0.2305490569990435
2014,ATL,-1.1119206984103531,zero,-0.8014695610302291,-0.1733124346189362
2015,ATL,-0.1856076992801604,zero,-0.5808321392510093,0.22063742177921986
2016,ATL,0.1437226108278581,zero,-0.32125479533984963,0.25957734391115966
2017,ATL,0.0607604369790931,zero,-0.18439492060331453,0.1368598747365351
2018,ATL,-0.1033014485205885,zero,-0.155342568111633,0.029052352491681532
2019,ATL,-0.6201556260440424,zero,-0.32186536990159587,-0.16652280178996287
2020,ATL,-1.0786675672604695,zero,-0.5929954893273615,-0.2711301194257656
2021,ATL,-0.5816677122435446,zero,-0.5889372274192658,0.004058261908095662
2022,ATL,-0.9632631581899064,zero,-0.7230423258792597,-0.13410509845999385
2023,ATL,0.0135939108679788,zero,-0.45913681785431015,0.2639055080249495
2024,ATL,-0.1108107361416874,zero,-0.33434636238021515,0.12479045547409501
2000,BAL,1.4540355398688471,zero,1.4540355398688471,
2001,BAL,0.9686897403025568,zero,1.225826587754896,-0.2282089521139512
2002,BAL,0.3195753563466885,zero,0.8621762125823718,-0.3636503751725242
2003,BAL,1.5711579289303037,zero,1.1283954763180106,0.26621926373563887
2004,BAL,0.5872972343845089,zero,0.9307436798309784,-0.19765179648703224
2005,BAL,0.8593637625091505,zero,0.9049658051487123,-0.02577787468226611
2006,BAL,1.1674673840148466,zero,0.9993196126812136,0.09435380753250133
2007,BAL,-0.8796802662284782,zero,0.3252386643889559,-0.6740809482922577
2008,BAL,1.0720068579889674,zero,0.5929237406703997,0.2676850762814438
2009,BAL,0.6596532528960346,zero,0.6168356025313108,0.0239118618609111
2010,BAL,0.6796033844807534,zero,0.6393247695129349,0.022489166981624176
2011,BAL,1.098272218600653,zero,0.8037525929626588,0.16442782344972384
2012,BAL,0.159238649878722,zero,0.572846877870546,-0.23090571509211277
2013,BAL,0.2472611575111531,zero,0.4562025558745626,-0.1166443219959834
2014,BAL,0.0276412127287634,zero,0.30266679158120624,-0.15353576429335636
2015,BAL,-0.2179759076388631,zero,0.11614239388971836,-0.18652439769148788
2016,BAL,0.4210189724387252,zero,0.2253667864864945,0.10922439259677613
2017,BAL,0.9393271521870704,zero,0.4811485405895662,0.2557817541030717
2018,BAL,1.2858145438651527,zero,0.7694262498161097,0.28827770922654355
2019,BAL,0.7085003925456903,zero,0.7475990995650922,-0.021827150251017557
2020,BAL,1.0243224399692108,zero,0.8467373322413477,0.09913823267625554
2021,BAL,-1.5323175437798515,zero,-0.005577090013586861,-0.8523144222549346
2022,BAL,0.1250627132753057,zero,0.04122560849779627,0.046802698511383134
2023,BAL,1.5425631640899926,zero,0.5790911526570721,0.5378655441592759
2024,BAL,0.0643507749454623,zero,0.3946815159462196,-0.18440963671085253
2000,BUF,0.384530840891053,single,0.384530840891053,
2001,BUF,-1.0113766876956976,single,-0.27182303016629333,-0.6563538710573463
2002,BUF,-0.3607023002119982,single,-0.30748751124728196,-0.03566448108098863
2003,BUF,1.1009037872127068,single,0.22135672532777922,0.5288442365750612
2004,BUF,1.6924943462845774,single,0.7587323276264546,0.5373756022986753
2005,BUF,-0.4846628253667175,single,0.3096972819583137,-0.4490350456681409
2006,BUF,0.3822321252024812,single,0.3357692723380381,0.026071990379724408
2007,BUF,-0.6318122241352709,single,-0.011345307079195233,-0.34711457941723334
2008,BUF,-0.1283534795198771,single,-0.05328782931536961,-0.041942522236174375
2009,BUF,1.4282637254537431,single,0.47761154242988885,0.5308993717452585
2010,BUF,-0.0331052392033833,single,0.2946260262024773,-0.18298551622741155
2011,BUF,-0.3275523524237523,single,0.07171720124148268,-0.22290882496099462
2012,BUF,0.1948686860591065,single,0.11583786297674875,0.044120661735266076
2013,BUF,1.3086072507279587,single,0.5431593572309433,0.4273214942541946
2014,BUF,1.4864992086703306,single,0.8811189221697094,0.3379595649387661
2015,BUF,-0.0030415568355444,single,0.5643613818140658,-0.31675754035564363
2016,BUF,-0.0144489155712463,single,0.3569981154669008,-0.207363266347165
2017,BUF,0.4214254415502519,single,0.38007969711968587,0.023081581652785066
2018,BUF,1.332194281581068,single,0.7211819808155293,0.34110228369584344
2019,BUF,1.1559339506863242,single,0.87693516991186,0.15575318909633074
2020,BUF,0.4712819216219044,single,0.7316068211859499,-0.14532834872591016
2021,BUF,1.9222691571168515,single,1.1581706180862004,0.4265637969002505
2022,BUF,0.785749110905604,single,1.024747793794407,-0.13342282429179342
2023,BUF,0.6907975037101599,single,0.9051075744251785,-0.11964021936922842
2024,BUF,-0.1036629923857869,single,0.5437078828423374,-0.36139969158284113
2000,CAR,-0.4911979275516674,single,-0.4911979275516674,
2001,CAR,-0.6004189773137123,single,-0.5425535204861388,-0.051355592934471395
2002,CAR,0.6116895102676252,single,-0.07939176508454898,0.4631617554015898
2003,CAR,0.5149281701517788,single,0.1437725449868574,0.22316431007140639
2004,CAR,0.0605087626318686,single,0.1133580381757425,-0.030414506811114905
2005,CAR,1.2699015730944043,single,0.5310278173840954,0.4176697792083529
2006,CAR,0.5488474976896183,single,0.5374329395669811,0.006405122182885692
2007,CAR,-0.0386358069839825,single,0.3307714217482942,-0.2066615178186869
2008,CAR,0.2713084135832672,single,0.3094564273323629,-0.02131499441593132
2009,CAR,0.6352993039313715,single,0.4262190049944277,0.11676257766206483
2010,CAR,0.1380884240537018,single,0.32298424751155774,-0.10323475748286998
2011,CAR,-1.077734086098077,single,-0.17885330996778726,-0.501837557479345
2012,CAR,0.3012681843712929,single,-0.006843381911008001,0.17200992805677925
2013,CAR,0.6409421702717678,single,0.22523223384310823,0.23207561575411623
2014,CAR,0.2326297849594845,single,0.22788246976082982,0.002650235917721594
2015,CAR,1.4480126191413836,single,0.6650038229640098,0.43712135320318
2016,CAR,-0.0168271970438145,single,0.42073258583444473,-0.2442712371295651
2017,CAR,-0.2193169129195816,single,0.19142996433184523,-0.2293026215025995
2018,CAR,-0.3676521934671588,single,-0.008865466397979055,-0.20029543072982428
2019,CAR,0.1449287553727844,single,0.04623247947792734,0.05509794587590639
2020,CAR,-0.2332984296266575,single,-0.05391158595054533,-0.10014406542847266
2021,CAR,0.0952793105430806,single,-0.0004628176887040772,0.05344876826184125
2022,CAR,-0.3584358434263391,single,-0.1287093641241473,-0.12824654643544323
2023,CAR,0.2029857449524977,single,-0.009877080422226611,0.11883228370192069
2024,CAR,-0.980456582855132,single,-0.3575945340992925,-0.34771745367706586
2000,CHI,-0.5177594934582588,single,-0.5177594934582588,
2001,CHI,0.3662495373027764,single,-0.1020996180673085,0.4156598753909503
2002,CHI,-0.5244356323960031,single,-0.27156989820237554,-0.16947028013506704
2003,CHI,0.2264511360676133,single,-0.08456536760436367,0.18700453059801186
2004,CHI,0.0625245288857695,single,-0.030836524977779584,0.05372884262658409
2005,CHI,1.3445530313960026,single,0.4658664827274279,0.4967030077052075
2006,CHI,1.287966133928815,single,0.7613627330625503,0.2954962503351224
2007,CHI,-0.3206505454488387,single,0.3731963765713552,-0.38816635649119513
2008,CHI,0.4852698825274917,single,0.4133700278437422,0.040173651272387034
2009,CHI,0.092460510097282,single,0.2983752706176122,-0.11499475722613
2010,CHI,0.4838241413880717,single,0.3648200372125157,0.0664447665949035
2011,CHI,0.5193364564107501,single,0.42017887741636406,0.05535884020384835
2012,CHI,1.140223082503366,single,0.6781443161126892,0.25796543869632516
2013,CHI,-0.6817707279180888,single,0.19094122837281324,-0.487203087739876
2014,CHI,-1.109254626375998,single,-0.27486504996433087,-0.4658062783371441
2015,CHI,-0.4594961792866803,single,-0.3410106239703419,-0.06614557400601101
2016,CHI,-0.343161309712238,single,-0.3417811237737152,-0.0007704998033733479
2017,CHI,0.3300855932010038,single,-0.101079740829809,0.24070138294390622
2018,CHI,1.8713225004682408,single,0.6055483476939766,0.7066280885237856
2019,CHI,0.3997284321448743,single,0.5318118026109554,-0.07373654508302119
2020,CHI,-0.0474325371621111,single,0.3242931305359359,-0.2075186720750195
2021,CHI,-0.2660568221709252,single,0.1127957901672757,-0.2114973403686602
2022,CHI,-1.2709583036057053,single,-0.38294458936723197,-0.49574037953450767
2023,CHI,0.2685768912518835,single,-0.1495320870293207,0.23341250233791128
2024,CHI,-0.9806730960158324,single,-0.44729464493101656,-0.29776255790169587
2000,CIN,-0.6370403582735054,double,-0.6370403582735054,
2001,CIN,-0.1215869869938805,double,-0.39467486581752276,0.2423654924559826
2002,CIN,-1.2674402638204836,double,-0.7448884196553485,-0.3502135538378257
2003,CIN,-0.3805683639269548,double,-0.608087970837367,0.13680044881798148
2004,CIN,0.2946707125611389,double,-0.27832922881966315,0.32975874201770383
2005,CIN,-0.4010615126551466,double,-0.3226523038649172,-0.04432307504525407
2006,CIN,-0.6005010881102688,double,-0.4225225249320239,-0.09987022106710669
2007,CIN,-0.3992562158302017,double,-0.41417586356250985,0.008346661369514063
2008,CIN,0.0883937555637235,double,-0.23402573399686866,0.1801501295656412
2009,CIN,0.5088430516544415,double,0.03217396072310735,0.266199694719976
2010,CIN,-0.2434458115975888,double,-0.06657827952890655,-0.0987522402520139
2011,CIN,0.3314017522284989,double,0.07600665155285416,0.1425849310817607
2012,CIN,0.3659027810361417,double,0.1798658058800347,0.10385915432718054
2013,CIN,1.4106844291316656,double,0.6208188171200265,0.4409530112399918
2014,CIN,0.2710853366169334,double,0.49552380839650256,-0.12529500872352395
2015,CIN,1.294822269689411,double,0.7818788543651292,0.2863550459686266
2016,CIN,0.6017146920212358,double,0.7173336495698859,-0.06454520479524328
2017,CIN,0.5592720052596566,double,0.6607068582515543,-0.05662679131833159
2018,CIN,-0.9005418941800082,double,0.10137763090550211,-0.5593292273460522
2019,CIN,-1.2613760113603742,double,-0.38683919258268257,-0.4882168234881847
2020,CIN,-0.7074605675040925,double,-0.5017042286201943,-0.11486503603751169
2021,CIN,-0.1578392126102797,double,-0.3785119830742102,0.12319224554598407
2022,CIN,-0.1520022106914037,double,-0.2973631423700397,0.0811488407041705
2023,CIN,-0.9051146315714724,double,-0.5150947139512215,-0.21773157158118184
2024,CIN,0.2235676429154009,double,-0.2504633332009183,0.26463138075030324
2000,CLE,-0.4228273583991518,zero,-0.4228273583991518,
2001,CLE,1.3941873089698749,zero,0.43153053155582105,0.8543578899549729
2002,CLE,-0.1651565686866113,zero,0.19209859442444055,-0.2394319371313805
2003,CLE,0.7848630085943544,zero,0.41467881373091275,0.2225802193064722
2004,CLE,0.5532144383972524,zero,0.4652829609462355,0.05060414721532275
2005,CLE,0.1037111874572464,zero,0.33470629155026715,-0.13057666939596835
2006,CLE,0.2246432062271564,zero,0.2951451155228043,-0.03956117602746284
2007,CLE,-0.1663148269981179,zero,0.12959888045125634,-0.16554623507154798
2008,CLE,-0.5855111850012524,zero,-0.1267380847018349,-0.25633696515309123
2009,CLE,-1.0847642665627315,zero,-0.4700373080249964,-0.3432992233231615
2010,CLE,-0.2439288361009174,zero,-0.3890245491998352,0.08101275882516118
2011,CLE,0.2822163603061218,zero,-0.14853801423843796,0.24048653496139724
2012,CLE,0.3069402830579529,zero,0.014643159845897091,0.16318117408433505
2013,CLE,0.8522462495334456,zero,0.3147227959874898,0.3000796361415927
2014,CLE,0.6847372971749638,zero,0.44728365372242684,0.13256085773493703
2015,CLE,-0.9168584317966368,zero,-0.04143112370212382,-0.48871477742455066
2016,CLE,-0.8948473152968875,zero,-0.34717407582662924,-0.3057429521245054
2017,CLE,-0.7812519305851952,zero,-0.5026857826963749,-0.15551170686974564
2018,CLE,0.4527709200104498,zero,-0.16038615974693005,0.3422996229494448
2019,CLE,0.161182191635452,zero,-0.04518186002831012,0.11520429971861992
2020,CLE,0.0252830833124703,zero,-0.019937260356176795,0.025244599672133328
2021,CLE,0.7960742222582862,zero,0.2724050316892721,0.2923422920454489
2022,CLE,-0.0525227921304548,zero,0.15599717900317206,-0.11640785268610004
2023,CLE,1.4429197503821092,zero,0.6170469319833101,0.461049752980138
2024,CLE,-1.0668807162162113,zero,0.01376710530180203,-0.603279826681508
2000,DAL,0.3409516364261631,zero,0.3409516364261631,
2001,DAL,0.2667377291910652,zero,0.3060563555407859,-0.03489528088537719
2002,DAL,0.1159034047517417,zero,0.22975390264684747,-0.07630245289393844
2003,DAL,0.6440343836092278,zero,0.3853142536104355,0.155560350963588
2004,DAL,-0.3188991726297411,zero,0.12807991422449322,-0.25723433938594226
2005,DAL,0.2690956953228181,zero,0.17900582265592377,0.05092590843143055
2006,DAL,-0.2478189873355783,zero,0.025587522674680396,-0.15341829998124337
2007,DAL,0.8504540901565282,zero,0.32150390045826155,0.29591637778358115
2008,DAL,0.6840542038431212,zero,0.45146297805312074,0.1299590775948592
2009,DAL,0.0415789381163682,zero,0.30458507927845235,-0.1468778987746684
2010,DAL,-0.6999172987076647,zero,-0.05531965226302887,-0.3599047315414812
2011,DAL,-0.4023746428935104,zero,-0.179659588872694,-0.12433993660966514
2012,DAL,-0.8299461512024162,zero,-0.41263342179096996,-0.23297383291827595
2013,DAL,-1.1594908483788628,zero,-0.6802025217375133,-0.2675690999465433
2014,DAL,-0.2978359290530741,zero,-0.5432164216447679,0.13698610009274537
2015,DAL,-0.7624182373130577,zero,-0.6217472196405083,-0.07853079799574036
2016,DAL,-0.0225066332369008,zero,-0.4070646442167977,0.21468257542371055
2017,DAL,0.3110085252500078,zero,-0.14980944675167657,0.25725519746512115
2018,DAL,-0.1418710381305661,zero,-0.14696545155008706,0.002843995201589511
2019,DAL,0.0030708775670262,zero,-0.09321379920624134,0.05375165234384571
2020,DAL,-0.2457611225362994,zero,-0.14786503322339978,-0.054651234017158434
2021,DAL,0.4417403960180478,zero,0.06336557597664597,0.21123060920004574
2022,DAL,0.8445305637014139,zero,0.3432238464861449,0.27985827050949896
2023,DAL,0.2632129089155247,zero,0.3145593224323651,-0.028664524053779783
2024,DAL,-0.4253411314078625,zero,0.04948438406932831,-0.2650749383630368
2000,DEN,-0.268513425552456,zero,-0.268513425552456,
2001,DEN,0.1096044901830298,zero,-0.090722882392062,0.177790543160394
2002,DEN,0.3112402875328038,zero,0.07057241021855032,0.16129529261061232
2003,DEN,-0.0567971037295419,zero,0.022745763291329872,-0.04782664692722045
2004,DEN,-0.1388049234318216,zero,-0.03626530157638554,-0.059011064867715415
2005,DEN,0.1742038393611467,zero,0.03974273181920398,0.07600803339558952
2006,DEN,0.3086597830625139,zero,0.13640252260910424,0.09665979078990025
2007,DEN,-0.2722700092387558,zero,-0.010206517072607946,-0.14660903968171218
2008,DEN,-0.9028300179044412,zero,-0.3301746034996555,-0.31996808642704755
2009,DEN,0.7727681779807757,zero,0.06505405248200019,0.3952286559816557
2010,DEN,-1.5647960309120394,zero,-0.5189074886472731,-0.5839615411292733
2011,DEN,-0.2327701708494971,zero,-0.41639262236628016,0.10251486628099293
2012,DEN,1.04722790271509,zero,0.10796894900688436,0.5243615713731645
2013,DEN,-0.1494562689350733,zero,0.01574380480104251,-0.09222514420584185
2014,DEN,1.2555846684497294,zero,0.4599273916946335,0.44418358689359094
2015,DEN,1.2731176793576475,zero,0.7512592952095203,0.2913319035148868
2016,DEN,2.071964140207794,zero,1.2244120220640962,0.4731527268545759
2017,DEN,-0.0360995365793003,zero,0.7728241286372205,-0.45158789342687566
2018,DEN,-0.1648156129355666,zero,0.4369075673806898,-0.3359165612565307
2019,DEN,-0.0185410318526615,zero,0.2737396539123892,-0.16316791346830062
2020,DEN,-0.3231213299393645,zero,0.05990968566301319,-0.213829968249376
2021,DEN,0.304384540525655,zero,0.14749465344929422,0.08758496778628103
2022,DEN,0.6334287215168557,zero,0.3215842120035338,0.1740895585542396
2023,DEN,-0.5849257379762065,zero,-0.003179839701898113,-0.32476405170543193
2024,DEN,0.8093071657210995,zero,0.2878997802192108,0.2910796199211089
2000,DET,0.6750210690990143,double,0.6750210690990143,
2001,DET,-0.8133641040770673,double,-0.024815667957288956,-0.6998367370563032
2002,DET,-1.1180215036422378,double,-0.46348509924720516,-0.4386694312899162
2003,DET,-0.723713169748299,double,-0.5611995025029151,-0.0977144032557099
2004,DET,-0.0019096862747923,double,-0.3569027068981421,0.20429679560477298
2005,DET,0.1430260481036646,double,-0.1763603179458781,0.180542388952264
2006,DET,-0.7967627631232852,double,-0.3993583401208762,-0.2229980221749981
2007,DET,-0.5284285935807513,double,-0.4456615888997103,-0.04630324877883413
2008,DET,-1.6854541004118029,double,-0.8900752046127512,-0.44441361571304094
2009,DET,-1.4904124105154466,double,-1.1052001149967943,-0.21512491038404302
2010,DET,0.0384732685672346,double,-0.6954315857196658,0.4097685292771285
2011,DET,0.2547978748161907,double,-0.35499138437571315,0.34044020134395264
2012,DET,-0.0106432996370198,double,-0.23162409092860708,0.12336729344710606
2013,DET,-0.1017278945597651,double,-0.18508748687061655,0.04653660405799054
2014,DET,0.5892356236597494,double,0.09232038597348857,0.2774078728441051
2015,DET,-0.7942080155439772,double,-0.22528548149983507,-0.31760586747332364
2016,DET,-0.9503092900049162,double,-0.4850308692205239,-0.25974538772068884
2017,DET,0.0690809646697401,double,-0.28651607253058875,0.19851479668993516
2018,DET,-0.3565076381587982,double,-0.3115910826867829,-0.025075010156194177
2019,DET,-1.098981368491453,double,-0.5936796218462396,-0.28208853915945664
2020,DET,-1.861986800315417,double,-1.0480602750300974,-0.4543806531838578
2021,DET,-1.1881760614936925,double,-1.0982578164118417,-0.05019754138174437
2022,DET,-1.0047746097191683,double,-1.0647667499178177,0.033491066494024
2023,DET,-1.1577251083805595,double,-1.0980697855159605,-0.03330303559814274
2024,DET,-0.4241974148716752,double,-0.8566499077662171,0.24141987774974338
2000,GB,0.1989951287386586,zero,0.1989951287386586,
2001,GB,0.8691705499539715,zero,0.5141107241445342,0.3151155954058756
2002,GB,1.1383007243540613,zero,0.7645787178844397,0.25046799373990547
2003,GB,0.4580212598170161,zero,0.6494678498640749,-0.11511086802036474
2004,GB,-1.0522763780957225,zero,0.027856508796314072,-0.6216113410677608
2005,GB,0.078762624847588,zero,0.046240551946912546,0.018384043150598474
2006,GB,-0.0249733312850579,zero,0.02064336864182491,-0.025597183305087635
2007,GB,0.2647337788991512,zero,0.10820947072735498,0.08756610208553008
2008,GB,0.5080114718369864,zero,0.2515217195372297,0.1433122488098747
2009,GB,0.5910307897448192,zero,0.3731814427475474,0.1216597232103177
2010,GB,1.0701562245481728,zero,0.622901629809766,0.24972018706221866
2011,GB,-0.6263096980430184,zero,0.17534472525376332,-0.4475569045560027
2012,GB,0.670477440945166,zero,0.35273262354370577,0.17738789828994245
2013,GB,-0.7967185524246132,zero,-0.05906969057594158,-0.41180231411964735
2014,GB,0.6406487898918152,zero,0.1916104358680667,0.2506801264440083
2015,GB,0.5455209089943708,zero,0.31840168432978866,0.12679124846172196
2016,GB,-0.7520190502061628,zero,-0.0650848239127289,-0.38348650824251757
2017,GB,-1.0457233690404426,zero,-0.4164060726317998,-0.3513212487190709
2018,GB,-0.3096507015180809,zero,-0.378160149842699,0.03824592278910077
2019,GB,0.1312808977030267,zero,-0.19564903244533888,0.18251111739736015
2020,GB,0.604332183667965,zero,0.09095029749862055,0.2865993299439594
2021,GB,0.8808227217716791,zero,0.37392807398241007,0.2829777764837895
2022,GB,-0.3148254350872007,zero,0.12717691528418693,-0.24675115869822314
2023,GB,-0.3697848732496864,zero,-0.05086340737376713,-0.17804032265795405
2024,GB,0.5096347364931207,zero,0.14993929543170323,0.20080270280547036
2002,HOU,-0.2471748152959763,zero,-0.2471748152959763,
2003,HOU,-1.4429569954647274,zero,-0.8094300125938659,-0.5622551972978896
2004,HOU,-0.1040070158375474,zero,-0.5263657490263027,0.2830642635675632
2005,HOU,-1.713123152220649,zero,-0.9719875116560339,-0.4456217626297312
2006,HOU,-0.8672135500221932,zero,-0.9337157891902695,0.03827172246576438
2007,HOU,-0.79907628295085,zero,-0.8850925846623959,0.04862320452787361
2008,HOU,-0.7674825201941446,zero,-0.8428187155502354,0.04227386911216058
2009,HOU,0.1838578280338937,zero,-0.4745041106072145,0.3683146049430209
2010,HOU,-1.3264892124952112,zero,-0.779905035478017,-0.30540092487080256
2011,HOU,1.2240847291538184,zero,-0.061795089454051544,0.7181099460239655
2012,HOU,0.4177834881282456,zero,0.1100338708355652,0.17182896028961675
2013,HOU,0.1553783645872312,zero,0.12627951383420621,0.016245642998641008
2014,HOU,0.759706741297434,zero,0.3532132652071581,0.2269337513729519
2015,HOU,0.805535139366495,zero,0.5152620745868484,0.16204880937969024
2016,HOU,1.1093090710372426,zero,0.7280844886587463,0.21282241407189795
2017,HOU,-1.002584661531582,zero,0.10805846826881771,-0.6200260203899286
2018,HOU,0.0588845868634327,zero,0.0904415448774207,-0.017616923391397005
2019,HOU,-0.6666086874987589,zero,-0.18077748307423283,-0.27121902795165354
2020,HOU,-1.065549263064402,zero,-0.49775369542267833,-0.31697621234844553
2021,HOU,-0.7904929045129996,zero,-0.60262973635909,-0.10487604093641167
2022,HOU,-0.2059378763428565,zero,-0.46051187285818884,0.14211786350090116
2023,HOU,-0.3440185664753699,zero,-0.41877726382206054,0.0417346090361283
2024,HOU,1.2045629956317716,zero,0.16279667330792585,0.5815739371299864
2000,IND,-0.2631978189310289,single,-0.2631978189310289,
2001,IND,-0.7055218026105212,single,-0.47117797019754515,-0.20798015126651626
2002,IND,-0.0133006795813823,single,-0.2874460835585456,0.18373188663899953
2003,IND,0.0242070771823635,single,-0.1704218034110826,0.11702428014746302
2004,IND,-0.3634481374867715,single,-0.24093025962605336,-0.07050845621497076
2005,IND,0.0914075180383127,single,-0.12091104545143727,0.12001921417461608
2006,IND,0.7984819060841497,single,0.20955639771836282,0.3304674431698001
2007,IND,0.9816125595187188,single,0.48652733077837373,0.2769709330600109
2008,IND,0.3848570853751345,single,0.450082812078242,-0.03644451870013171
2009,IND,0.5983516614037246,single,0.503213490320862,0.05313067824262002
2010,IND,-0.1120474934594456,single,0.28277066803571693,-0.2204428222851451
2011,IND,-0.8135195074769036,single,-0.10999893507935127,-0.3927696031150682
2012,IND,-0.5567288943356423,single,-0.27004590039645454,-0.16004696531710327
2013,IND,-0.2826011255626117,single,-0.2745439346634265,-0.004498034266971984
2014,IND,0.2311318256259956,single,-0.09338127129589288,0.18116266336753364
2015,IND,-0.4470267310357546,single,-0.2200775765991678,-0.12669630530327491
2016,IND,-0.7881611807448566,single,-0.423597922118351,-0.20352034551918322
2017,IND,-1.3694645472837368,single,-0.7624618649297353,-0.3388639428113843
2018,IND,0.2679485626168641,single,-0.3933095005859126,0.36915236434382276
2019,IND,-0.2871383134710947,single,-0.355272867909606,0.03803663267630658
2020,IND,-0.0732467527632634,single,-0.2542348760173167,0.10103799189228929
2021,IND,0.3991912762116785,single,-0.020140009590890295,0.2340948664264264
2022,IND,-0.1569468950121086,single,-0.06915211196287095,-0.049012102371980656
2023,IND,-0.1978266008932505,single,-0.1152507216660405,-0.04609860970316955
2024,IND,-0.4164348191598704,single,-0.22315220444624098,-0.10790148278020048
2000,JAX,-0.7620682081589142,single,-0.7620682081589142,
2001,JAX,-0.2371281302859178,single,-0.5152420788279026,0.24682612933101156
2002,JAX,0.1154216868197834,single,-0.262176364777364,0.2530657140505386
2003,JAX,-0.1463619706347671,single,-0.2186886103999289,0.0434877543774351
2004,JAX,-0.0260508937601901,single,-0.14832210795307105,0.07036650244685785
2005,JAX,0.5961958629618749,single,0.12055030985052329,0.26887241780359433
2006,JAX,0.8038527124130053,single,0.36615715022215567,0.24560684037163238
2007,JAX,0.144772338163085,single,0.28673655753064653,-0.07942059269150914
2008,JAX,-1.1758157192084309,single,-0.2375270909747137,-0.5242636485053602
2009,JAX,-0.9747464774934408,single,-0.5017023792941349,-0.26417528831942116
2010,JAX,-1.6293204627709452,single,-0.9057184299367247,-0.40401605064258983
2011,JAX,0.4051658248167865,single,-0.4360658689908283,0.4696525609458964
2012,JAX,-0.5903030304369071,single,-0.49132338892449146,-0.05525751993366318
2013,JAX,-1.0794196357330077,single,-0.7020147174681417,-0.21069132854365025
2014,JAX,-0.8521995733032246,single,-0.7558197257702607,-0.053805008302118984
2015,JAX,-0.481126325240034,single,-0.657408625104716,0.0984111006655447
2016,JAX,0.4220237477819026,single,-0.27069362771476063,0.38671499738995535
2017,JAX,1.41132514720365,single,0.331902445333029,0.6025960730477896
2018,JAX,0.921771331976096,single,0.543227455577356,0.21132501024432698
2019,JAX,-0.5490723482660913,single,0.1519027700365992,-0.3913246855407568
2020,JAX,-1.159609196446673,single,-0.3179563256979105,-0.4698590957345097
2021,JAX,-1.1477414490280688,single,-0.6152331288163357,-0.29727680311842525
2022,JAX,-0.1504330771209505,single,-0.448714991618375,0.16651813719796071
2023,JAX,0.1954646335126224,single,-0.21793276458567162,0.2307822270327034
2024,JAX,-1.808413857250024,single,-0.7877346553905895,-0.5698018908049178
2000,KC,-0.3165865022692185,single,-0.3165865022692185,
2001,KC,-0.4827488921634009,single,-0.39471583791482745,-0.07812933564560898
2002,KC,-0.6288356228733133,single,-0.4886608111019756,-0.09394497318714817
2003,KC,0.0302713480903145,single,-0.29380425251461706,0.19485655858735856
2004,KC,-1.76136100617196,single,-0.8298718393738226,-0.5360675868592055
2005,KC,-0.2983306500361358,single,-0.6379130548682047,0.19195878450561787
2006,KC,-0.4712775713736342,single,-0.5780174443136108,0.059895610554593914
2007,KC,-0.0117559684685008,single,-0.3748742313185499,0.20314321299506088
2008,KC,-0.7639122414876612,single,-0.5143280408420439,-0.13945380952349395
2009,KC,-0.4470504654704776,single,-0.49021978596401833,0.024108254878025537
2010,KC,0.5946939846914017,single,-0.10150433050016716,0.38871545546385117
2011,KC,-0.4363351202398651,single,-0.22146468345623727,-0.1199603529560701
2012,KC,-1.1215350216481077,single,-0.5439268850944836,-0.32246220163824635
2013,KC,-0.1054729448390257,single,-0.38684640094084294,0.15708048415364068
2014,KC,0.8825770586071251,single,0.06793540378975071,0.45478180473059365
2015,KC,1.5262251739993695,single,0.590379339823959,0.5224439360342082
2016,KC,0.4616675419396455,single,0.5442673425991759,-0.0461119972247831
2017,KC,-0.1199364587116039,single,0.30631125771973994,-0.23795608487943593
2018,KC,-0.0502270782527254,single,0.17857869001191215,-0.1277325677078278
2019,KC,0.66241600162136,single,0.35191707490609175,0.1733383848941796
2020,KC,0.2211858425925617,single,0.3050816207365039,-0.04683545416958784
2021,KC,-0.2198599521311877,single,0.11701732768219927,-0.18806429305430464
2022,KC,0.5424534932001086,single,0.2694330546604605,0.15241572697826125
2023,KC,1.239371589252457,single,0.6169208769467642,0.3474878222863037
2024,KC,-0.0871251607577524,single,0.3646910545691118,-0.2522298223776524
2000,LA,-0.7932300158058516,single,-0.7932300158058516,
2001,LA,0.9480092637628844,single,0.025498387170176606,0.8187284029760282
2002,LA,-0.6895046256859724,single,-0.26141003828994347,-0.2869084254601201
2003,LA,0.2934098134473845,single,-0.05307782177486714,0.20833221651507633
2004,LA,0.0252998536181387,single,-0.024448106973818325,0.028629714801048815
2005,LA,-0.6302886256151217,single,-0.2432390716167388,-0.21879096464292047
2006,LA,-0.3492195171447165,single,-0.2813327798631756,-0.03809370824643682
2007,LA,-0.5103532465316412,single,-0.3634926219594903,-0.08215984209631466
2008,LA,-1.1485929048952686,single,-0.6449181445344566,-0.28142552257496634
2009,LA,-1.459048501812317,single,-0.9366537198549637,-0.2917355753205071
2010,LA,0.2544981482040287,single,-0.5098740499467751,0.4267796699081886
2011,LA,-0.0854523504949437,single,-0.3578158210484176,0.15205822889835752
2012,LA,0.5812917748766917,single,-0.021368001241853785,0.3364478198065638
2013,LA,-0.5391338409454586,single,-0.20686276206318988,-0.1854947608213361
2014,LA,-0.3179141588371424,single,-0.24664787416494316,-0.039785112101753284
2015,LA,0.1117495650737254,single,-0.11824913432223264,0.12839873984271052
2016,LA,0.3561446886530998,single,0.05170612236802263,0.16995525669025527
2017,LA,0.5110699153315609,single,0.21627670972879284,0.1645705873607702
2018,LA,-0.2995510913875993,single,0.0314774809110315,-0.18479922881776134
2019,LA,0.6755876858426048,single,0.26223484487973,0.23075736396869848
2020,LA,1.359901080732888,single,0.6554820878913292,0.39324724301159925
2021,LA,0.4858483451775189,single,0.5947095151889015,-0.06077257270242775
2022,LA,-0.1417585120623357,single,0.3308642691386619,-0.26384524605023957
2023,LA,-0.315247182743095,single,0.09938995054890104,-0.23147431858976086
2024,LA,-0.0836386576026812,single,0.033818566219233404,-0.06557138432966764
2000,LAC,0.1827070923589808,single,0.1827070923589808,
2001,LAC,0.1015658810094273,single,0.14455460225422387,-0.038152490104756936
2002,LAC,-0.5321175870917162,single,-0.12697285833978547,-0.27152746059400934
2003,LAC,-0.4976527263501729,single,-0.26616138643283016,-0.1391885280930447
2004,LAC,-0.3111297247183799,single,-0.2825873737275141,-0.01642598729468392
2005,LAC,-0.140296036551326,single,-0.23120081577505494,0.05138655795245914
2006,LAC,0.8207475150100635,single,0.1469124541175099,0.37811326989256483
2007,LAC,0.9289711629222938,single,0.4274717463071632,0.28055929218965336
2008,LAC,-0.0067850380067236,single,0.2718089028290429,-0.15566284347812032
2009,LAC,0.5476555333058266,single,0.3706558193246308,0.09884691649558791
2010,LAC,1.1089676629125322,single,0.6351867270494429,0.2645309077248121
2011,LAC,-0.6604373354221171,single,0.17100145916146242,-0.4641852678879805
2012,LAC,0.2813541196626419,single,0.21053677140531799,0.039535312243855564
2013,LAC,-0.8773255063495424,single,-0.17920070747936087,-0.38973747888467886
2014,LAC,-0.1544660475444642,single,-0.17033930413914258,0.008861403340218288
2015,LAC,-0.7431408798845315,single,-0.3755500351696439,-0.20521073103050133
2016,LAC,0.0776000660440073,single,-0.2132055061284513,0.16234452904119262
2017,LAC,1.0857444632631688,single,0.2521532415341038,0.4653587476625551
2018,LAC,0.1727006643541249,single,0.22368875210824068,-0.028464489425863104
2019,LAC,-0.2307347499655638,single,0.060888087468692814,-0.16280066463954787
2020,LAC,0.3934713198595708,single,0.18003854954694434,0.11915046207825153
2021,LAC,-0.2002983055370497,single,0.043779991507577526,-0.13625855803936682
2022,LAC,-0.0282130797878054,single,0.017987928706509282,-0.025792062801068244
2023,LAC,-0.7837003290138317,single,-0.26922295826472065,-0.28721088697122993
2024,LAC,0.5642061603969736,single,0.029359332248259484,0.29858229051298013
2000,LV,0.3728565456233994,single,0.3728565456233994,
2001,LV,0.5616353041615606,single,0.461620067849952,0.0887635222265526
2002,LV,0.7815781691165815,single,0.5900092821567835,0.12838921430683148
2003,LV,-1.2977821765753594,single,-0.11884743536040698,-0.7088567175171905
2004,LV,-1.565757093430898,single,-0.6473730728678675,-0.5285256375074605
2005,LV,-0.544030710340815,single,-0.6100524010242614,0.0373206718436061
2006,LV,0.8735617961079079,single,-0.07678075742747426,0.5332716435967871
2007,LV,-0.5865864027930757,single,-0.25967074945461455,-0.1828899920271403
2008,LV,-0.0916697032045188,single,-0.19944942071266347,0.060221328741951075
2009,LV,-1.1439310009252792,single,-0.5378950697660232,-0.3384456490533597
2010,LV,-0.0476022144518003,single,-0.3622272741134673,0.1756677956525559
2011,LV,0.1395229783763828,single,-0.1824644230588425,0.17976285105462478
2012,LV,-0.9219863118062308,single,-0.4474080016731644,-0.26494357861432194
2013,LV,-1.0828481296712809,single,-0.6750607464482252,-0.2276527447750608
2014,LV,-0.8769687296958619,single,-0.7473960072473068,-0.07233526079908159
2015,LV,0.2780024865583062,single,-0.3800388221040906,0.3673571851432162
2016,LV,-0.950774554086175,single,-0.5845093129358392,-0.20447049083174856
2017,LV,-1.060685823247197,single,-0.7551031846987409,-0.17059387176290175
2018,LV,-1.4451350885352134,single,-1.002312356853963,-0.24720917215522198
2019,LV,-1.2308671187708178,single,-1.0841938330029548,-0.08188147614899188
2020,LV,-0.4195165647339569,single,-0.8460681672024524,0.23812566580050243
2021,LV,0.227449695498359,single,-0.4614722647916494,0.384595902410803
2022,LV,-1.193603978050868,single,-0.7237639935270295,-0.2622917287353801
2023,LV,0.3559521012199987,single,-0.3369475293178416,0.38681646420918786
2024,LV,-0.001022850486547,single,-0.21659997030004896,0.12034755901779265
2000,MIA,0.9118152281187446,single,0.9118152281187446,
2001,MIA,0.4922651578576401,single,0.7145433407774305,-0.19727188734131407
2002,MIA,0.4797571609594785,single,0.6203309641018685,-0.09421237667556204
2003,MIA,0.3403472441249187,single,0.515198408393408,-0.10513255570846047
2004,MIA,0.6924253289914241,single,0.5799356714768971,0.06473726308348904
2005,MIA,0.4097497703373954,single,0.5184753756841327,-0.06146029579276435
2006,MIA,0.1713536838207269,single,0.39370563736138386,-0.12476973832274885
2007,MIA,-0.7885680420534218,single,-0.03042859058936298,-0.42413422795074684
2008,MIA,0.1029809215631325,single,0.017393124024715885,0.047821714614078865
2009,MIA,-0.7947205849829871,single,-0.2736198052992943,-0.2910129293240102
2010,MIA,-0.2355858597785006,single,-0.25999256334137255,0.013627241957921754
2011,MIA,-0.2014310297915767,single,-0.23901163073435744,0.020980932607015113
2012,MIA,-0.1859230115965475,single,-0.21999192495947031,0.019019705774887125
2013,MIA,0.2742364769527976,single,-0.0429296852869811,0.1770622396724892
2014,MIA,0.2962452946330559,single,0.07858265035429084,0.12151233564127194
2015,MIA,-0.5793956071201907,single,-0.15714330595580872,-0.23572595631009957
2016,MIA,0.3375797383119724,single,0.020095051516411805,0.17723835747222053
2017,MIA,-0.7339033636015745,single,-0.2500306395933054,-0.2701256911097172
2018,MIA,-0.8599599267901571,single,-0.4685424407474894,-0.218511801154184
2019,MIA,-1.1790208858749405,single,-0.7230767299093994,-0.25453428916191
2020,MIA,-0.253434112634004,single,-0.5548237050718863,0.16825302483751314
2021,MIA,0.0964238986136891,single,-0.3215093201559346,0.2333143849159517
2022,MIA,-0.1528926752224035,single,-0.2611011306290909,0.06040818952684368
2023,MIA,-0.2141734032114465,single,-0.24428891704685401,0.01681221358223689
2024,MIA,0.5291400458304579,single,0.03279786347722141,0.2770867805240754
2000,MIN,-0.7718950528090796,zero,-0.7718950528090796,
2001,MIN,-1.1529777017136749,zero,-0.9510796095787899,-0.17918455676971035
2002,MIN,-1.845391762750992,zero,-1.3099392047454308,-0.3588595951666409
2003,MIN,-0.0553206767527861,zero,-0.838835912390031,0.4711032923553998
2004,MIN,-0.6914362161806316,zero,-0.7849939064479547,0.05384200594207622
2005,MIN,0.4659759611453842,zero,-0.33322335685877863,0.4517705495891761
2006,MIN,-0.1630783612879109,zero,-0.27206628407447064,0.061157072784307986
2007,MIN,-0.1843474142345922,zero,-0.24059761841436378,0.031468665660106865
2008,MIN,-0.0792419469168017,zero,-0.1827583777993524,0.05783924061501139
2009,MIN,0.049050641077881,zero,-0.09969190462084261,0.08306647317850978
2010,MIN,0.3026107741369234,zero,0.04444975275085715,0.14414165737169976
2011,MIN,-0.7807782700732745,zero,-0.2512059871653629,-0.2956557399162201
2012,MIN,0.2193690890561276,zero,-0.08261619070645546,0.16858979645890745
2013,MIN,-0.617389046632955,zero,-0.2742038842101724,-0.19158769350371693
2014,MIN,0.0983622153342012,zero,-0.14072889455418858,0.1334749896559838
2015,MIN,0.4375260960627534,zero,0.06643556583005572,0.2071644603842443
2016,MIN,1.0105146141714565,zero,0.40465918769432657,0.33822362186427085
2017,MIN,0.9404767852742248,zero,0.5966199344982435,0.1919607468039169
2018,MIN,0.9159299736623456,zero,0.71101518202772,0.1143952475294765
2019,MIN,0.5609446470539063,zero,0.6572512751763939,-0.05376390685132604
2020,MIN,-1.0263210985861768,zero,0.05409872044919095,-0.603152554727203
2021,MIN,0.0448631254532138,zero,0.050789998614938194,-0.0033087218342527577
2022,MIN,-0.9055088178495534,zero,-0.2918112918570411,-0.3426012904719793
2023,MIN,-0.30479158992352,zero,-0.2964615818979922,-0.004650290040951133
2024,MIN,0.7094502399633437,zero,0.0639139426669944,0.3603755245649866
2000,NE,-0.3864866065398152,single,-0.3864866065398152,
2001,NE,0.2102099422473284,single,-0.10592067962665497,0.28056592691316024
2002,NE,0.55757194304703,single,0.160318231612746,0.26623891123940097
2003,NE,1.2981966995572165,single,0.5875861864441136,0.42726795483136765
2004,NE,0.6134558736489142,single,0.5970358385670175,0.009449652122903829
2005,NE,-0.819031864887817,single,0.08564247792914415,-0.5113933606378733
2006,NE,0.1268751857419806,single,0.10046320012754363,0.014820722198399486
2007,NE,0.9258835884679066,single,0.3965782581205714,0.2961150579930278
2008,NE,0.0476542032613016,single,0.2715036191068714,-0.12507463901370003
2009,NE,0.296695504643739,single,0.28053088256020814,0.009027263453336765
2010,NE,-0.0624208233327188,single,0.15765417828744555,-0.1228767042727626
2011,NE,-0.8388928131650013,single,-0.1993802776085672,-0.35703445589601274
2012,NE,-0.7852174169441336,single,-0.40926424526724625,-0.20988396765867906
2013,NE,-0.0797190144876128,single,-0.2912013892891976,0.11806285597804866
2014,NE,0.1376211393233106,single,-0.13757205306992015,0.15362933621927743
2015,NE,0.4112364946255095,single,0.05904298438316677,0.19661503745308692
2016,NE,0.367338657812583,single,0.16949229416879621,0.11044930978562945
2017,NE,-0.2894060392455074,single,0.005088461246629095,-0.16440383292216712
2018,NE,0.2630487301449891,single,0.09750468746566289,0.0924162262190338
2019,NE,1.90484046321486,single,0.7449964306876372,0.6474917432219743
2020,NE,-0.1104746065819295,single,0.4385174520197225,-0.30647897866791474
2021,NE,1.0418355189677548,single,0.6546607175028487,0.21614326548312623
2022,NE,0.6573568494121389,single,0.6556266271698924,0.0009659096670436851
2023,NE,0.2199686325095279,single,0.4995488527263515,-0.15607777444354087
2024,NE,-0.2031768609858987,single,0.24779204641329639,-0.25175680631305514
2000,NO,-0.3691674311980585,single,-0.3691674311980585,
2001,NO,-1.1642991180153126,single,-0.7430372971849792,-0.37386986598692074
2002,NO,-0.1548443439104386,single,-0.5070137965054252,0.23602350067955402
2003,NO,0.2265997920588127,single,-0.23154538186130613,0.2754684146441191
2004,NO,-0.9923709878856568,single,-0.5094589587132685,-0.2779135768519624
2005,NO,-1.0941461579024665,single,-0.7206106931860026,-0.21115173447273405
2006,NO,-0.0013846191459518,single,-0.46209141549076893,0.25851927769523364
2007,NO,-1.3494352258391586,single,-0.780421163062645,-0.31832974757187604
2008,NO,-0.2929611022292979,single,-0.6056871764164176,0.1747339866462274
2009,NO,0.1906632720265564,single,-0.32032285587927856,0.285364320537139
2010,NO,0.0162534802423367,single,-0.19973039283511496,0.1205924630441636
2011,NO,-0.0917628545931389,single,-0.1610486933254182,0.03868169950969674
2012,NO,-1.1526036119749763,single,-0.516286465914708,-0.35523777258928974
2013,NO,0.637884876995312,single,-0.10279310505009032,0.41349336086461763
2014,NO,-0.5963506022364659,single,-0.27961429708057606,-0.17682119203048574
2015,NO,-1.719152904295897,single,-0.7953404794830408,-0.5157261824024647
2016,NO,-0.7917472116321634,single,-0.7940531634802258,0.0012873160028149533
2017,NO,0.0217590453946977,single,-0.5017822086353144,0.2922709548449114
2018,NO,-0.4112233818872554,single,-0.4693388209205324,0.032443387714782
2019,NO,0.3576983600049007,single,-0.17304648101771902,0.2962923399028134
2020,NO,0.863340604763947,single,0.19824704233612095,0.37129352335383997
2021,NO,0.4346978884219333,single,0.28295734822463625,0.0847103058885153
2022,NO,1.023895261743461,single,0.5484039648686407,0.2654466166440045
2023,NO,0.4861054425004373,single,0.5260850476410787,-0.022318917227562074
2024,NO,-0.1591550763306484,single,0.2805925862120603,-0.24549246142901837
2000,NYG,0.76815564325331,single,0.76815564325331,
2001,NYG,-0.4271302163972452,single,0.20613381520569796,-0.562021828047612
2002,NYG,0.1568221869856801,single,0.1863465956344616,-0.01978721957123636
2003,NYG,-0.7653387228955563,single,-0.17100671682069868,-0.3573533124551603
2004,NYG,0.0227388280477622,single,-0.100235548044075,0.07077116877662368
2005,NYG,-0.0438265654415836,single,-0.0798642203788286,0.020371327665246408
2006,NYG,-0.1053495171895569,single,-0.08902467876759279,-0.009160458388764198
2007,NYG,0.4974580153886573,single,0.12137278590028219,0.21039746466787498
2008,NYG,0.5205952078149307,single,0.26447727987760006,0.14310449397731786
2009,NYG,-0.4721388903873194,single,0.0005181481469537785,-0.2639591317306463
2010,NYG,0.553780973565438,single,0.19874755309204883,0.19822940494509506
2011,NYG,0.2097377393007996,single,0.20268502436725505,0.003937471275206217
2012,NYG,-0.7407650111455353,single,-0.1353185323306474,-0.33800355669790244
2013,NYG,0.8084200728101271,single,0.20278520765085006,0.33810373998149745
2014,NYG,-0.4591201312431858,single,-0.03434803761801922,-0.23713324526886928
2015,NYG,-0.8294697656455361,single,-0.3192067355963404,-0.2848586979783212
2016,NYG,0.1306334113696121,single,-0.15804802326808984,0.16115871232825055
2017,NYG,-0.6764603565716527,single,-0.3437732012069758,-0.18572517793888596
2018,NYG,-0.5373821348762636,single,-0.4131350726626795,-0.06936187145570372
2019,NYG,-1.0459513021580724,single,-0.6398462843108181,-0.22671121164813862
2020,NYG,0.4209293812121822,single,-0.25981536753902923,0.3800309167717889
2021,NYG,0.5334031841808118,single,0.024361184437642347,0.2841765519766716
2022,NYG,-0.13762740297942,single,-0.03367245330751037,-0.058033637745152716
2023,NYG,0.1537093881857677,single,0.03345850985592988,0.06713096316344025
2024,NYG,-0.9847127245807226,single,-0.33130904206341594,-0.36476755191934584
2000,NYJ,0.6066370336751964,single,0.6066370336751964,
2001,NYJ,0.2658701258747906,single,0.44640888497434333,-0.16022814870085306
2002,NYJ,0.1118599704475947,single,0.31216483203974,-0.13424405293460334
2003,NYJ,-0.6612372961576187,single,-0.05334303919601546,-0.36550787123575545
2004,NYJ,-0.0167525804292489,single,-0.03997731491701312,0.013365724279002344
2005,NYJ,0.5703800222270254,single,0.18044483655960858,0.2204221514766217
2006,NYJ,0.4798888125715731,single,0.2880772531014082,0.10763241654179961
2007,NYJ,-0.0394493424003369,single,0.17057887507337952,-0.11749837802802868
2008,NYJ,0.0382993567570003,single,0.1231622158550857,-0.047416659218293813
2009,NYJ,1.469897503333696,single,0.6057515093076432,0.4825892934525575
2010,NYJ,0.4891868613881178,single,0.5639873788923304,-0.041764130415312795
2011,NYJ,0.7980650530660218,single,0.647850754882459,0.08386337599012861
2012,NYJ,0.5147082615873009,single,0.6001506811239903,-0.04770007375846874
2013,NYJ,-0.1424677983062667,single,0.3341002261494483,-0.266050454974542
2014,NYJ,-0.2440391359323857,single,0.12697685805997166,-0.20712336808947662
2015,NYJ,0.4925806699959394,single,0.257957338372524,0.13098048031255233
2016,NYJ,-0.7833794902623765,single,-0.11510963560631626,-0.37306697397884026
2017,NYJ,-0.6009535498664735,single,-0.28916692867163235,-0.1740572930653161
2018,NYJ,-0.2346031651076135,single,-0.26961904581963747,0.01954788285199488
2019,NYJ,0.2182127525075899,single,-0.09484960577628399,0.17476944004335349
2020,NYJ,-0.5855473751964185,single,-0.2706457983469951,-0.1757961925707111
2021,NYJ,-1.807831510868428,single,-0.821354218598908,-0.5507084202519129
2022,NYJ,1.0273977399772412,single,-0.15902483382307087,0.6623293847758371
2023,NYJ,1.4429877422028974,single,0.4149082984992798,0.5739331323223507
2024,NYJ,0.2944184021285146,single,0.37174188106017647,-0.04316641743910332
2000,PHI,0.836530370123147,zero,0.836530370123147,
2001,PHI,1.0575520527395057,zero,0.9404544725454084,0.10392410242226136
2002,PHI,0.7869844241100705,zero,0.878871725116161,-0.06158274742924741
2003,PHI,0.3218329044551872,zero,0.6697062963200286,-0.2091654287961323
2004,PHI,0.6260028053712479,zero,0.6537423311296874,-0.015963965190341267
2005,PHI,-0.1443270214787007,zero,0.3655305688977181,-0.28821176223196926
2006,PHI,0.5563524934323258,zero,0.4341197759352179,0.06858920703749977
2007,PHI,-0.1426950766351654,zero,0.22719059665537703,-0.20692917927984086
2008,PHI,0.7032931461081492,zero,0.3978533918310354,0.17066279517565838
2009,PHI,0.6908430142123448,zero,0.502843330216513,0.10498993838547754
2010,PHI,0.2918872041555005,zero,0.4272595291415603,-0.07558380107495266
2011,PHI,0.1962643420933809,zero,0.34450052065552655,-0.08275900848603374
2012,PHI,-0.7485001256780031,zero,-0.047081536716530925,-0.3915820573720575
2013,PHI,-0.2418965845715097,zero,-0.11687596488302249,-0.06979442816649156
2014,PHI,-0.5844163834659349,zero,-0.2843763161238524,-0.1675003512408299
2015,PHI,0.1355063680806348,zero,-0.13394999709614053,0.15042631902771186
2016,PHI,-0.220473622034401,zero,-0.16494775502208653,-0.030997757925946
2017,PHI,0.5841250607362409,zero,0.10341330249626013,0.26836105751834666
2018,PHI,-0.3938109639871976,zero,-0.07472106869651435,-0.17813437119277448
2019,PHI,-0.0766949736782756,zero,-0.07542823512056487,-0.000707166424050526
2020,PHI,-0.4145938731252697,zero,-0.19693689386686783,-0.12150865874630296
2021,PHI,0.2631430269393974,zero,-0.032109778761014424,0.1648271151058534
2022,PHI,1.5661905736477937,zero,0.5404934221103622,0.5726032008713766
2023,PHI,-0.3563535394128136,zero,0.21919120916666351,-0.3213022129436987
2024,PHI,1.8016623765222095,zero,0.7861234835975079,0.5669322744308445
2000,PIT,0.5369119856001072,single,0.5369119856001072,
2001,PIT,1.1103692202040454,single,0.8065508177648728,0.2696388321647656
2002,PIT,0.1635529596942855,single,0.5485358168261597,-0.2580150009387131
2003,PIT,-0.2669449513673643,single,0.24232666545713732,-0.3062091513690224
2004,PIT,1.070798258186164,single,0.5449498971576183,0.302623231700481
2005,PIT,0.6309492908202595,single,0.5760073945009014,0.031057497343283114
2006,PIT,0.1184415013667497,single,0.4115394914859889,-0.16446790301491254
2007,PIT,1.2195259049479392,single,0.7014002061709357,0.2898607146849468
2008,PIT,1.717170708713576,single,1.0655113276513015,0.36411112148036584
2009,PIT,0.3164138354334772,single,0.7970796374315379,-0.26843169021976365
2010,PIT,1.1155685736616443,single,0.9111915376170172,0.11411190018547934
2011,PIT,1.2212838129732726,single,1.0222887841683457,0.11109724655132847
2012,PIT,1.1706222541852842,single,1.075431227918232,0.053142443749886414
2013,PIT,0.3350053982156846,single,0.8101663115127067,-0.2652649164055254
2014,PIT,-0.7357746873535318,single,0.25631973479845493,-0.5538465767142517
2015,PIT,0.4580615598900652,single,0.3285953519746183,0.07227561717616338
2016,PIT,0.3201512360164983,single,0.32557018211430333,-0.00302516986031498
2017,PIT,0.369780284582242,single,0.3414087889916329,0.015838606877329575
2018,PIT,0.1914633461413764,single,0.2876896948608134,-0.05371909413081949
2019,PIT,1.1986700826958347,single,0.6140553250192803,0.32636563015846687
2020,PIT,1.227092063800828,single,0.8336803799917426,0.21962505497246232
2021,PIT,0.2026701192233971,single,0.6076161764021337,-0.22606420358960888
2022,PIT,-0.1524067038792722,single,0.33533222593641787,-0.27228395046571585
2023,PIT,-0.3420298025701614,single,0.09266215170929723,-0.24267007422712064
2024,PIT,0.2326665927169068,single,0.14281980248248805,0.050157650773190815
2000,SEA,-1.5049963681784633,single,-1.5049963681784633,
2001,SEA,-0.0127211885661312,single,-0.8033305552481614,0.7016658129303018
2002,SEA,0.2952609185506002,single,-0.3625000352305774,0.44083052001758405
2003,SEA,0.1439925980423637,single,-0.17231445948397278,0.1901855757466046
2004,SEA,0.2089707939663658,single,-0.033038983279904066,0.13927547620406872
2005,SEA,0.3032157892255173,single,0.08839479966884717,0.12143378294875123
2006,SEA,0.144914960966854,single,0.10871045812642023,0.020315658457573063
2007,SEA,0.5991596860967543,single,0.2846564410879965,0.17594598296157626
2008,SEA,-1.0250370639569684,single,-0.1848137490029536,-0.4694701900909501
2009,SEA,-0.5076492169951095,single,-0.30049865148400984,-0.11568490248105623
2010,SEA,-0.6327508386057271,single,-0.41954180840500255,-0.11904315692099271
2011,SEA,0.7522192707911997,single,0.00026687391432383967,0.4198086823193264
2012,SEA,1.154447041585654,single,0.41376731067147754,0.4135004367571537
2013,SEA,1.9163404747159536,single,0.9520790885217532,0.5383117778502756
2014,SEA,1.1702143315132798,single,1.0302279038259534,0.07814881530420026
2015,SEA,0.7002061323496398,single,0.9119949731771404,-0.11823293064881302
2016,SEA,-0.0978875896422779,single,0.5501967332369214,-0.361798239940219
2017,SEA,0.6686391598129826,single,0.5926296371980843,0.04243290396116284
2018,SEA,-0.3418204099038059,single,0.2578558082198648,-0.33477382897821945
2019,SEA,-0.2162829596182968,single,0.08799200015719932,-0.1698638080626655
2020,SEA,0.1848454054159096,single,0.1226904661846887,0.03469846602748938
2021,SEA,-0.2735507634109841,single,-0.01926595444283255,-0.14195642062752126
2022,SEA,-0.2871065686650415,single,-0.1152218821230417,-0.09595592768020915
2023,SEA,-0.5043012386604456,single,-0.2546125068667124,-0.1393906247436707
2024,SEA,0.5867021602418617,single,0.04679484106806897,0.30140734793478136
2000,SF,-0.8826552646687912,single,-0.8826552646687912,
2001,SF,0.2447624432737189,single,-0.35254495166271027,0.5301103130060809
2002,SF,-0.1905904749013717,single,-0.28755766756973855,0.06498728409297172
2003,SF,0.1790723555191669,single,-0.11234031242611328,0.17521735514362527
2004,SF,-1.081707834534002,single,-0.4664298609638694,-0.3540895485377561
2005,SF,-1.9018837284231715,single,-0.9848242679047791,-0.5183944069409097
2006,SF,-0.6904494201203907,single,-0.8790139034481831,0.10581036445659597
2007,SF,-0.6797904889850933,single,-0.8075435911556534,0.07147031229252965
2008,SF,0.3288093418061575,single,-0.40020872586617917,0.40733486528947427
2009,SF,0.3319668989134417,single,-0.13784081976704227,0.2623679060991369
2010,SF,-0.1611722778191864,single,-0.14620028444403313,-0.008359464676990863
2011,SF,0.8568703806347991,single,0.21317141824878647,0.3593717026928196
2012,SF,0.536877185866256,single,0.3291433263094609,0.11597190806067445
2013,SF,0.6551895214016369,single,0.4459526179574993,0.11680929164803838
2014,SF,0.6878996350769855,single,0.5326322048732521,0.08667958691575284
2015,SF,-1.0657193361926818,single,-0.03998997717825914,-0.5726221820515113
2016,SF,-1.0769309164263383,single,-0.4114820897804621,-0.37149211260220294
2017,SF,-0.4104795049738291,single,-0.4111229061159375,0.00035918366452458717
2018,SF,-0.2742746169688016,single,-0.3620959668065644,0.049026939309373074
2019,SF,1.4655011260534432,single,0.29265454687305426,0.6547505136796187
2020,SF,0.5819560867639268,single,0.39629901478608137,0.10364446791302712
2021,SF,-0.0768883269454855,single,0.2267760668914171,-0.16952294789466427
2022,SF,0.604895272167498,single,0.3622401346592294,0.13546406776781228
2023,SF,0.9110008971609124,single,0.5588378318505198,0.19659769719129044
2024,SF,0.4366104445891768,single,0.5150489451476988,-0.043788886702820995
2000,TB,1.2600285469920849,double,1.2600285469920849,
2001,TB,0.706548495753502,double,0.9997829599858638,-0.26024558700622114
2002,TB,1.9598373282029076,double,1.3850228571451217,0.385239897159258
2003,TB,0.935299552374622,double,1.2161538943494636,-0.1688689627956581
2004,TB,0.8902764170254145,double,1.0971177123104983,-0.11903618203896538
2005,TB,0.3961415862265862,double,0.8439698324666283,-0.25314787984387
2006,TB,-0.5294553251727263,double,0.3503046379792317,-0.49366519448739654
2007,TB,1.2552223623847487,double,0.6749389312755646,0.32463429329633287
2008,TB,0.5888386203499202,double,0.6440755810478604,-0.030863350227704145
2009,TB,0.0069224447312898,double,0.4157580454972977,-0.22831753555056272
2010,TB,0.6898568081004656,double,0.513965320793473,0.09820727529617529
2011,TB,-1.1345838997205946,double,-0.07666299780310393,-0.5906283185965769
2012,TB,-1.0587367173397166,double,-0.4285040043726704,-0.35184100656956646
2013,TB,-0.023940155341491,double,-0.28356498240869343,0.14493902196397696
2014,TB,-0.4990819172636246,double,-0.36077576644307163,-0.0772107840343782
2015,TB,-0.2625164176369622,double,-0.3255735713847857,0.03520219505828592
2016,TB,-0.4919249342822056,double,-0.3851702339312854,-0.0595966625464997
2017,TB,-1.277340772847572,double,-0.7047971437236346,-0.31962690979234915
2018,TB,-1.382213624970188,double,-0.9474867448887284,-0.24268960116509386
2019,TB,0.2934488263747526,double,-0.502912168849877,0.4445745760388514
2020,TB,0.7901968392678393,double,-0.039646072338748894,0.4632660965111281
2021,TB,0.5783242547629573,double,0.18174647628344204,0.22139254862219093
2022,TB,0.2096623960721914,double,0.19174756587978467,0.010001089596342633
2023,TB,-0.6074532236594868,double,-0.09457216678586863,-0.2863197326656533
2024,TB,-0.2632880128921456,double,-0.15501589577045202,-0.06044372898458339
2000,TEN,1.0288850893799844,zero,1.0288850893799844,
2001,TEN,-1.34312520027629,zero,-0.08643100708091289,-1.1153160964608972
2002,TEN,0.1033095022559083,zero,-0.010294054087707866,0.07613695299320503
2003,TEN,0.059927391438604,zero,0.01607376484951958,0.026367818937227446
2004,TEN,-0.8131752549503644,zero,-0.2868334445934201,-0.30290720944293964
2005,TEN,-0.7345855833488031,zero,-0.44853296673651083,-0.16169952214309075
2006,TEN,-0.4811188389604146,zero,-0.4602456624443748,-0.011712695707863985
2007,TEN,0.8297335387703819,zero,0.002527333441445845,0.46277299588582066
2008,TEN,0.9051664177534672,zero,0.32608558647022384,0.323558253028778
2009,TEN,-0.5541807460732732,zero,0.01065083739821121,-0.31543474907201263
2010,TEN,0.1532077830274255,zero,0.06172778890221751,0.0510769515040063
2011,TEN,0.0672766905013806,zero,0.06371580259376479,0.0019880136915472815
2012,TEN,-0.2328541430456586,zero,-0.042534335370716436,-0.10625013796448123
2013,TEN,-0.145176026061727,zero,-0.07930674174639724,-0.0367724063756808
2014,TEN,-0.0688749411098529,zero,-0.07556946000294595,0.0037372817434512817
2015,TEN,-0.2576600833848625,zero,-0.14080487750223797,-0.06523541749929201
2016,TEN,-0.0927359093065644,zero,-0.12358379781512699,0.01722107968711098
2017,TEN,0.4880094753959604,zero,0.0955241635435814,0.2191079613587084
2018,TEN,0.3222314670502471,zero,0.1767437774626316,0.0812196139190502
2019,TEN,0.1032142392573721,zero,0.15040126296717515,-0.026342514495456437
2020,TEN,-0.2365920656680093,zero,0.011757971792801497,-0.13864329117437366
2021,TEN,0.0875146864287777,zero,0.0388983884001226,0.027140416607321104
2022,TEN,-0.5909027568188935,zero,-0.1867326396612586,-0.22563102806138122
2023,TEN,-0.414758368751436,zero,-0.2684245832235618,-0.08169194356230317
2024,TEN,0.3238391552552723,zero,-0.0562416156944735,0.21218296752908827
2000,WAS,0.4453381628454232,single,0.4453381628454232,
2001,WAS,0.2038668861647944,single,0.33179868837969706,-0.11353947446572615
2002,WAS,0.4841529774050706,single,0.3929337163311951,0.061135027951498055
2003,WAS,-0.4381088319154856,single,0.08088119053848836,-0.31205252579270676
2004,WAS,1.0995559229167593,single,0.45298162496432426,0.3721004344258359
2005,WAS,0.4773209366984413,single,0.46177143239581614,0.00878980743149188
2006,WAS,-1.6684188933988393,single,-0.3039061261004054,-0.7656775584962215
2007,WAS,0.7408469622372824,single,0.07089334058534047,0.3747994666857459
2008,WAS,0.4483513085908032,single,0.20619619068597106,0.1353028501006306
2009,WAS,0.1526837142532633,single,0.18702052310477446,-0.019175667581196598
2010,WAS,-0.8321376099580795,single,-0.1781352418956874,-0.3651557650004619
2011,WAS,-0.5098669208187764,single,-0.2969852715517426,-0.11885002965605518
2012,WAS,-0.1524074769832831,single,-0.24518834861547176,0.051796922936270834
2013,WAS,-0.9570927523137632,single,-0.5002351805332845,-0.25504683191781274
2014,WAS,-1.0902855363538229,single,-0.7116257639384066,-0.21139058340512207
2015,WAS,-0.5192575242065656,single,-0.6427083084459849,0.06891745549242168
2016,WAS,-0.3719776692967851,single,-0.5457169627704919,0.09699134567549306
2017,WAS,0.2742242844473964,single,-0.2519667484024191,0.29375021436807275
2018,WAS,-0.0413442105107849,single,-0.1765096239710217,0.0754571244313974
2019,WAS,-0.3820467131923821,single,-0.25014484437799994,-0.07363522040697823
2020,WAS,1.17652990090749,single,0.26097218913604553,0.5111170335140455
2021,WAS,-0.6573426098647618,single,-0.06802104059034397,-0.3289932297263895
2022,WAS,0.3139867009772905,single,0.06883612474132253,0.1368571653316665
2023,WAS,-1.235482009911954,single,-0.39844572046328464,-0.46728184520460714
2024,WAS,0.0135834308622935,single,-0.2508331580915005,0.14761256237178416
