season,team,PDX4,season_rank,season_pct,rank,rank_improvement,rank_improve_pct,grp
2000,BAL,1.4540355398688471,1.0,1.0,1.0,3.0,1.499999250000375,double
2000,TB,1.2600285469920849,2.0,0.9666666666666668,2.0,5.0,1.6666661111112961,single
2000,TEN,1.0288850893799844,3.0,0.9333333333333332,3.0,27.0,6.749998312500422,single
2000,MIA,0.9118152281187446,4.0,0.9,4.0,5.0,0.99999980000004,single
2000,PHI,0.836530370123147,5.0,0.8666666666666667,5.0,-2.0,-0.33333327777778704,double
2000,NYG,0.76815564325331,6.0,0.8333333333333334,6.0,15.0,2.1428568367347376,single
2000,DET,0.6750210690990143,7.0,0.8,7.0,19.0,2.374999703125037,single
2000,NYJ,0.6066370336751964,8.0,0.7666666666666666,8.0,4.0,0.44444439506173394,single
2000,PIT,0.5369119856001072,9.0,0.7333333333333334,9.0,-7.0,-0.699999930000007,single
2000,WAS,0.4453381628454232,10.0,0.7,10.0,5.0,0.4545454132231443,single
2000,BUF,0.384530840891053,11.0,0.6666666666666667,11.0,16.0,1.3333332222222316,single
2000,LV,0.3728565456233994,12.0,0.6333333333333333,12.0,-4.0,-0.3076922840236705,double
2000,DAL,0.3409516364261631,13.0,0.6,13.0,-2.0,-0.14285713265306196,single
2000,GB,0.1989951287386586,14.0,0.5666666666666667,14.0,-8.0,-0.5333332977777802,single
2000,LAC,0.1827070923589808,15.0,0.5333333333333333,15.0,2.0,0.12499999218750048,zero
2000,IND,-0.2631978189310289,16.0,0.5,16.0,9.0,0.5294117335640156,double
2000,DEN,-0.268513425552456,17.0,0.4666666666666667,17.0,-1.0,-0.055555552469135974,double
2000,KC,-0.3165865022692185,18.0,0.4333333333333333,18.0,5.0,0.26315788088642733,double
2000,NO,-0.3691674311980585,19.0,0.4,19.0,10.0,0.4999999750000012,double
2000,NE,-0.3864866065398152,20.0,0.3666666666666667,20.0,-6.0,-0.28571427210884415,single
2000,CLE,-0.4228273583991518,21.0,0.3333333333333333,21.0,-20.0,-0.9090908677685968,single
2000,CAR,-0.4911979275516674,22.0,0.3,22.0,2.0,0.08695651795841226,zero
2000,CHI,-0.5177594934582588,23.0,0.2666666666666667,23.0,-13.0,-0.5416666440972231,zero
2000,CIN,-0.6370403582735054,24.0,0.2333333333333332,24.0,-5.0,-0.19999999200000032,double
2000,ATL,-0.6874414095033895,25.0,0.1999999999999999,25.0,6.0,0.23076922189349144,zero
2000,JAX,-0.7620682081589142,26.0,0.1666666666666666,26.0,-6.0,-0.22222221399176983,zero
2000,MIN,-0.7718950528090796,27.0,0.1333333333333333,27.0,1.0,0.035714284438775556,double
2000,LA,-0.7932300158058516,28.0,0.0999999999999999,28.0,-23.0,-0.7931034209274682,double
2000,SF,-0.8826552646687912,29.0,0.0666666666666666,29.0,-16.0,-0.5333333155555561,zero
2000,ARI,-0.9283366716964886,30.0,0.0333333333333333,30.0,-8.0,-0.2580645078043707,single
2000,SEA,-1.5049963681784633,31.0,0.0,31.0,-13.0,-12.999987000013,zero
2001,CLE,1.3941873089698749,1.0,1.0,1.0,20.0,9.9999950000025,zero
2001,PIT,1.1103692202040454,2.0,0.9666666666666668,2.0,11.0,3.6666654444448517,single
2001,PHI,1.0575520527395057,3.0,0.9333333333333332,3.0,-0.0,-0.0,single
2001,BAL,0.9686897403025568,4.0,0.9,4.0,6.0,1.199999760000048,double
2001,LA,0.9480092637628844,5.0,0.8666666666666667,5.0,23.0,3.8333326944445507,double
2001,GB,0.8691705499539715,6.0,0.8333333333333334,6.0,-4.0,-0.57142848979593,zero
2001,TB,0.706548495753502,7.0,0.8,7.0,-6.0,-0.7499999062500118,single
2001,LV,0.5616353041615606,8.0,0.7666666666666666,8.0,-4.0,-0.44444439506173394,double
2001,MIA,0.4922651578576401,9.0,0.7333333333333334,9.0,-1.0,-0.09999999000000101,zero
2001,CHI,0.3662495373027764,10.0,0.7,10.0,15.0,1.3636362396694328,single
2001,DAL,0.2667377291910652,11.0,0.6666666666666667,11.0,4.0,0.3333333055555579,zero
2001,NYJ,0.2658701258747906,12.0,0.6333333333333333,12.0,5.0,0.3846153550295881,double
2001,SF,0.2447624432737189,13.0,0.6,13.0,9.0,0.6428570969387788,double
2001,NE,0.2102099422473284,14.0,0.5666666666666667,14.0,-8.0,-0.5333332977777802,single
2001,WAS,0.2038668861647944,15.0,0.5333333333333333,15.0,-8.0,-0.4999999687500019,zero
2001,DEN,0.1096044901830298,16.0,0.5,16.0,-5.0,-0.2941176297577865,single
2001,LAC,0.1015658810094273,17.0,0.4666666666666667,17.0,9.0,0.49999997222222375,double
2001,SEA,-0.0127211885661312,18.0,0.4333333333333333,18.0,-6.0,-0.31578945706371275,double
2001,CIN,-0.1215869869938805,19.0,0.4,19.0,12.0,0.5999999700000015,zero
2001,JAX,-0.2371281302859178,20.0,0.3666666666666667,20.0,-4.0,-0.19047618140589612,zero
2001,NYG,-0.4271302163972452,21.0,0.3333333333333333,21.0,-7.0,-0.3181818037190089,zero
2001,ARI,-0.4610035154480532,22.0,0.3,22.0,7.0,0.3043478128544429,single
2001,KC,-0.4827488921634009,23.0,0.2666666666666667,23.0,4.0,0.1666666597222225,zero
2001,CAR,-0.6004189773137123,24.0,0.2333333333333332,24.0,-19.0,-0.7599999696000012,zero
2001,IND,-0.7055218026105212,25.0,0.1999999999999999,25.0,-6.0,-0.23076922189349144,double
2001,DET,-0.8133641040770673,26.0,0.1666666666666666,26.0,4.0,0.1481481426611799,double
2001,BUF,-1.0113766876956976,27.0,0.1333333333333333,27.0,-3.0,-0.10714285331632667,zero
2001,MIN,-1.1529777017136749,28.0,0.0999999999999999,28.0,4.0,0.13793102972651622,zero
2001,NO,-1.1642991180153126,29.0,0.0666666666666666,29.0,-9.0,-0.2999999900000003,double
2001,TEN,-1.34312520027629,30.0,0.0333333333333333,30.0,-12.0,-0.38709676170655605,zero
2001,ATL,-1.3438916073955076,31.0,0.0,31.0,-22.0,-21.999978000022,single
2002,TB,1.9598373282029076,1.0,1.0,1.0,3.0,1.499999250000375,single
2002,GB,1.1383007243540613,2.0,0.967741935483871,2.0,6.0,1.9999993333335555,single
2002,PHI,0.7869844241100705,3.0,0.935483870967742,3.0,7.0,1.7499995625001092,zero
2002,LV,0.7815781691165815,4.0,0.9032258064516128,4.0,27.0,5.399998920000216,double
2002,CAR,0.6116895102676252,5.0,0.8709677419354839,5.0,2.0,0.33333327777778704,zero
2002,NE,0.55757194304703,6.0,0.8387096774193549,6.0,-4.0,-0.57142848979593,zero
2002,WAS,0.4841529774050706,7.0,0.8064516129032258,7.0,17.0,2.1249997343750335,double
2002,MIA,0.4797571609594785,8.0,0.7741935483870968,8.0,1.0,0.11111109876543349,double
2002,ATL,0.3270013509644464,9.0,0.7419354838709677,9.0,21.0,2.0999997900000213,double
2002,BAL,0.3195753563466885,10.0,0.7096774193548387,10.0,-9.0,-0.8181817438016598,single
2002,DEN,0.3112402875328038,11.0,0.6774193548387097,11.0,9.0,0.7499999375000053,zero
2002,SEA,0.2952609185506002,12.0,0.6451612903225806,12.0,3.0,0.23076921301775286,double
2002,PIT,0.1635529596942855,13.0,0.6129032258064516,13.0,9.0,0.6428570969387788,zero
2002,NYG,0.1568221869856801,14.0,0.5806451612903225,14.0,14.0,0.9333332711111153,single
2002,DAL,0.1159034047517417,15.0,0.5483870967741935,15.0,-9.0,-0.5624999648437522,single
2002,JAX,0.1154216868197834,16.0,0.5161290322580645,16.0,5.0,0.2941176297577865,double
2002,NYJ,0.1118599704475947,17.0,0.4838709677419355,17.0,9.0,0.49999997222222375,double
2002,TEN,0.1033095022559083,18.0,0.4516129032258065,18.0,-2.0,-0.10526315235457093,zero
2002,IND,-0.0133006795813823,19.0,0.4193548387096774,19.0,-1.0,-0.04999999750000012,double
2002,NO,-0.1548443439104386,20.0,0.3870967741935484,20.0,-8.0,-0.38095236281179223,zero
2002,CLE,-0.1651565686866113,21.0,0.3548387096774194,21.0,-16.0,-0.7272726942148775,double
2002,SF,-0.1905904749013717,22.0,0.3225806451612903,22.0,-8.0,-0.34782607183364905,zero
2002,HOU,-0.2471748152959763,23.0,0.2903225806451612,23.0,9.0,0.37499998437500065,zero
2002,BUF,-0.3607023002119982,24.0,0.2580645161290322,24.0,-21.0,-0.8399999664000013,zero
2002,CHI,-0.5244356323960031,25.0,0.2258064516129032,25.0,-12.0,-0.4615384437869829,zero
2002,LAC,-0.5321175870917162,26.0,0.1935483870967742,26.0,-1.0,-0.037037035665294975,single
2002,KC,-0.6288356228733133,27.0,0.1612903225806451,27.0,-10.0,-0.35714284438775556,zero
2002,LA,-0.6895046256859724,28.0,0.1290322580645161,28.0,-17.0,-0.5862068763376939,double
2002,ARI,-1.0823036809638564,29.0,0.0967741935483871,29.0,-0.0,-0.0,single
2002,DET,-1.1180215036422378,30.0,0.0645161290322581,30.0,-3.0,-0.09677419042663901,single
2002,CIN,-1.2674402638204836,31.0,0.032258064516129,31.0,-8.0,-0.24999999218750027,zero
2002,MIN,-1.845391762750992,32.0,0.0,32.0,-13.0,-12.999987000013,single
2003,BAL,1.5711579289303037,1.0,1.0,1.0,8.0,3.999998000001,zero
2003,NE,1.2981966995572165,2.0,0.967741935483871,2.0,6.0,1.9999993333335555,double
2003,BUF,1.1009037872127068,3.0,0.935483870967742,3.0,-2.0,-0.49999987500003124,zero
2003,TB,0.935299552374622,4.0,0.9032258064516128,4.0,-0.0,-0.0,single
2003,CLE,0.7848630085943544,5.0,0.8709677419354839,5.0,5.0,0.8333331944444675,double
2003,DAL,0.6440343836092278,6.0,0.8387096774193549,6.0,18.0,2.571428204081685,zero
2003,CAR,0.5149281701517788,7.0,0.8064516129032258,7.0,7.0,0.8749998906250137,double
2003,GB,0.4580212598170161,8.0,0.7741935483870968,8.0,21.0,2.333333074074103,double
2003,MIA,0.3403472441249187,9.0,0.7419354838709677,9.0,-3.0,-0.299999970000003,single
2003,PHI,0.3218329044551872,10.0,0.7096774193548387,10.0,-3.0,-0.2727272479338866,double
2003,LA,0.2934098134473845,11.0,0.6774193548387097,11.0,4.0,0.3333333055555579,single
2003,NO,0.2265997920588127,12.0,0.6451612903225806,12.0,16.0,1.230769136094682,double
2003,CHI,0.2264511360676133,13.0,0.6129032258064516,13.0,-0.0,-0.0,zero
2003,SF,0.1790723555191669,14.0,0.5806451612903225,14.0,16.0,1.0666665955555603,double
2003,SEA,0.1439925980423637,15.0,0.5483870967741935,15.0,-3.0,-0.18749998828125072,zero
2003,TEN,0.059927391438604,16.0,0.5161290322580645,16.0,11.0,0.6470587854671302,zero
2003,KC,0.0302713480903145,17.0,0.4838709677419355,17.0,15.0,0.8333332870370396,double
2003,IND,0.0242070771823635,18.0,0.4516129032258065,18.0,7.0,0.36842103324099823,zero
2003,MIN,-0.0553206767527861,19.0,0.4193548387096774,19.0,7.0,0.34999998250000086,double
2003,DEN,-0.0567971037295419,20.0,0.3870967741935484,20.0,2.0,0.09523809070294806,double
2003,JAX,-0.1463619706347671,21.0,0.3548387096774194,21.0,-2.0,-0.09090908677685969,zero
2003,PIT,-0.2669449513673643,22.0,0.3225806451612903,22.0,-19.0,-0.8260869206049165,zero
2003,CIN,-0.3805683639269548,23.0,0.2903225806451612,23.0,-12.0,-0.4999999791666675,single
2003,WAS,-0.4381088319154856,24.0,0.2580645161290322,24.0,-22.0,-0.8799999648000014,zero
2003,LAC,-0.4976527263501729,25.0,0.2258064516129032,25.0,-2.0,-0.07692307396449716,single
2003,NYJ,-0.6612372961576187,26.0,0.1935483870967742,26.0,-8.0,-0.2962962853223598,zero
2003,DET,-0.723713169748299,27.0,0.1612903225806451,27.0,-10.0,-0.35714284438775556,double
2003,NYG,-0.7653387228955563,28.0,0.1290322580645161,28.0,-12.0,-0.41379308917954866,zero
2003,ARI,-1.1871688655975188,29.0,0.0967741935483871,29.0,-24.0,-0.7999999733333342,double
2003,ATL,-1.233564599557802,30.0,0.0645161290322581,30.0,-10.0,-0.3225806347554634,double
2003,LV,-1.2977821765753594,31.0,0.032258064516129,31.0,-0.0,-0.0,double
2003,HOU,-1.4429569954647274,32.0,0.0,32.0,-11.0,-10.999989000011,single
2004,BUF,1.6924943462845774,1.0,1.0,1.0,24.0,11.999994000003,zero
2004,WAS,1.0995559229167593,2.0,0.967741935483871,2.0,6.0,1.9999993333335555,double
2004,PIT,1.070798258186164,3.0,0.935483870967742,3.0,2.0,0.49999987500003124,double
2004,TB,0.8902764170254145,4.0,0.9032258064516128,4.0,7.0,1.399999720000056,single
2004,ARI,0.8388820451199852,5.0,0.8709677419354839,5.0,14.0,2.3333329444445092,zero
2004,MIA,0.6924253289914241,6.0,0.8387096774193549,6.0,4.0,0.57142848979593,zero
2004,PHI,0.6260028053712479,7.0,0.8064516129032258,7.0,15.0,1.8749997656250295,single
2004,NE,0.6134558736489142,8.0,0.7741935483870968,8.0,21.0,2.333333074074103,single
2004,BAL,0.5872972343845089,9.0,0.7419354838709677,9.0,-6.0,-0.599999940000006,zero
2004,CLE,0.5532144383972524,10.0,0.7096774193548387,10.0,6.0,0.5454544958677732,single
2004,CIN,0.2946707125611389,11.0,0.6774193548387097,11.0,13.0,1.083333243055563,zero
2004,SEA,0.2089707939663658,12.0,0.6451612903225806,12.0,-0.0,-0.0,zero
2004,CHI,0.0625245288857695,13.0,0.6129032258064516,13.0,-12.0,-0.8571427959183717,double
2004,CAR,0.0605087626318686,14.0,0.5806451612903225,14.0,-12.0,-0.7999999466666703,double
2004,LA,0.0252998536181387,15.0,0.5483870967741935,15.0,12.0,0.7499999531250029,zero
2004,NYG,0.0227388280477622,16.0,0.5161290322580645,16.0,4.0,0.23529410380622917,zero
2004,DET,-0.0019096862747923,17.0,0.4838709677419355,17.0,-2.0,-0.11111110493827195,zero
2004,NYJ,-0.0167525804292489,18.0,0.4516129032258065,18.0,-11.0,-0.5789473379501401,zero
2004,JAX,-0.0260508937601901,19.0,0.4193548387096774,19.0,-13.0,-0.6499999675000016,zero
2004,ATL,-0.1000292442195671,20.0,0.3870967741935484,20.0,-16.0,-0.7619047256235845,zero
2004,HOU,-0.1040070158375474,21.0,0.3548387096774194,21.0,10.0,0.4545454338842984,single
2004,DEN,-0.1388049234318216,22.0,0.3225806451612903,22.0,-8.0,-0.34782607183364905,zero
2004,LAC,-0.3111297247183799,23.0,0.2903225806451612,23.0,-2.0,-0.08333332986111125,single
2004,DAL,-0.3188991726297411,24.0,0.2580645161290322,24.0,-11.0,-0.4399999824000007,single
2004,IND,-0.3634481374867715,25.0,0.2258064516129032,25.0,-8.0,-0.30769229585798863,zero
2004,MIN,-0.6914362161806316,26.0,0.1935483870967742,26.0,-17.0,-0.6296296063100145,zero
2004,TEN,-0.8131752549503644,27.0,0.1612903225806451,27.0,1.0,0.035714284438775556,single
2004,NO,-0.9923709878856568,28.0,0.1290322580645161,28.0,2.0,0.06896551486325811,single
2004,GB,-1.0522763780957225,29.0,0.0967741935483871,29.0,-11.0,-0.36666665444444485,zero
2004,SF,-1.081707834534002,30.0,0.0645161290322581,30.0,2.0,0.06451612695109267,zero
2004,LV,-1.565757093430898,31.0,0.032258064516129,31.0,-5.0,-0.15624999511718765,single
2004,KC,-1.76136100617196,32.0,0.0,32.0,-9.0,-8.999991000009,single
2005,CHI,1.3445530313960026,1.0,1.0,1.0,-0.0,-0.0,single
2005,CAR,1.2699015730944043,2.0,0.967741935483871,2.0,6.0,1.9999993333335555,double
2005,BAL,0.8593637625091505,3.0,0.935483870967742,3.0,-1.0,-0.24999993750001562,single
2005,ATL,0.7176493800955078,4.0,0.9032258064516128,4.0,24.0,4.799999040000192,double
2005,PIT,0.6309492908202595,5.0,0.8709677419354839,5.0,11.0,1.8333330277778286,zero
2005,JAX,0.5961958629618749,6.0,0.8387096774193549,6.0,-1.0,-0.1428571224489825,zero
2005,NYJ,0.5703800222270254,7.0,0.8064516129032258,7.0,2.0,0.24999996875000394,single
2005,WAS,0.4773209366984413,8.0,0.7741935483870968,8.0,24.0,2.6666663703704034,zero
2005,MIN,0.4659759611453842,9.0,0.7419354838709677,9.0,11.0,1.099999890000011,zero
2005,MIA,0.4097497703373954,10.0,0.7096774193548387,10.0,3.0,0.2727272479338866,zero
2005,TB,0.3961415862265862,11.0,0.6774193548387097,11.0,14.0,1.1666665694444527,zero
2005,SEA,0.3032157892255173,12.0,0.6451612903225806,12.0,2.0,0.15384614201183525,double
2005,DAL,0.2690956953228181,13.0,0.6129032258064516,13.0,8.0,0.5714285306122479,double
2005,DEN,0.1742038393611467,14.0,0.5806451612903225,14.0,-3.0,-0.19999998666666757,single
2005,DET,0.1430260481036646,15.0,0.5483870967741935,15.0,14.0,0.8749999453125034,single
2005,CLE,0.1037111874572464,16.0,0.5161290322580645,16.0,-4.0,-0.23529410380622917,single
2005,IND,0.0914075180383127,17.0,0.4838709677419355,17.0,-11.0,-0.6111110771604957,zero
2005,GB,0.078762624847588,18.0,0.4516129032258065,18.0,-0.0,-0.0,zero
2005,ARI,0.0479905544001316,19.0,0.4193548387096774,19.0,12.0,0.5999999700000015,double
2005,NYG,-0.0438265654415836,20.0,0.3870967741935484,20.0,-1.0,-0.04761904535147403,double
2005,LAC,-0.140296036551326,21.0,0.3548387096774194,21.0,-17.0,-0.7727272376033073,single
2005,PHI,-0.1443270214787007,22.0,0.3225806451612903,22.0,-15.0,-0.6521738846880919,double
2005,KC,-0.2983306500361358,23.0,0.2903225806451612,23.0,-0.0,-0.0,double
2005,CIN,-0.4010615126551466,24.0,0.2580645161290322,24.0,2.0,0.07999999680000013,double
2005,BUF,-0.4846628253667175,25.0,0.2258064516129032,25.0,-15.0,-0.5769230547337286,double
2005,LV,-0.544030710340815,26.0,0.1935483870967742,26.0,-23.0,-0.8518518203017844,double
2005,LA,-0.6302886256151217,27.0,0.1612903225806451,27.0,-5.0,-0.17857142219387778,single
2005,TEN,-0.7345855833488031,28.0,0.1290322580645161,28.0,-4.0,-0.13793102972651622,single
2005,NE,-0.819031864887817,29.0,0.0967741935483871,29.0,-14.0,-0.4666666511111116,double
2005,NO,-1.0941461579024665,30.0,0.0645161290322581,30.0,-13.0,-0.4193548251821024,single
2005,HOU,-1.713123152220649,31.0,0.032258064516129,31.0,-1.0,-0.031249999023437534,zero
2005,SF,-1.9018837284231715,32.0,0.0,32.0,-5.0,-4.999995000005001,double
2006,CHI,1.287966133928815,1.0,1.0,1.0,20.0,9.9999950000025,zero
2006,BAL,1.1674673840148466,2.0,0.967741935483871,2.0,29.0,9.666663444445518,single
2006,LV,0.8735617961079079,3.0,0.935483870967742,3.0,22.0,5.499998625000344,single
2006,LAC,0.8207475150100635,4.0,0.9032258064516128,4.0,-0.0,-0.0,zero
2006,JAX,0.8038527124130053,5.0,0.8709677419354839,5.0,7.0,1.1666664722222546,single
2006,IND,0.7984819060841497,6.0,0.8387096774193549,6.0,-3.0,-0.4285713673469475,double
2006,PHI,0.5563524934323258,7.0,0.8064516129032258,7.0,9.0,1.1249998593750177,zero
2006,CAR,0.5488474976896183,8.0,0.7741935483870968,8.0,6.0,0.6666665925926009,double
2006,NYJ,0.4798888125715731,9.0,0.7419354838709677,9.0,6.0,0.599999940000006,zero
2006,BUF,0.3822321252024812,10.0,0.7096774193548387,10.0,16.0,1.4545453223140616,single
2006,DEN,0.3086597830625139,11.0,0.6774193548387097,11.0,9.0,0.7499999375000053,zero
2006,CLE,0.2246432062271564,12.0,0.6451612903225806,12.0,5.0,0.3846153550295881,zero
2006,MIA,0.1713536838207269,13.0,0.6129032258064516,13.0,16.0,1.1428570612244957,double
2006,SEA,0.144914960966854,14.0,0.5806451612903225,14.0,-5.0,-0.3333333111111126,single
2006,NE,0.1268751857419806,15.0,0.5483870967741935,15.0,-10.0,-0.6249999609375024,double
2006,PIT,0.1184415013667497,16.0,0.5161290322580645,16.0,-14.0,-0.8235293633218022,single
2006,NO,-0.0013846191459518,17.0,0.4838709677419355,17.0,15.0,0.8333332870370396,double
2006,GB,-0.0249733312850579,18.0,0.4516129032258065,18.0,-7.0,-0.36842103324099823,zero
2006,NYG,-0.1053495171895569,19.0,0.4193548387096774,19.0,-9.0,-0.4499999775000011,double
2006,MIN,-0.1630783612879109,20.0,0.3870967741935484,20.0,-1.0,-0.04761904535147403,single
2006,DAL,-0.2478189873355783,21.0,0.3548387096774194,21.0,-15.0,-0.6818181508264477,single
2006,LA,-0.3492195171447165,22.0,0.3225806451612903,22.0,1.0,0.04347825897920613,zero
2006,KC,-0.4712775713736342,23.0,0.2903225806451612,23.0,-10.0,-0.41666664930555625,single
2006,TEN,-0.4811188389604146,24.0,0.2580645161290322,24.0,-17.0,-0.679999972800001,double
2006,TB,-0.5294553251727263,25.0,0.2258064516129032,25.0,-24.0,-0.9230768875739658,zero
2006,CIN,-0.6005010881102688,26.0,0.1935483870967742,26.0,-4.0,-0.1481481426611799,single
2006,SF,-0.6904494201203907,27.0,0.1612903225806451,27.0,-0.0,-0.0,single
2006,ATL,-0.711394736249878,28.0,0.1290322580645161,28.0,-0.0,-0.0,double
2006,DET,-0.7967627631232852,29.0,0.0967741935483871,29.0,-5.0,-0.16666666111111128,double
2006,HOU,-0.8672135500221932,30.0,0.0645161290322581,30.0,-0.0,-0.0,zero
2006,ARI,-1.1058701777203714,31.0,0.032258064516129,31.0,-13.0,-0.4062499873046879,single
2006,WAS,-1.6684188933988393,32.0,0.0,32.0,-24.0,-23.999976000024002,double
2007,TB,1.2552223623847487,1.0,1.0,1.0,5.0,2.499998750000625,zero
2007,PIT,1.2195259049479392,2.0,0.967741935483871,2.0,-1.0,-0.33333322222225925,single
2007,IND,0.9816125595187188,3.0,0.935483870967742,3.0,8.0,1.999999500000125,single
2007,LAC,0.9289711629222938,4.0,0.9032258064516128,4.0,15.0,2.99999940000012,zero
2007,NE,0.9258835884679066,5.0,0.8709677419354839,5.0,12.0,1.9999996666667221,zero
2007,DAL,0.8504540901565282,6.0,0.8387096774193549,6.0,-1.0,-0.1428571224489825,double
2007,TEN,0.8297335387703819,7.0,0.8064516129032258,7.0,-4.0,-0.4999999375000079,single
2007,WAS,0.7408469622372824,8.0,0.7741935483870968,8.0,2.0,0.22222219753086697,single
2007,SEA,0.5991596860967543,9.0,0.7419354838709677,9.0,20.0,1.99999980000002,single
2007,NYG,0.4974580153886573,10.0,0.7096774193548387,10.0,-3.0,-0.2727272479338866,zero
2007,GB,0.2647337788991512,11.0,0.6774193548387097,11.0,-3.0,-0.2499999791666684,double
2007,JAX,0.144772338163085,12.0,0.6451612903225806,12.0,19.0,1.4615383491124347,single
2007,KC,-0.0117559684685008,13.0,0.6129032258064516,13.0,13.0,0.9285713622449028,zero
2007,CAR,-0.0386358069839825,14.0,0.5806451612903225,14.0,-1.0,-0.06666666222222252,single
2007,NYJ,-0.0394493424003369,15.0,0.5483870967741935,15.0,3.0,0.18749998828125072,double
2007,PHI,-0.1426950766351654,16.0,0.5161290322580645,16.0,-12.0,-0.7058823114186875,single
2007,CLE,-0.1663148269981179,17.0,0.4838709677419355,17.0,8.0,0.4444444197530878,double
2007,ARI,-0.1780165372429223,18.0,0.4516129032258065,18.0,-2.0,-0.10526315235457093,double
2007,MIN,-0.1843474142345922,19.0,0.4193548387096774,19.0,1.0,0.04999999750000012,single
2007,DEN,-0.2722700092387558,20.0,0.3870967741935484,20.0,8.0,0.38095236281179223,single
2007,CHI,-0.3206505454488387,21.0,0.3548387096774194,21.0,-12.0,-0.5454545206611581,double
2007,CIN,-0.3992562158302017,22.0,0.3225806451612903,22.0,-7.0,-0.3043478128544429,zero
2007,LA,-0.5103532465316412,23.0,0.2903225806451612,23.0,7.0,0.2916666545138894,double
2007,DET,-0.5284285935807513,24.0,0.2580645161290322,24.0,8.0,0.3199999872000005,single
2007,LV,-0.5865864027930757,25.0,0.2258064516129032,25.0,-4.0,-0.15384614792899431,single
2007,BUF,-0.6318122241352709,26.0,0.1935483870967742,26.0,-4.0,-0.1481481426611799,zero
2007,SF,-0.6797904889850933,27.0,0.1612903225806451,27.0,-15.0,-0.5357142665816333,double
2007,ATL,-0.7312514713742982,28.0,0.1290322580645161,28.0,-5.0,-0.17241378715814526,double
2007,MIA,-0.7885680420534218,29.0,0.0967741935483871,29.0,-15.0,-0.4999999833333339,double
2007,HOU,-0.79907628295085,30.0,0.0645161290322581,30.0,-3.0,-0.09677419042663901,single
2007,BAL,-0.8796802662284782,31.0,0.032258064516129,31.0,-29.0,-0.9062499716796885,double
2007,NO,-1.3494352258391586,32.0,0.0,32.0,-8.0,-7.9999920000080005,zero
2008,PIT,1.717170708713576,1.0,1.0,1.0,11.0,5.499997250001375,single
2008,BAL,1.0720068579889674,2.0,0.967741935483871,2.0,3.0,0.9999996666667778,single
2008,TEN,0.9051664177534672,3.0,0.935483870967742,3.0,22.0,5.499998625000344,double
2008,PHI,0.7032931461081492,4.0,0.9032258064516128,4.0,-0.0,-0.0,zero
2008,DAL,0.6840542038431212,5.0,0.8709677419354839,5.0,15.0,2.4999995833334028,single
2008,TB,0.5888386203499202,6.0,0.8387096774193549,6.0,15.0,2.1428568367347376,single
2008,NYG,0.5205952078149307,7.0,0.8064516129032258,7.0,16.0,1.9999997500000315,double
2008,GB,0.5080114718369864,8.0,0.7741935483870968,8.0,-0.0,-0.0,double
2008,CHI,0.4852698825274917,9.0,0.7419354838709677,9.0,9.0,0.8999999100000091,zero
2008,WAS,0.4483513085908032,10.0,0.7096774193548387,10.0,6.0,0.5454544958677732,double
2008,IND,0.3848570853751345,11.0,0.6774193548387097,11.0,-4.0,-0.3333333055555579,zero
2008,SF,0.3288093418061575,12.0,0.6451612903225806,12.0,-1.0,-0.07692307100591762,single
2008,CAR,0.2713084135832672,13.0,0.6129032258064516,13.0,-7.0,-0.49999996428571686,zero
2008,MIA,0.1029809215631325,14.0,0.5806451612903225,14.0,13.0,0.8666666088888928,zero
2008,CIN,0.0883937555637235,15.0,0.5483870967741935,15.0,-5.0,-0.3124999804687512,zero
2008,ARI,0.0513782662732333,16.0,0.5161290322580645,16.0,1.0,0.05882352595155729,single
2008,NE,0.0476542032613016,17.0,0.4838709677419355,17.0,-4.0,-0.2222222098765439,double
2008,NYJ,0.0382993567570003,18.0,0.4516129032258065,18.0,-17.0,-0.8947367950138528,single
2008,LAC,-0.0067850380067236,19.0,0.4193548387096774,19.0,-10.0,-0.4999999750000012,double
2008,MIN,-0.0792419469168017,20.0,0.3870967741935484,20.0,-1.0,-0.04761904535147403,zero
2008,LV,-0.0916697032045188,21.0,0.3548387096774194,21.0,9.0,0.4090908904958686,zero
2008,BUF,-0.1283534795198771,22.0,0.3225806451612903,22.0,-20.0,-0.8695651795841226,zero
2008,ATL,-0.2927921467731653,23.0,0.2903225806451612,23.0,3.0,0.12499999479166687,zero
2008,NO,-0.2929611022292979,24.0,0.2580645161290322,24.0,-10.0,-0.39999998400000064,zero
2008,CLE,-0.5855111850012524,25.0,0.2258064516129032,25.0,4.0,0.15384614792899431,double
2008,KC,-0.7639122414876612,26.0,0.1935483870967742,26.0,-4.0,-0.1481481426611799,double
2008,HOU,-0.7674825201941446,27.0,0.1612903225806451,27.0,-12.0,-0.4285714132653067,zero
2008,DEN,-0.9028300179044412,28.0,0.1290322580645161,28.0,-25.0,-0.8620689357907263,single
2008,SEA,-1.0250370639569684,29.0,0.0967741935483871,29.0,-5.0,-0.16666666111111128,single
2008,LA,-1.1485929048952686,30.0,0.0645161290322581,30.0,1.0,0.032258063475546335,zero
2008,JAX,-1.1758157192084309,31.0,0.032258064516129,31.0,-3.0,-0.0937499970703126,double
2008,DET,-1.6854541004118029,32.0,0.0,32.0,-0.0,-0.0,single
2009,NYJ,1.469897503333696,1.0,1.0,1.0,7.0,3.499998250000875,single
2009,BUF,1.4282637254537431,2.0,0.967741935483871,2.0,16.0,5.333331555556148,single
2009,DEN,0.7727681779807757,3.0,0.935483870967742,3.0,28.0,6.999998250000437,zero
2009,PHI,0.6908430142123448,4.0,0.9032258064516128,4.0,7.0,1.399999720000056,single
2009,BAL,0.6596532528960346,5.0,0.8709677419354839,5.0,-0.0,-0.0,single
2009,CAR,0.6352993039313715,6.0,0.8387096774193549,6.0,9.0,1.2857141020408425,single
2009,IND,0.5983516614037246,7.0,0.8064516129032258,7.0,14.0,1.7499997812500274,single
2009,GB,0.5910307897448192,8.0,0.7741935483870968,8.0,-5.0,-0.5555554938271674,double
2009,LAC,0.5476555333058266,9.0,0.7419354838709677,9.0,-7.0,-0.699999930000007,zero
2009,CIN,0.5088430516544415,10.0,0.7096774193548387,10.0,14.0,1.272727157024804,zero
2009,SF,0.3319668989134417,11.0,0.6774193548387097,11.0,11.0,0.9166665902777842,double
2009,PIT,0.3164138354334772,12.0,0.6451612903225806,12.0,-11.0,-0.8461537810650938,double
2009,NE,0.296695504643739,13.0,0.6129032258064516,13.0,7.0,0.49999996428571686,zero
2009,NO,0.1906632720265564,14.0,0.5806451612903225,14.0,3.0,0.19999998666666757,single
2009,HOU,0.1838578280338937,15.0,0.5483870967741935,15.0,15.0,0.9374999414062536,single
2009,WAS,0.1526837142532633,16.0,0.5161290322580645,16.0,13.0,0.7647058373702448,zero
2009,ARI,0.1220702260352191,17.0,0.4838709677419355,17.0,9.0,0.49999997222222375,single
2009,CHI,0.092460510097282,18.0,0.4516129032258065,18.0,-9.0,-0.47368418559556913,double
2009,MIN,0.049050641077881,19.0,0.4193548387096774,19.0,-9.0,-0.4499999775000011,single
2009,DAL,0.0415789381163682,20.0,0.3870967741935484,20.0,8.0,0.38095236281179223,single
2009,TB,0.0069224447312898,21.0,0.3548387096774194,21.0,-17.0,-0.7727272376033073,single
2009,KC,-0.4470504654704776,22.0,0.3225806451612903,22.0,-16.0,-0.6956521436672981,zero
2009,NYG,-0.4721388903873194,23.0,0.2903225806451612,23.0,-16.0,-0.66666663888889,double
2009,SEA,-0.5076492169951095,24.0,0.2580645161290322,24.0,3.0,0.11999999520000018,single
2009,TEN,-0.5541807460732732,25.0,0.2258064516129032,25.0,-11.0,-0.4230769068047343,zero
2009,ATL,-0.7583272660608157,26.0,0.1935483870967742,26.0,-13.0,-0.48148146364883465,single
2009,MIA,-0.7947205849829871,27.0,0.1612903225806451,27.0,-4.0,-0.14285713775510223,double
2009,JAX,-0.9747464774934408,28.0,0.1290322580645161,28.0,4.0,0.13793102972651622,single
2009,CLE,-1.0847642665627315,29.0,0.0967741935483871,29.0,-4.0,-0.13333332888888902,double
2009,LV,-1.1439310009252792,30.0,0.0645161290322581,30.0,-11.0,-0.3548386982310097,single
2009,LA,-1.459048501812317,31.0,0.032258064516129,31.0,-19.0,-0.5937499814453131,double
2009,DET,-1.4904124105154466,32.0,0.0,32.0,-16.0,-15.999984000016001,single
2010,PIT,1.1155685736616443,1.0,1.0,1.0,1.0,0.499999750000125,double
2010,LAC,1.1089676629125322,2.0,0.967741935483871,2.0,25.0,8.333330555556481,single
2010,GB,1.0701562245481728,3.0,0.935483870967742,3.0,23.0,5.749998562500359,single
2010,TB,0.6898568081004656,4.0,0.9032258064516128,4.0,28.0,5.599998880000224,zero
2010,BAL,0.6796033844807534,5.0,0.8709677419354839,5.0,-2.0,-0.33333327777778704,zero
2010,KC,0.5946939846914017,6.0,0.8387096774193549,6.0,18.0,2.571428204081685,double
2010,NYG,0.553780973565438,7.0,0.8064516129032258,7.0,5.0,0.6249999218750099,single
2010,NYJ,0.4891868613881178,8.0,0.7741935483870968,8.0,-3.0,-0.33333329629630043,double
2010,CHI,0.4838241413880717,9.0,0.7419354838709677,9.0,-2.0,-0.19999998000000202,zero
2010,MIN,0.3026107741369234,10.0,0.7096774193548387,10.0,18.0,1.6363634876033195,double
2010,PHI,0.2918872041555005,11.0,0.6774193548387097,11.0,2.0,0.16666665277777895,double
2010,LA,0.2544981482040287,12.0,0.6451612903225806,12.0,5.0,0.3846153550295881,zero
2010,ATL,0.1640599221529067,13.0,0.6129032258064516,13.0,6.0,0.42857139795918586,single
2010,TEN,0.1532077830274255,14.0,0.5806451612903225,14.0,1.0,0.06666666222222252,double
2010,CAR,0.1380884240537018,15.0,0.5483870967741935,15.0,16.0,0.9999999375000038,zero
2010,DET,0.0384732685672346,16.0,0.5161290322580645,16.0,-5.0,-0.2941176297577865,single
2010,NO,0.0162534802423367,17.0,0.4838709677419355,17.0,1.0,0.055555552469135974,zero
2010,BUF,-0.0331052392033833,18.0,0.4516129032258065,18.0,4.0,0.21052630470914185,double
2010,LV,-0.0476022144518003,19.0,0.4193548387096774,19.0,-5.0,-0.2499999875000006,single
2010,NE,-0.0624208233327188,20.0,0.3870967741935484,20.0,10.0,0.47619045351474026,single
2010,IND,-0.1120474934594456,21.0,0.3548387096774194,21.0,8.0,0.36363634710743875,zero
2010,SF,-0.1611722778191864,22.0,0.3225806451612903,22.0,-18.0,-0.7826086616257103,zero
2010,MIA,-0.2355858597785006,23.0,0.2903225806451612,23.0,-3.0,-0.12499999479166687,zero
2010,CIN,-0.2434458115975888,24.0,0.2580645161290322,24.0,-15.0,-0.599999976000001,single
2010,CLE,-0.2439288361009174,25.0,0.2258064516129032,25.0,-15.0,-0.5769230547337286,single
2010,ARI,-0.3199976100834483,26.0,0.1935483870967742,26.0,-10.0,-0.37037035665294976,double
2010,SEA,-0.6327508386057271,27.0,0.1612903225806451,27.0,-21.0,-0.7499999732142867,single
2010,DAL,-0.6999172987076647,28.0,0.1290322580645161,28.0,-5.0,-0.17241378715814526,double
2010,WAS,-0.8321376099580795,29.0,0.0967741935483871,29.0,-4.0,-0.13333332888888902,zero
2010,HOU,-1.3264892124952112,30.0,0.0645161290322581,30.0,-29.0,-0.9354838407908438,zero
2010,DEN,-1.5647960309120394,31.0,0.032258064516129,31.0,-10.0,-0.3124999902343753,single
2010,JAX,-1.6293204627709452,32.0,0.0,32.0,-24.0,-23.999976000024002,zero
2011,HOU,1.2240847291538184,1.0,1.0,1.0,9.0,4.499997750001125,zero
2011,PIT,1.2212838129732726,2.0,0.967741935483871,2.0,-1.0,-0.33333322222225925,single
2011,BAL,1.098272218600653,3.0,0.935483870967742,3.0,14.0,3.4999991250002185,double
2011,SF,0.8568703806347991,4.0,0.9032258064516128,4.0,4.0,0.799999840000032,single
2011,NYJ,0.7980650530660218,5.0,0.8709677419354839,5.0,4.0,0.6666665555555741,double
2011,SEA,0.7522192707911997,6.0,0.8387096774193549,6.0,-4.0,-0.57142848979593,single
2011,CHI,0.5193364564107501,7.0,0.8064516129032258,7.0,-4.0,-0.4999999375000079,single
2011,JAX,0.4051658248167865,8.0,0.7741935483870968,8.0,15.0,1.6666664814815022,zero
2011,CIN,0.3314017522284989,9.0,0.7419354838709677,9.0,2.0,0.19999998000000202,single
2011,CLE,0.2822163603061218,10.0,0.7096774193548387,10.0,2.0,0.1818181652892577,single
2011,DET,0.2547978748161907,11.0,0.6774193548387097,11.0,7.0,0.5833332847222263,double
2011,NYG,0.2097377393007996,12.0,0.6451612903225806,12.0,13.0,0.9999999230769291,zero
2011,PHI,0.1962643420933809,13.0,0.6129032258064516,13.0,13.0,0.9285713622449028,double
2011,LV,0.1395229783763828,14.0,0.5806451612903225,14.0,15.0,0.9999999333333378,double
2011,TEN,0.0672766905013806,15.0,0.5483870967741935,15.0,6.0,0.37499997656250145,zero
2011,ARI,0.0161855465028199,16.0,0.5161290322580645,16.0,-11.0,-0.6470587854671302,zero
2011,LA,-0.0854523504949437,17.0,0.4838709677419355,17.0,-10.0,-0.5555555246913597,zero
2011,NO,-0.0917628545931389,18.0,0.4516129032258065,18.0,14.0,0.7368420664819965,single
2011,ATL,-0.1528999784688614,19.0,0.4193548387096774,19.0,5.0,0.2499999875000006,zero
2011,MIA,-0.2014310297915767,20.0,0.3870967741935484,20.0,-0.0,-0.0,zero
2011,DEN,-0.2327701708494971,21.0,0.3548387096774194,21.0,-17.0,-0.7727272376033073,zero
2011,BUF,-0.3275523524237523,22.0,0.3225806451612903,22.0,-6.0,-0.2608695538752368,double
2011,DAL,-0.4023746428935104,23.0,0.2903225806451612,23.0,5.0,0.20833332465277812,double
2011,KC,-0.4363351202398651,24.0,0.2580645161290322,24.0,7.0,0.27999998880000043,single
2011,WAS,-0.5098669208187764,25.0,0.2258064516129032,25.0,-6.0,-0.23076922189349144,double
2011,GB,-0.6263096980430184,26.0,0.1935483870967742,26.0,-20.0,-0.7407407133058995,single
2011,LAC,-0.6604373354221171,27.0,0.1612903225806451,27.0,-13.0,-0.46428569770408223,double
2011,MIN,-0.7807782700732745,28.0,0.1290322580645161,28.0,-13.0,-0.4482758466111777,zero
2011,IND,-0.8135195074769036,29.0,0.0967741935483871,29.0,-7.0,-0.2333333255555558,double
2011,NE,-0.8388928131650013,30.0,0.0645161290322581,30.0,-3.0,-0.09677419042663901,single
2011,CAR,-1.077734086098077,31.0,0.032258064516129,31.0,-18.0,-0.5624999824218756,double
2011,TB,-1.1345838997205946,32.0,0.0,32.0,-2.0,-1.9999980000020001,zero
2012,PIT,1.1706222541852842,1.0,1.0,1.0,9.0,4.499997750001125,single
2012,SEA,1.154447041585654,2.0,0.967741935483871,2.0,-1.0,-0.33333322222225925,zero
2012,CHI,1.140223082503366,3.0,0.935483870967742,3.0,22.0,5.499998625000344,zero
2012,DEN,1.04722790271509,4.0,0.9032258064516128,4.0,16.0,3.199999360000128,single
2012,ARI,0.7165407594424458,5.0,0.8709677419354839,5.0,-1.0,-0.16666663888889352,zero
2012,GB,0.670477440945166,6.0,0.8387096774193549,6.0,20.0,2.85714244897965,zero
2012,LA,0.5812917748766917,7.0,0.8064516129032258,7.0,16.0,1.9999997500000315,double
2012,SF,0.536877185866256,8.0,0.7741935483870968,8.0,-1.0,-0.11111109876543349,zero
2012,NYJ,0.5147082615873009,9.0,0.7419354838709677,9.0,9.0,0.8999999100000091,zero
2012,HOU,0.4177834881282456,10.0,0.7096774193548387,10.0,3.0,0.2727272479338866,zero
2012,CIN,0.3659027810361417,11.0,0.6774193548387097,11.0,-9.0,-0.7499999375000053,zero
2012,CLE,0.3069402830579529,12.0,0.6451612903225806,12.0,-7.0,-0.5384614970414233,single
2012,CAR,0.3012681843712929,13.0,0.6129032258064516,13.0,-5.0,-0.3571428316326549,double
2012,LAC,0.2813541196626419,14.0,0.5806451612903225,14.0,13.0,0.8666666088888928,zero
2012,MIN,0.2193690890561276,15.0,0.5483870967741935,15.0,9.0,0.5624999648437522,zero
2012,BUF,0.1948686860591065,16.0,0.5161290322580645,16.0,-13.0,-0.7647058373702448,single
2012,BAL,0.159238649878722,17.0,0.4838709677419355,17.0,-5.0,-0.27777776234567986,zero
2012,DET,-0.0106432996370198,18.0,0.4516129032258065,18.0,-2.0,-0.10526315235457093,single
2012,WAS,-0.1524074769832831,19.0,0.4193548387096774,19.0,9.0,0.4499999775000011,double
2012,MIA,-0.1859230115965475,20.0,0.3870967741935484,20.0,-9.0,-0.4285714081632663,double
2012,TEN,-0.2328541430456586,21.0,0.3548387096774194,21.0,-2.0,-0.09090908677685969,zero
2012,IND,-0.5567288943356423,22.0,0.3225806451612903,22.0,-0.0,-0.0,zero
2012,JAX,-0.5903030304369071,23.0,0.2903225806451612,23.0,7.0,0.2916666545138894,zero
2012,ATL,-0.6909907611833376,24.0,0.2580645161290322,24.0,5.0,0.19999999200000032,single
2012,NYG,-0.7407650111455353,25.0,0.2258064516129032,25.0,-19.0,-0.7307692026627229,zero
2012,PHI,-0.7485001256780031,26.0,0.1935483870967742,26.0,-5.0,-0.18518517832647488,zero
2012,NE,-0.7852174169441336,27.0,0.1612903225806451,27.0,-12.0,-0.4285714132653067,double
2012,DAL,-0.8299461512024162,28.0,0.1290322580645161,28.0,4.0,0.13793102972651622,zero
2012,LV,-0.9219863118062308,29.0,0.0967741935483871,29.0,2.0,0.06666666444444451,double
2012,TB,-1.0587367173397166,30.0,0.0645161290322581,30.0,-16.0,-0.5161290156087414,zero
2012,KC,-1.1215350216481077,31.0,0.032258064516129,31.0,-14.0,-0.4374999863281255,double
2012,NO,-1.1526036119749763,32.0,0.0,32.0,-23.0,-22.999977000023,zero
2013,SEA,1.9163404747159536,1.0,1.0,1.0,2.0,0.99999950000025,double
2013,CIN,1.4106844291316656,2.0,0.967741935483871,2.0,9.0,2.9999990000003334,single
2013,BUF,1.3086072507279587,3.0,0.935483870967742,3.0,-2.0,-0.49999987500003124,double
2013,ARI,0.862582995115202,4.0,0.9032258064516128,4.0,18.0,3.599999280000144,double
2013,CLE,0.8522462495334456,5.0,0.8709677419354839,5.0,2.0,0.33333327777778704,double
2013,NYG,0.8084200728101271,6.0,0.8387096774193549,6.0,17.0,2.4285710816327026,zero
2013,SF,0.6551895214016369,7.0,0.8064516129032258,7.0,-1.0,-0.12499998437500197,zero
2013,CAR,0.6409421702717678,8.0,0.7741935483870968,8.0,4.0,0.44444439506173394,zero
2013,NO,0.637884876995312,9.0,0.7419354838709677,9.0,17.0,1.6999998300000172,single
2013,PIT,0.3350053982156846,10.0,0.7096774193548387,10.0,17.0,1.5454544049586905,single
2013,MIA,0.2742364769527976,11.0,0.6774193548387097,11.0,-1.0,-0.08333332638888948,double
2013,BAL,0.2472611575111531,12.0,0.6451612903225806,12.0,4.0,0.3076922840236705,single
2013,HOU,0.1553783645872312,13.0,0.6129032258064516,13.0,-8.0,-0.5714285306122479,double
2013,TB,-0.023940155341491,14.0,0.5806451612903225,14.0,10.0,0.6666666222222252,double
2013,NE,-0.0797190144876128,15.0,0.5483870967741935,15.0,-1.0,-0.06249999609375024,double
2013,DET,-0.1017278945597651,16.0,0.5161290322580645,16.0,-7.0,-0.4117646816609011,single
2013,KC,-0.1054729448390257,17.0,0.4838709677419355,17.0,-13.0,-0.7222221820987677,zero
2013,NYJ,-0.1424677983062667,18.0,0.4516129032258065,18.0,1.0,0.05263157617728546,single
2013,TEN,-0.145176026061727,19.0,0.4193548387096774,19.0,-2.0,-0.09999999500000024,double
2013,DEN,-0.1494562689350733,20.0,0.3870967741935484,20.0,-18.0,-0.8571428163265326,double
2013,PHI,-0.2418965845715097,21.0,0.3548387096774194,21.0,4.0,0.18181817355371938,single
2013,IND,-0.2826011255626117,22.0,0.3225806451612903,22.0,-9.0,-0.39130433081285515,double
2013,LA,-0.5391338409454586,23.0,0.2903225806451612,23.0,-2.0,-0.08333332986111125,double
2013,MIN,-0.617389046632955,24.0,0.2580645161290322,24.0,-9.0,-0.35999998560000057,single
2013,CHI,-0.6817707279180888,25.0,0.2258064516129032,25.0,6.0,0.23076922189349144,single
2013,GB,-0.7967185524246132,26.0,0.1935483870967742,26.0,-18.0,-0.6666666419753096,single
2013,LAC,-0.8773255063495424,27.0,0.1612903225806451,27.0,-9.0,-0.32142855994898,double
2013,WAS,-0.9570927523137632,28.0,0.1290322580645161,28.0,2.0,0.06896551486325811,double
2013,ATL,-1.0411325849372923,29.0,0.0967741935483871,29.0,3.0,0.09999999666666677,zero
2013,JAX,-1.0794196357330077,30.0,0.0645161290322581,30.0,-2.0,-0.06451612695109267,zero
2013,LV,-1.0828481296712809,31.0,0.032258064516129,31.0,-2.0,-0.06249999804687507,single
2013,DAL,-1.1594908483788628,32.0,0.0,32.0,-12.0,-11.999988000012001,zero
2014,BUF,1.4864992086703306,1.0,1.0,1.0,15.0,7.499996250001875,double
2014,DEN,1.2555846684497294,2.0,0.967741935483871,2.0,2.0,0.6666664444445185,zero
2014,SEA,1.1702143315132798,3.0,0.935483870967742,3.0,3.0,0.7499998125000469,double
2014,KC,0.8825770586071251,4.0,0.9032258064516128,4.0,-3.0,-0.599999880000024,single
2014,HOU,0.759706741297434,5.0,0.8709677419354839,5.0,-0.0,-0.0,single
2014,SF,0.6878996350769855,6.0,0.8387096774193549,6.0,25.0,3.571428061224563,double
2014,CLE,0.6847372971749638,7.0,0.8064516129032258,7.0,23.0,2.8749996406250453,zero
2014,GB,0.6406487898918152,8.0,0.7741935483870968,8.0,-1.0,-0.11111109876543349,single
2014,DET,0.5892356236597494,9.0,0.7419354838709677,9.0,19.0,1.899999810000019,single
2014,MIA,0.2962452946330559,10.0,0.7096774193548387,10.0,15.0,1.3636362396694328,zero
2014,CIN,0.2710853366169334,11.0,0.6774193548387097,11.0,-8.0,-0.6666666111111158,zero
2014,CAR,0.2326297849594845,12.0,0.6451612903225806,12.0,-10.0,-0.7692307100591762,double
2014,IND,0.2311318256259956,13.0,0.6129032258064516,13.0,8.0,0.5714285306122479,zero
2014,NE,0.1376211393233106,14.0,0.5806451612903225,14.0,-3.0,-0.19999998666666757,zero
2014,MIN,0.0983622153342012,15.0,0.5483870967741935,15.0,-5.0,-0.3124999804687512,zero
2014,BAL,0.0276412127287634,16.0,0.5161290322580645,16.0,2.0,0.11764705190311459,double
2014,TEN,-0.0688749411098529,17.0,0.4838709677419355,17.0,2.0,0.11111110493827195,double
2014,LAC,-0.1544660475444642,18.0,0.4516129032258065,18.0,8.0,0.4210526094182837,single
2014,NYJ,-0.2440391359323857,19.0,0.4193548387096774,19.0,-11.0,-0.5499999725000013,double
2014,DAL,-0.2978359290530741,20.0,0.3870967741935484,20.0,7.0,0.3333333174603182,single
2014,LA,-0.3179141588371424,21.0,0.3548387096774194,21.0,-6.0,-0.27272726033057904,zero
2014,ARI,-0.4533170653842397,22.0,0.3225806451612903,22.0,-10.0,-0.4347825897920613,single
2014,NYG,-0.4591201312431858,23.0,0.2903225806451612,23.0,6.0,0.24999998958333375,single
2014,TB,-0.4990819172636246,24.0,0.2580645161290322,24.0,-4.0,-0.15999999360000025,zero
2014,PHI,-0.5844163834659349,25.0,0.2258064516129032,25.0,-11.0,-0.4230769068047343,single
2014,NO,-0.5963506022364659,26.0,0.1935483870967742,26.0,6.0,0.22222221399176983,double
2014,PIT,-0.7357746873535318,27.0,0.1612903225806451,27.0,-18.0,-0.64285711989796,double
2014,JAX,-0.8521995733032246,28.0,0.1290322580645161,28.0,-5.0,-0.17241378715814526,double
2014,LV,-0.8769687296958619,29.0,0.0967741935483871,29.0,-16.0,-0.5333333155555561,double
2014,WAS,-1.0902855363538229,30.0,0.0645161290322581,30.0,-6.0,-0.19354838085327802,single
2014,CHI,-1.109254626375998,31.0,0.032258064516129,31.0,-9.0,-0.2812499912109378,single
2014,ATL,-1.1119206984103531,32.0,0.0,32.0,-15.0,-14.999985000015002,zero
2015,KC,1.5262251739993695,1.0,1.0,1.0,5.0,2.499998750000625,single
2015,CAR,1.4480126191413836,2.0,0.967741935483871,2.0,15.0,4.999998333333888,single
2015,CIN,1.294822269689411,3.0,0.935483870967742,3.0,2.0,0.49999987500003124,single
2015,DEN,1.2731176793576475,4.0,0.9032258064516128,4.0,-3.0,-0.599999880000024,zero
2015,HOU,0.805535139366495,5.0,0.8709677419354839,5.0,-3.0,-0.49999991666668053,double
2015,SEA,0.7002061323496398,6.0,0.8387096774193549,6.0,14.0,1.999999714285755,single
2015,GB,0.5455209089943708,7.0,0.8064516129032258,7.0,18.0,2.2499997187500353,zero
2015,NYJ,0.4925806699959394,8.0,0.7741935483870968,8.0,18.0,1.9999997777778027,zero
2015,PIT,0.4580615598900652,9.0,0.7419354838709677,9.0,3.0,0.299999970000003,zero
2015,MIN,0.4375260960627534,10.0,0.7096774193548387,10.0,-7.0,-0.636363578512402,double
2015,NE,0.4112364946255095,11.0,0.6774193548387097,11.0,-2.0,-0.16666665277777895,single
2015,ARI,0.3259684391526861,12.0,0.6451612903225806,12.0,-8.0,-0.615384568047341,zero
2015,LV,0.2780024865583062,13.0,0.6129032258064516,13.0,18.0,1.2857141938775576,double
2015,PHI,0.1355063680806348,14.0,0.5806451612903225,14.0,7.0,0.46666663555555765,zero
2015,LA,0.1117495650737254,15.0,0.5483870967741935,15.0,-5.0,-0.3124999804687512,zero
2015,BUF,-0.0030415568355444,16.0,0.5161290322580645,16.0,-0.0,-0.0,zero
2015,ATL,-0.1856076992801604,17.0,0.4838709677419355,17.0,-4.0,-0.2222222098765439,zero
2015,BAL,-0.2179759076388631,18.0,0.4516129032258065,18.0,-10.0,-0.5263157617728547,zero
2015,TEN,-0.2576600833848625,19.0,0.4193548387096774,19.0,-0.0,-0.0,double
2015,TB,-0.2625164176369622,20.0,0.3870967741935484,20.0,4.0,0.19047618140589612,single
2015,IND,-0.4470267310357546,21.0,0.3548387096774194,21.0,6.0,0.27272726033057904,single
2015,CHI,-0.4594961792866803,22.0,0.3225806451612903,22.0,-0.0,-0.0,single
2015,JAX,-0.481126325240034,23.0,0.2903225806451612,23.0,-16.0,-0.66666663888889,single
2015,WAS,-0.5192575242065656,24.0,0.2580645161290322,24.0,-1.0,-0.03999999840000006,double
2015,MIA,-0.5793956071201907,25.0,0.2258064516129032,25.0,-14.0,-0.5384615177514801,double
2015,LAC,-0.7431408798845315,26.0,0.1935483870967742,26.0,-11.0,-0.4074073923182447,double
2015,DAL,-0.7624182373130577,27.0,0.1612903225806451,27.0,-9.0,-0.32142855994898,zero
2015,DET,-0.7942080155439772,28.0,0.1290322580645161,28.0,2.0,0.06896551486325811,zero
2015,NYG,-0.8294697656455361,29.0,0.0967741935483871,29.0,-15.0,-0.4999999833333339,zero
2015,CLE,-0.9168584317966368,30.0,0.0645161290322581,30.0,-1.0,-0.032258063475546335,single
2015,SF,-1.0657193361926818,31.0,0.032258064516129,31.0,1.0,0.031249999023437534,zero
2015,NO,-1.719152904295897,32.0,0.0,32.0,-4.0,-3.9999960000040002,single
2016,DEN,2.071964140207794,1.0,1.0,1.0,18.0,8.99999550000225,zero
2016,HOU,1.1093090710372426,2.0,0.967741935483871,2.0,26.0,8.66666377777874,single
2016,MIN,1.0105146141714565,3.0,0.935483870967742,3.0,-0.0,-0.0,zero
2016,ARI,0.8287296001526747,4.0,0.9032258064516128,4.0,3.0,0.599999880000024,zero
2016,CIN,0.6017146920212358,5.0,0.8709677419354839,5.0,3.0,0.49999991666668053,double
2016,KC,0.4616675419396455,6.0,0.8387096774193549,6.0,14.0,1.999999714285755,zero
2016,JAX,0.4220237477819026,7.0,0.8064516129032258,7.0,-6.0,-0.7499999062500118,zero
2016,BAL,0.4210189724387252,8.0,0.7741935483870968,8.0,-4.0,-0.44444439506173394,double
2016,NE,0.367338657812583,9.0,0.7419354838709677,9.0,13.0,1.299999870000013,single
2016,LA,0.3561446886530998,10.0,0.7096774193548387,10.0,-1.0,-0.09090908264462885,double
2016,MIA,0.3375797383119724,11.0,0.6774193548387097,11.0,15.0,1.249999895833342,double
2016,PIT,0.3201512360164983,12.0,0.6451612903225806,12.0,-0.0,-0.0,single
2016,ATL,0.1437226108278581,13.0,0.6129032258064516,13.0,4.0,0.2857142653061239,zero
2016,NYG,0.1306334113696121,14.0,0.5806451612903225,14.0,11.0,0.7333332844444478,single
2016,LAC,0.0776000660440073,15.0,0.5483870967741935,15.0,-13.0,-0.8124999492187531,zero
2016,BUF,-0.0144489155712463,16.0,0.5161290322580645,16.0,-5.0,-0.2941176297577865,zero
2016,CAR,-0.0168271970438145,17.0,0.4838709677419355,17.0,4.0,0.2222222098765439,single
2016,DAL,-0.0225066332369008,18.0,0.4516129032258065,18.0,-4.0,-0.21052630470914185,double
2016,TEN,-0.0927359093065644,19.0,0.4193548387096774,19.0,-9.0,-0.4499999775000011,single
2016,SEA,-0.0978875896422779,20.0,0.3870967741935484,20.0,-15.0,-0.7142856802721105,zero
2016,PHI,-0.220473622034401,21.0,0.3548387096774194,21.0,-15.0,-0.6818181508264477,single
2016,CHI,-0.343161309712238,22.0,0.3225806451612903,22.0,-9.0,-0.39130433081285515,single
2016,WAS,-0.3719776692967851,23.0,0.2903225806451612,23.0,-8.0,-0.333333319444445,zero
2016,TB,-0.4919249342822056,24.0,0.2580645161290322,24.0,7.0,0.27999998880000043,double
2016,GB,-0.7520190502061628,25.0,0.2258064516129032,25.0,4.0,0.15384614792899431,single
2016,NYJ,-0.7833794902623765,26.0,0.1935483870967742,26.0,-2.0,-0.07407407133058995,zero
2016,IND,-0.7881611807448566,27.0,0.1612903225806451,27.0,5.0,0.17857142219387778,zero
2016,NO,-0.7917472116321634,28.0,0.1290322580645161,28.0,-10.0,-0.3448275743162905,single
2016,CLE,-0.8948473152968875,29.0,0.0967741935483871,29.0,-2.0,-0.06666666444444451,double
2016,DET,-0.9503092900049162,30.0,0.0645161290322581,30.0,-14.0,-0.45161288865764876,single
2016,LV,-0.950774554086175,31.0,0.032258064516129,31.0,-1.0,-0.031249999023437534,double
2016,SF,-1.0769309164263383,32.0,0.0,32.0,-9.0,-8.999991000009,double
2017,JAX,1.41132514720365,1.0,1.0,1.0,3.0,1.499999250000375,double
2017,LAC,1.0857444632631688,2.0,0.967741935483871,2.0,10.0,3.3333322222225923,double
2017,MIN,0.9404767852742248,3.0,0.935483870967742,3.0,2.0,0.49999987500003124,single
2017,BAL,0.9393271521870704,4.0,0.9032258064516128,4.0,-1.0,-0.199999960000008,zero
2017,SEA,0.6686391598129826,5.0,0.8709677419354839,5.0,18.0,2.9999995000000834,zero
2017,PHI,0.5841250607362409,6.0,0.8387096774193549,6.0,20.0,2.85714244897965,zero
2017,ARI,0.5774930864663047,7.0,0.8064516129032258,7.0,-1.0,-0.12499998437500197,zero
2017,CIN,0.5592720052596566,8.0,0.7741935483870968,8.0,22.0,2.4444441728395367,zero
2017,LA,0.5110699153315609,9.0,0.7419354838709677,9.0,12.0,1.199999880000012,zero
2017,TEN,0.4880094753959604,10.0,0.7096774193548387,10.0,-2.0,-0.1818181652892577,single
2017,BUF,0.4214254415502519,11.0,0.6774193548387097,11.0,-9.0,-0.7499999375000053,double
2017,PIT,0.369780284582242,12.0,0.6451612903225806,12.0,-1.0,-0.07692307100591762,zero
2017,CHI,0.3300855932010038,13.0,0.6129032258064516,13.0,-12.0,-0.8571427959183717,single
2017,DAL,0.3110085252500078,14.0,0.5806451612903225,14.0,3.0,0.19999998666666757,zero
2017,WAS,0.2742242844473964,15.0,0.5483870967741935,15.0,-1.0,-0.06249999609375024,zero
2017,DET,0.0690809646697401,16.0,0.5161290322580645,16.0,8.0,0.47058820761245834,double
2017,ATL,0.0607604369790931,17.0,0.4838709677419355,17.0,-1.0,-0.055555552469135974,double
2017,NO,0.0217590453946977,18.0,0.4516129032258065,18.0,9.0,0.47368418559556913,double
2017,DEN,-0.0360995365793003,19.0,0.4193548387096774,19.0,-1.0,-0.04999999750000012,zero
2017,KC,-0.1199364587116039,20.0,0.3870967741935484,20.0,-5.0,-0.23809522675737013,zero
2017,CAR,-0.2193169129195816,21.0,0.3548387096774194,21.0,4.0,0.18181817355371938,zero
2017,NE,-0.2894060392455074,22.0,0.3225806451612903,22.0,-12.0,-0.5217391077504736,double
2017,SF,-0.4104795049738291,23.0,0.2903225806451612,23.0,-3.0,-0.12499999479166687,single
2017,NYJ,-0.6009535498664735,24.0,0.2580645161290322,24.0,-5.0,-0.19999999200000032,zero
2017,NYG,-0.6764603565716527,25.0,0.2258064516129032,25.0,3.0,0.11538461094674572,zero
2017,MIA,-0.7339033636015745,26.0,0.1935483870967742,26.0,3.0,0.11111110699588492,zero
2017,CLE,-0.7812519305851952,27.0,0.1612903225806451,27.0,-20.0,-0.7142856887755111,single
2017,HOU,-1.002584661531582,28.0,0.1290322580645161,28.0,-15.0,-0.5172413614744358,zero
2017,GB,-1.0457233690404426,29.0,0.0967741935483871,29.0,-7.0,-0.2333333255555558,single
2017,LV,-1.060685823247197,30.0,0.0645161290322581,30.0,2.0,0.06451612695109267,zero
2017,TB,-1.277340772847572,31.0,0.032258064516129,31.0,-0.0,-0.0,single
2017,IND,-1.3694645472837368,32.0,0.0,32.0,-23.0,-22.999977000023,zero
2018,CHI,1.8713225004682408,1.0,1.0,1.0,8.0,3.999998000001,double
2018,BUF,1.332194281581068,2.0,0.967741935483871,2.0,2.0,0.6666664444445185,double
2018,BAL,1.2858145438651527,3.0,0.935483870967742,3.0,2.0,0.49999987500003124,double
2018,JAX,0.921771331976096,4.0,0.9032258064516128,4.0,20.0,3.99999920000016,double
2018,MIN,0.9159299736623456,5.0,0.8709677419354839,5.0,3.0,0.49999991666668053,zero
2018,ARI,0.559805311354003,6.0,0.8387096774193549,6.0,26.0,3.714285183673545,double
2018,CLE,0.4527709200104498,7.0,0.8064516129032258,7.0,6.0,0.7499999062500118,single
2018,TEN,0.3222314670502471,8.0,0.7741935483870968,8.0,8.0,0.8888887901234679,double
2018,IND,0.2679485626168641,9.0,0.7419354838709677,9.0,13.0,1.299999870000013,double
2018,NE,0.2630487301449891,10.0,0.7096774193548387,10.0,-9.0,-0.8181817438016598,double
2018,PIT,0.1914633461413764,11.0,0.6774193548387097,11.0,-8.0,-0.6666666111111158,zero
2018,LAC,0.1727006643541249,12.0,0.6451612903225806,12.0,9.0,0.6923076390532585,double
2018,HOU,0.0588845868634327,13.0,0.6129032258064516,13.0,13.0,0.9285713622449028,single
2018,WAS,-0.0413442105107849,14.0,0.5806451612903225,14.0,9.0,0.5999999600000027,double
2018,KC,-0.0502270782527254,15.0,0.5483870967741935,15.0,-8.0,-0.4999999687500019,double
2018,ATL,-0.1033014485205885,16.0,0.5161290322580645,16.0,9.0,0.5294117335640156,double
2018,DAL,-0.1418710381305661,17.0,0.4838709677419355,17.0,-0.0,-0.0,single
2018,DEN,-0.1648156129355666,18.0,0.4516129032258065,18.0,-0.0,-0.0,double
2018,NYJ,-0.2346031651076135,19.0,0.4193548387096774,19.0,-7.0,-0.34999998250000086,single
2018,SF,-0.2742746169688016,20.0,0.3870967741935484,20.0,-18.0,-0.8571428163265326,single
2018,LA,-0.2995510913875993,21.0,0.3548387096774194,21.0,-15.0,-0.6818181508264477,double
2018,GB,-0.3096507015180809,22.0,0.3225806451612903,22.0,-7.0,-0.3043478128544429,single
2018,SEA,-0.3418204099038059,23.0,0.2903225806451612,23.0,-3.0,-0.12499999479166687,zero
2018,DET,-0.3565076381587982,24.0,0.2580645161290322,24.0,4.0,0.15999999360000025,double
2018,CAR,-0.3676521934671588,25.0,0.2258064516129032,25.0,-11.0,-0.4230769068047343,double
2018,PHI,-0.3938109639871976,26.0,0.1935483870967742,26.0,-7.0,-0.2592592496570648,single
2018,NO,-0.4112233818872554,27.0,0.1612903225806451,27.0,-17.0,-0.6071428354591845,single
2018,NYG,-0.5373821348762636,28.0,0.1290322580645161,28.0,-1.0,-0.034482757431629055,double
2018,MIA,-0.8599599267901571,29.0,0.0967741935483871,29.0,-0.0,-0.0,zero
2018,CIN,-0.9005418941800082,30.0,0.0645161290322581,30.0,1.0,0.032258063475546335,single
2018,TB,-1.382213624970188,31.0,0.032258064516129,31.0,-20.0,-0.6249999804687506,single
2018,LV,-1.4451350885352134,32.0,0.0,32.0,-2.0,-1.9999980000020001,zero
2019,NE,1.90484046321486,1.0,1.0,1.0,17.0,8.499995750002125,zero
2019,SF,1.4655011260534432,2.0,0.967741935483871,2.0,6.0,1.9999993333335555,double
2019,PIT,1.1986700826958347,3.0,0.935483870967742,3.0,-1.0,-0.24999993750001562,zero
2019,BUF,1.1559339506863242,4.0,0.9032258064516128,4.0,6.0,1.199999760000048,double
2019,BAL,0.7085003925456903,5.0,0.8709677419354839,5.0,-1.0,-0.16666663888889352,zero
2019,LA,0.6755876858426048,6.0,0.8387096774193549,6.0,-5.0,-0.7142856122449125,single
2019,KC,0.66241600162136,7.0,0.8064516129032258,7.0,6.0,0.7499999062500118,double
2019,MIN,0.5609446470539063,8.0,0.7741935483870968,8.0,20.0,2.2222219753086696,double
2019,CHI,0.3997284321448743,9.0,0.7419354838709677,9.0,7.0,0.699999930000007,double
2019,NO,0.3576983600049007,10.0,0.7096774193548387,10.0,-5.0,-0.4545454132231443,zero
2019,TB,0.2934488263747526,11.0,0.6774193548387097,11.0,-5.0,-0.41666663194444736,single
2019,NYJ,0.2182127525075899,12.0,0.6451612903225806,12.0,14.0,1.0769229940828466,double
2019,CLE,0.161182191635452,13.0,0.6129032258064516,13.0,2.0,0.14285713265306196,double
2019,CAR,0.1449287553727844,14.0,0.5806451612903225,14.0,5.0,0.3333333111111126,double
2019,GB,0.1312808977030267,15.0,0.5483870967741935,15.0,-8.0,-0.4999999687500019,double
2019,TEN,0.1032142392573721,16.0,0.5161290322580645,16.0,4.0,0.23529410380622917,single
2019,DAL,0.0030708775670262,17.0,0.4838709677419355,17.0,4.0,0.2222222098765439,zero
2019,DEN,-0.0185410318526615,18.0,0.4516129032258065,18.0,5.0,0.26315788088642733,single
2019,PHI,-0.0766949736782756,19.0,0.4193548387096774,19.0,5.0,0.2499999875000006,double
2019,SEA,-0.2162829596182968,20.0,0.3870967741935484,20.0,-6.0,-0.28571427210884415,single
2019,LAC,-0.2307347499655638,21.0,0.3548387096774194,21.0,-9.0,-0.4090908904958686,double
2019,IND,-0.2871383134710947,22.0,0.3225806451612903,22.0,-5.0,-0.21739129489603065,zero
2019,WAS,-0.3820467131923821,23.0,0.2903225806451612,23.0,-20.0,-0.8333332986111125,zero
2019,JAX,-0.5490723482660913,24.0,0.2580645161290322,24.0,7.0,0.27999998880000043,zero
2019,ATL,-0.6201556260440424,25.0,0.2258064516129032,25.0,5.0,0.1923076849112429,double
2019,HOU,-0.6666086874987589,26.0,0.1935483870967742,26.0,3.0,0.11111110699588492,single
2019,NYG,-1.0459513021580724,27.0,0.1612903225806451,27.0,-16.0,-0.5714285510204089,zero
2019,DET,-1.098981368491453,28.0,0.1290322580645161,28.0,4.0,0.13793102972651622,double
2019,MIA,-1.1790208858749405,29.0,0.0967741935483871,29.0,-7.0,-0.2333333255555558,double
2019,LV,-1.2308671187708178,30.0,0.0645161290322581,30.0,-5.0,-0.1612903173777317,single
2019,CIN,-1.2613760113603742,31.0,0.032258064516129,31.0,-4.0,-0.12499999609375013,zero
2019,ARI,-1.2816875920389734,32.0,0.0,32.0,-23.0,-22.999977000023,double
2020,LA,1.359901080732888,1.0,1.0,1.0,6.0,2.99999850000075,single
2020,PIT,1.227092063800828,2.0,0.967741935483871,2.0,12.0,3.999998666667111,zero
2020,WAS,1.17652990090749,3.0,0.935483870967742,3.0,24.0,5.999998500000375,single
2020,BAL,1.0243224399692108,4.0,0.9032258064516128,4.0,27.0,5.399998920000216,single
2020,NO,0.863340604763947,5.0,0.8709677419354839,5.0,4.0,0.6666665555555741,double
2020,TB,0.7901968392678393,6.0,0.8387096774193549,6.0,-1.0,-0.1428571224489825,double
2020,GB,0.604332183667965,7.0,0.8064516129032258,7.0,-4.0,-0.4999999375000079,double
2020,SF,0.5819560867639268,8.0,0.7741935483870968,8.0,12.0,1.3333331851852017,single
2020,ARI,0.4979451092558253,9.0,0.7419354838709677,9.0,9.0,0.8999999100000091,double
2020,BUF,0.4712819216219044,10.0,0.7096774193548387,10.0,-9.0,-0.8181817438016598,single
2020,NYG,0.4209293812121822,11.0,0.6774193548387097,11.0,-5.0,-0.41666663194444736,single
2020,LAC,0.3934713198595708,12.0,0.6451612903225806,12.0,10.0,0.7692307100591762,double
2020,KC,0.2211858425925617,13.0,0.6129032258064516,13.0,10.0,0.7142856632653098,zero
2020,SEA,0.1848454054159096,14.0,0.5806451612903225,14.0,11.0,0.7333332844444478,zero
2020,CLE,0.0252830833124703,15.0,0.5483870967741935,15.0,-11.0,-0.6874999570312527,zero
2020,CHI,-0.0474325371621111,16.0,0.5161290322580645,16.0,8.0,0.47058820761245834,single
2020,IND,-0.0732467527632634,17.0,0.4838709677419355,17.0,-7.0,-0.3888888672839518,single
2020,NE,-0.1104746065819295,18.0,0.4516129032258065,18.0,-16.0,-0.8421052188365674,single
2020,CAR,-0.2332984296266575,19.0,0.4193548387096774,19.0,-3.0,-0.14999999250000037,double
2020,TEN,-0.2365920656680093,20.0,0.3870967741935484,20.0,-3.0,-0.14285713605442207,single
2020,DAL,-0.2457611225362994,21.0,0.3548387096774194,21.0,-13.0,-0.590909064049588,double
2020,MIA,-0.253434112634004,22.0,0.3225806451612903,22.0,-7.0,-0.3043478128544429,double
2020,DEN,-0.3231213299393645,23.0,0.2903225806451612,23.0,-12.0,-0.4999999791666675,zero
2020,PHI,-0.4145938731252697,24.0,0.2580645161290322,24.0,-12.0,-0.4799999808000007,zero
2020,LV,-0.4195165647339569,25.0,0.2258064516129032,25.0,-12.0,-0.4615384437869829,zero
2020,NYJ,-0.5855473751964185,26.0,0.1935483870967742,26.0,6.0,0.22222221399176983,double
2020,CIN,-0.7074605675040925,27.0,0.1612903225806451,27.0,-6.0,-0.21428570663265334,double
2020,MIN,-1.0263210985861768,28.0,0.1290322580645161,28.0,-9.0,-0.3103448168846615,double
2020,HOU,-1.065549263064402,29.0,0.0967741935483871,29.0,-1.0,-0.033333332222222255,single
2020,ATL,-1.0786675672604695,30.0,0.0645161290322581,30.0,-4.0,-0.12903225390218534,double
2020,JAX,-1.159609196446673,31.0,0.032258064516129,31.0,-2.0,-0.06249999804687507,zero
2020,DET,-1.861986800315417,32.0,0.0,32.0,-2.0,-1.9999980000020001,zero
2021,BUF,1.9222691571168515,1.0,1.0,1.0,4.0,1.9999990000005,double
2021,NE,1.0418355189677548,2.0,0.967741935483871,2.0,4.0,1.333332888889037,double
2021,GB,0.8808227217716791,3.0,0.935483870967742,3.0,22.0,5.499998625000344,zero
2021,CLE,0.7960742222582862,4.0,0.9032258064516128,4.0,10.0,1.99999960000008,double
2021,TB,0.5783242547629573,5.0,0.8709677419354839,5.0,6.0,0.9999998333333611,zero
2021,NYG,0.5334031841808118,6.0,0.8387096774193549,6.0,10.0,1.428571224489825,single
2021,LA,0.4858483451775189,7.0,0.8064516129032258,7.0,10.0,1.2499998437500197,zero
2021,DAL,0.4417403960180478,8.0,0.7741935483870968,8.0,-4.0,-0.44444439506173394,single
2021,NO,0.4346978884219333,9.0,0.7419354838709677,9.0,-6.0,-0.599999940000006,double
2021,IND,0.3991912762116785,10.0,0.7096774193548387,10.0,12.0,1.0909089917355463,double
2021,DEN,0.304384540525655,11.0,0.6774193548387097,11.0,-4.0,-0.3333333055555579,single
2021,PHI,0.2631430269393974,12.0,0.6451612903225806,12.0,-11.0,-0.8461537810650938,double
2021,LV,0.227449695498359,13.0,0.6129032258064516,13.0,18.0,1.2857141938775576,single
2021,PIT,0.2026701192233971,14.0,0.5806451612903225,14.0,6.0,0.39999997333333515,double
2021,MIA,0.0964238986136891,15.0,0.5483870967741935,15.0,6.0,0.37499997656250145,zero
2021,CAR,0.0952793105430806,16.0,0.5161290322580645,16.0,10.0,0.588235259515573,double
2021,TEN,0.0875146864287777,17.0,0.4838709677419355,17.0,10.0,0.5555555246913597,zero
2021,ARI,0.0641278064841682,18.0,0.4516129032258065,18.0,-3.0,-0.15789472853185638,zero
2021,MIN,0.0448631254532138,19.0,0.4193548387096774,19.0,9.0,0.4499999775000011,single
2021,SF,-0.0768883269454855,20.0,0.3870967741935484,20.0,-12.0,-0.5714285442176883,double
2021,CIN,-0.1578392126102797,21.0,0.3548387096774194,21.0,-2.0,-0.09090908677685969,single
2021,LAC,-0.2002983055370497,22.0,0.3225806451612903,22.0,-9.0,-0.39130433081285515,double
2021,KC,-0.2198599521311877,23.0,0.2903225806451612,23.0,-14.0,-0.5833333090277788,zero
2021,CHI,-0.2660568221709252,24.0,0.2580645161290322,24.0,8.0,0.3199999872000005,zero
2021,SEA,-0.2735507634109841,25.0,0.2258064516129032,25.0,-1.0,-0.03846153698224858,double
2021,ATL,-0.5816677122435446,26.0,0.1935483870967742,26.0,3.0,0.11111110699588492,double
2021,WAS,-0.6573426098647618,27.0,0.1612903225806451,27.0,-17.0,-0.6071428354591845,single
2021,HOU,-0.7904929045129996,28.0,0.1290322580645161,28.0,-5.0,-0.17241378715814526,double
2021,JAX,-1.1477414490280688,29.0,0.0967741935483871,29.0,-11.0,-0.36666665444444485,double
2021,DET,-1.1881760614936925,30.0,0.0645161290322581,30.0,-0.0,-0.0,double
2021,BAL,-1.5323175437798515,31.0,0.032258064516129,31.0,-19.0,-0.5937499814453131,single
2021,NYJ,-1.807831510868428,32.0,0.0,32.0,-30.0,-29.999970000030004,double
2022,PHI,1.5661905736477937,1.0,1.0,1.0,21.0,10.499994750002624,zero
2022,NYJ,1.0273977399772412,2.0,0.967741935483871,2.0,-0.0,-0.0,single
2022,NO,1.023895261743461,3.0,0.935483870967742,3.0,4.0,0.9999997500000625,single
2022,DAL,0.8445305637014139,4.0,0.9032258064516128,4.0,6.0,1.199999760000048,zero
2022,BUF,0.785749110905604,5.0,0.8709677419354839,5.0,1.0,0.16666663888889352,zero
2022,NE,0.6573568494121389,6.0,0.8387096774193549,6.0,5.0,0.7142856122449125,zero
2022,DEN,0.6334287215168557,7.0,0.8064516129032258,7.0,19.0,2.374999703125037,double
2022,SF,0.604895272167498,8.0,0.7741935483870968,8.0,-3.0,-0.33333329629630043,zero
2022,KC,0.5424534932001086,9.0,0.7419354838709677,9.0,-5.0,-0.499999950000005,double
2022,WAS,0.3139867009772905,10.0,0.7096774193548387,10.0,22.0,1.9999998181818348,single
2022,TB,0.2096623960721914,11.0,0.6774193548387097,11.0,16.0,1.3333332222222316,single
2022,BAL,0.1250627132753057,12.0,0.6451612903225806,12.0,-11.0,-0.8461537810650938,zero
2022,LAC,-0.0282130797878054,13.0,0.6129032258064516,13.0,15.0,1.0714284948979647,double
2022,CLE,-0.0525227921304548,14.0,0.5806451612903225,14.0,-11.0,-0.7333332844444478,zero
2022,ARI,-0.1144886999552046,15.0,0.5483870967741935,15.0,14.0,0.8749999453125034,zero
2022,NYG,-0.13762740297942,16.0,0.5161290322580645,16.0,-2.0,-0.11764705190311459,double
2022,LA,-0.1417585120623357,17.0,0.4838709677419355,17.0,2.0,0.11111110493827195,zero
2022,JAX,-0.1504330771209505,18.0,0.4516129032258065,18.0,-5.0,-0.26315788088642733,single
2022,CIN,-0.1520022106914037,19.0,0.4193548387096774,19.0,11.0,0.5499999725000013,zero
2022,PIT,-0.1524067038792722,20.0,0.3870967741935484,20.0,-0.0,-0.0,double
2022,MIA,-0.1528926752224035,21.0,0.3548387096774194,21.0,-4.0,-0.18181817355371938,double
2022,IND,-0.1569468950121086,22.0,0.3225806451612903,22.0,-6.0,-0.2608695538752368,single
2022,HOU,-0.2059378763428565,23.0,0.2903225806451612,23.0,-2.0,-0.08333332986111125,double
2022,SEA,-0.2871065686650415,24.0,0.2580645161290322,24.0,1.0,0.03999999840000006,double
2022,GB,-0.3148254350872007,25.0,0.2258064516129032,25.0,-2.0,-0.07692307396449716,single
2022,CAR,-0.3584358434263391,26.0,0.1935483870967742,26.0,-14.0,-0.5185184993141296,zero
2022,TEN,-0.5909027568188935,27.0,0.1612903225806451,27.0,-3.0,-0.10714285331632667,single
2022,MIN,-0.9055088178495534,28.0,0.1290322580645161,28.0,-10.0,-0.3448275743162905,zero
2022,ATL,-0.9632631581899064,29.0,0.0967741935483871,29.0,-14.0,-0.4666666511111116,single
2022,DET,-1.0047746097191683,30.0,0.0645161290322581,30.0,1.0,0.032258063475546335,zero
2022,LV,-1.193603978050868,31.0,0.032258064516129,31.0,-23.0,-0.7187499775390632,single
2022,CHI,-1.2709583036057053,32.0,0.0,32.0,-23.0,-22.999977000023,zero
2023,BAL,1.5425631640899926,1.0,1.0,1.0,13.0,6.499996750001625,single
2023,NYJ,1.4429877422028974,2.0,0.967741935483871,2.0,9.0,2.9999990000003334,zero
2023,CLE,1.4429197503821092,3.0,0.935483870967742,3.0,28.0,6.999998250000437,single
2023,KC,1.239371589252457,4.0,0.9032258064516128,4.0,14.0,2.799999440000112,double
2023,SF,0.9110008971609124,5.0,0.8709677419354839,5.0,4.0,0.6666665555555741,zero
2023,BUF,0.6907975037101599,6.0,0.8387096774193549,6.0,13.0,1.8571425918367725,single
2023,NO,0.4861054425004373,7.0,0.8064516129032258,7.0,14.0,1.7499997812500274,zero
2023,LV,0.3559521012199987,8.0,0.7741935483870968,8.0,8.0,0.8888887901234679,zero
2023,CHI,0.2685768912518835,9.0,0.7419354838709677,9.0,20.0,1.99999980000002,single
2023,DAL,0.2632129089155247,10.0,0.7096774193548387,10.0,17.0,1.5454544049586905,zero
2023,NE,0.2199686325095279,11.0,0.6774193548387097,11.0,11.0,0.9166665902777842,single
2023,CAR,0.2029857449524977,12.0,0.6451612903225806,12.0,16.0,1.230769136094682,double
2023,JAX,0.1954646335126224,13.0,0.6129032258064516,13.0,19.0,1.3571427602040886,zero
2023,NYG,0.1537093881857677,14.0,0.5806451612903225,14.0,16.0,1.0666665955555603,double
2023,ATL,0.0135939108679788,15.0,0.5483870967741935,15.0,5.0,0.3124999804687512,zero
2023,IND,-0.1978266008932505,16.0,0.5161290322580645,16.0,9.0,0.5294117335640156,zero
2023,MIA,-0.2141734032114465,17.0,0.4838709677419355,17.0,-10.0,-0.5555555246913597,zero
2023,MIN,-0.30479158992352,18.0,0.4516129032258065,18.0,-14.0,-0.7368420664819965,single
2023,LA,-0.315247182743095,19.0,0.4193548387096774,19.0,-2.0,-0.09999999500000024,double
2023,PIT,-0.3420298025701614,20.0,0.3870967741935484,20.0,-8.0,-0.38095236281179223,zero
2023,HOU,-0.3440185664753699,21.0,0.3548387096774194,21.0,-19.0,-0.863636324380167,single
2023,PHI,-0.3563535394128136,22.0,0.3225806451612903,22.0,-21.0,-0.9130434385633287,zero
2023,GB,-0.3697848732496864,23.0,0.2903225806451612,23.0,-15.0,-0.6249999739583344,single
2023,TEN,-0.414758368751436,24.0,0.2580645161290322,24.0,-14.0,-0.5599999776000009,zero
2023,SEA,-0.5043012386604456,25.0,0.2258064516129032,25.0,-20.0,-0.7692307396449716,double
2023,DEN,-0.5849257379762065,26.0,0.1935483870967742,26.0,-23.0,-0.8518518203017844,double
2023,TB,-0.6074532236594868,27.0,0.1612903225806451,27.0,-3.0,-0.10714285331632667,zero
2023,LAC,-0.7837003290138317,28.0,0.1290322580645161,28.0,-22.0,-0.7586206634958391,single
2023,ARI,-0.7915240943100321,29.0,0.0967741935483871,29.0,-6.0,-0.19999999333333354,zero
2023,CIN,-0.9051146315714724,30.0,0.0645161290322581,30.0,-17.0,-0.5483870790842877,single
2023,DET,-1.1577251083805595,31.0,0.032258064516129,31.0,-5.0,-0.15624999511718765,zero
2023,WAS,-1.235482009911954,32.0,0.0,32.0,-17.0,-16.999983000017,single
2024,PHI,1.8016623765222095,1.0,1.0,1.0,,,double
2024,HOU,1.2045629956317716,2.0,0.967741935483871,2.0,,,zero
2024,DEN,0.8093071657210995,3.0,0.935483870967742,3.0,,,double
2024,MIN,0.7094502399633437,4.0,0.9032258064516128,4.0,,,double
2024,SEA,0.5867021602418617,5.0,0.8709677419354839,5.0,,,zero
2024,LAC,0.5642061603969736,6.0,0.8387096774193549,6.0,,,zero
2024,MIA,0.5291400458304579,7.0,0.8064516129032258,7.0,,,single
2024,GB,0.5096347364931207,8.0,0.7741935483870968,8.0,,,single
2024,SF,0.4366104445891768,9.0,0.7419354838709677,9.0,,,double
2024,TEN,0.3238391552552723,10.0,0.7096774193548387,10.0,,,single
2024,NYJ,0.2944184021285146,11.0,0.6774193548387097,11.0,,,single
2024,PIT,0.2326665927169068,12.0,0.6451612903225806,12.0,,,zero
2024,CIN,0.2235676429154009,13.0,0.6129032258064516,13.0,,,single
2024,BAL,0.0643507749454623,14.0,0.5806451612903225,14.0,,,double
2024,WAS,0.0135834308622935,15.0,0.5483870967741935,15.0,,,single
2024,LV,-0.001022850486547,16.0,0.5161290322580645,16.0,,,double
2024,LA,-0.0836386576026812,17.0,0.4838709677419355,17.0,,,zero
2024,KC,-0.0871251607577524,18.0,0.4516129032258065,18.0,,,double
2024,BUF,-0.1036629923857869,19.0,0.4193548387096774,19.0,,,single
2024,ATL,-0.1108107361416874,20.0,0.3870967741935484,20.0,,,zero
2024,NO,-0.1591550763306484,21.0,0.3548387096774194,21.0,,,single
2024,NE,-0.2031768609858987,22.0,0.3225806451612903,22.0,,,zero
2024,ARI,-0.204711634273409,23.0,0.2903225806451612,23.0,,,zero
2024,TB,-0.2632880128921456,24.0,0.2580645161290322,24.0,,,single
2024,IND,-0.4164348191598704,25.0,0.2258064516129032,25.0,,,single
2024,DET,-0.4241974148716752,26.0,0.1935483870967742,26.0,,,zero
2024,DAL,-0.4253411314078625,27.0,0.1612903225806451,27.0,,,zero
2024,CAR,-0.980456582855132,28.0,0.1290322580645161,28.0,,,single
2024,CHI,-0.9806730960158324,29.0,0.0967741935483871,29.0,,,double
2024,NYG,-0.9847127245807226,30.0,0.0645161290322581,30.0,,,single
2024,CLE,-1.0668807162162113,31.0,0.032258064516129,31.0,,,zero
2024,JAX,-1.808413857250024,32.0,0.0,32.0,,,single
