Rnd,Pick,Tm,Player,Pos,Age
1,1,ATL,Michael Vick,QB,21
1,2,ARI,Leonard Davis,T,23
1,3,CLE,Gerard Warren,DT,23
1,4,CIN,Justin Smith,DE,21
1,5,SDG,LaDainian Tomlinson HOF,RB,22
1,6,NWE,Richard Seymour HOF,DE,21
1,7,SFO,Andre Carter,DE,22
1,8,CHI,David Terrell,WR,22
1,9,SEA,Koren Robinson,WR,21
1,10,GNB,Jamal Reynolds,DE,22
1,11,CAR,Dan Morgan,LB,22
1,12,STL,Damione Lewis,DT,23
1,13,JAX,Marcus Stroud,DT,23
1,14,TAM,Kenyatta Walker,T,22
1,15,WAS,Rod Gardner,WR,23
1,16,NYJ,Santana Moss,WR,22
1,17,SEA,Steve Hutchinson HOF,G,23
1,18,DET,Jeff Backus,T,23
1,19,PIT,Casey Hampton,NT,24
1,20,STL,Adam Archuleta,DB,23
1,21,BUF,Nate Clements,DB,21
1,22,NYG,Will Allen,DB,23
1,23,NOR,Deuce McAllister,RB,22
1,24,DEN,Willie Middlebrooks,DB,22
1,25,PHI,Freddie Mitchell,WR,22
1,26,MIA,Jamar Fletcher,DB,22
1,27,MIN,Michael Bennett,RB,23
1,28,OAK,Derrick Gibson,DB,22
1,29,STL,Ryan Pickett,DT,21
1,30,IND,Reggie Wayne,WR,22
1,31,BAL,Todd Heap,TE,21
2,32,SDG,Drew Brees,QB,22
2,33,CLE,Quincy Morgan,WR,23
2,34,ARI,Kyle Vanden Bosch,DE,22
2,35,ATL,Alge Crumpler,TE,23
2,36,CIN,Chad Johnson,WR,23
2,37,IND,Idrees Bashir,DB,22
2,38,CHI,Anthony Thomas,RB,23
2,39,PIT,Kendrell Bell,LB,23
2,40,SEA,Ken Lucas,DB,22
2,41,GNB,Robert Ferguson,WR,21
2,42,STL,Tommy Polley,LB,23
2,43,JAX,Maurice Williams,T,22
2,44,CAR,Kris Jenkins,DT,22
2,45,WAS,Fred Smoot,DB,22
2,46,BUF,Aaron Schobel,DE,24
2,47,SFO,Jamie Winborn,LB,22
2,48,NWE,Matt Light,T,23
2,49,NYJ,LaMont Jordan,RB,22
2,50,DET,Dominic Raiola,C,22
2,51,DEN,Paul Toviessi,DE,
2,52,MIA,Chris Chambers,WR,23
2,53,DAL,Quincy Carter,QB,23
2,54,ARI,Michael Stone,DB,23
2,55,PHI,Quinton Caver,LB,23
2,56,DAL,Tony Dixon,DB,22
2,57,MIN,Willie Howard,DE,23
2,58,BUF,Travis Henry,RB,22
2,59,OAK,Marques Tuiasosopo,QB,22
2,60,TEN,Andre Dyson,DB,22
2,61,DET,Shaun Rogers,DT,22
2,62,BAL,Gary Baxter,DB,22
3,63,PHI,Derrick Burgess,DE,23
3,64,ARI,Adrian Wilson,DB,21
3,65,CLE,James Jackson,RB,25
3,66,CIN,Sean Brewer,TE,23
3,67,SDG,Tay Cody,DB,23
3,68,CHI,Mike Gandy,T,22
3,69,MIN,Eric Kelly,DB,24
3,70,NOR,Sedrick Hodge,LB,22
3,71,GNB,Bhawoh Jue,DB,22
3,72,GNB,Torrance Marshall,LB,24
3,73,JAX,Eric Westmoreland,LB,24
3,74,CAR,Steve Smith Sr.,WR,22
3,75,KAN,Eric Downing,DT,22
3,76,BUF,Ron Edwards,DT,22
3,77,KAN,Snoop Minnis,WR,24
3,78,NYG,Will Peterson,DB,22
3,79,NYJ,Kareem McKenzie,T,22
3,80,SFO,Kevan Barlow,RB,22
3,81,NOR,Kenny Smith,DT,23
3,82,SEA,Heath Evans,FB,22
3,83,STL,Brian Allen,LB,23
3,84,TAM,Dwight Smith,DB,23
3,85,MIA,Travis Minor,RB,22
3,86,NWE,Brock Williams,DB,22
3,87,DEN,Reggie Hayward,DE,22
3,88,MIA,Morlon Greenwood,LB,23
3,89,OAK,DeLawrence Grant,DE,21
3,90,TEN,Shad Meier,TE,23
3,91,IND,Cory Bird,DB,23
3,92,BAL,Casey Rabach,C,23
3,93,DAL,Willie Blade,DT,22
3,94,JAX,James Boyd,DB,23
3,95,BUF,Jonas Jennings,T,23
4,96,NWE,Kenyatta Jones,T,22
4,97,CLE,Anthony Henry,DB,24
4,98,ARI,Bill Gramatica,K,23
4,99,ATL,Roberto Garza,G,22
4,100,CIN,Rudi Johnson,RB,21
4,101,NYJ,Jamie Henderson,DB,22
4,102,ATL,Matt Stewart,LB,22
4,103,CHI,Karon Riley,LB,23
4,104,SEA,Orlando Huff,LB,23
4,105,GNB,Bill Ferrario,G,22
4,106,CAR,Chris Weinke,QB,29
4,107,KAN,Monty Beisel,LB,23
4,108,KAN,George Layne,RB,22
4,109,WAS,Sage Rosenfels,QB,23
4,110,BUF,Brandon Spoon,LB,23
4,111,PIT,Mathias Nkwenti,T,23
4,112,SDG,Carlos Polk,LB,24
4,113,DEN,Ben Hamilton,G,24
4,114,NYG,Cedric Scott,DE,23
4,115,NOR,Moran Norris,FB,23
4,116,STL,Milton Wynn,WR,22
4,117,TAM,John Howell,DB,23
4,118,IND,Ryan Diem,T,22
4,119,NWE,Jabari Holloway,TE,22
4,120,DEN,Nick Harris,P,23
4,121,PHI,Correll Buckhalter,RB,22
4,122,DAL,Markus Steele,LB,22
4,123,ARI,Marcus Bell,DT,22
4,124,TEN,Justin McCareins,WR,22
4,125,NYG,Jesse Palmer,QB,22
4,126,BAL,Ed Hartwell,LB,23
4,127,SEA,Curtis Fuller,DB,23
4,128,SEA,Floyd Womack,T,22
4,129,STL,Brandon Manumaleuna,TE,21
4,130,MIN,Shawn Worthen,DT,25
4,131,MIN,Cedric James,WR,22
5,132,SDG,Elliot Silvers,T,
5,133,ARI,Mario Fatafehi,DT,22
5,134,CLE,Jeremiah Pharms,LB,
5,135,CIN,Victor Leyva,G,23
5,136,ATL,Vinny Sutherland,WR,23
5,137,DAL,Matt Lehr,C,22
5,138,CHI,Bernard Robertson,T,22
5,139,SDG,Zeke Moreno,LB,22
5,140,SEA,Alex Bannister,WR,22
5,141,KAN,Bill Baber,TE,22
5,142,JAX,David Leaverton,P,
5,143,CAR,Jarrod Cooper,DB,23
5,144,BUF,Marques Sullivan,G,23
5,145,STL,Jerametrius Butler,DB,22
5,146,PIT,Chukky Okobi,C,22
5,147,PHI,Tony Stewart,TE,22
5,148,DET,Scotty Anderson,WR,21
5,149,DET,Mike McMahon,QB,22
5,150,KAN,Derrick Blaylock,RB,22
5,151,TAM,Russ Hochstein,C,23
5,152,IND,Raymond Walls,DB,22
5,153,NOR,Onomo Ojo,WR,
5,154,WAS,Darnerien McCants,WR,24
5,155,PHI,A.J. Feeley,QB,24
5,156,MIA,Shawn Draper,T,
5,157,MIN,Patrick Chukwurah,LB,22
5,158,OAK,Ray Perryman,DB,22
5,159,TEN,Eddie Berlin,WR,23
5,160,NYG,John Markham,K,
5,161,BAL,Chris Barnes,RB,
5,162,NYG,Jonathan Carter,WR,22
5,163,NWE,Hakim Akbar,LB,21
6,164,MIA,Brandon Winey,T,23
6,165,CLE,Michael Jameson,DB,22
6,166,ARI,Bobby Newcombe,WR,
6,167,ATL,Randy Garner,DE,
6,168,CIN,Riall Johnson,LB,23
6,169,SFO,Cedrick Wilson,WR,22
6,170,JAX,Chad Ward,G,
6,171,DAL,Daleroy Stewart,DT,22
6,172,SEA,Josh Booty,QB,
6,173,DET,Jason Glenn,LB,22
6,174,TAM,Jameel Cook,FB,22
6,175,CAR,Dee Brown,RB,23
6,176,KAN,Alex Sulfsted,T,23
6,177,MIA,Josh Heupel,QB,
6,178,BUF,Tony Driver,DB,24
6,179,SFO,Rashad Holman,DB,23
6,180,NWE,Arther Love,TE,
6,181,PIT,Rodney Bailey,DE,21
6,182,PIT,Roger Knight,LB,22
6,183,TAM,Ellis Wyms,DE,22
6,184,OAK,Chris Cooper,DT,24
6,185,NOR,Mitch White,T,
6,186,WAS,Mario Monds,DT,24
6,187,MIA,Otis Leverette,DE,23
6,188,MIA,Rick Crowell,LB,
6,189,MIN,Carey Scott,DB,23
6,190,DEN,Kevin Kasper,WR,23
6,191,SFO,Menson Holloway,DE,
6,192,TEN,Dan Alexander,RB,23
6,193,IND,Jason Doering,DB,23
6,194,BAL,Joe Maese,C,22
6,195,BUF,Dan O'Leary,TE,24
6,196,BUF,Jimmy Williams,DB,22
6,197,STL,Francis St. Paul,WR,
6,198,GNB,David Martin,TE,22
6,199,TEN,Adam Haayer,T,24
6,200,NWE,Leonard Myers,DB,22
7,201,SDG,Brandon Gorin,T,23
7,202,ARI,Renaldo Hill,DB,22
7,203,CLE,Paul Zukauskas,G,22
7,204,CIN,T.J. Houshmandzadeh,WR,23
7,205,TAM,Dauntae' Finger,TE,
7,206,NYJ,James Reed,DT,24
7,207,DAL,Colston Weatherington,DE,23
7,208,CHI,John Capel,WR,
7,209,SFO,Alex Lincoln,LB,
7,210,SEA,Harold Blackmon,DB,23
7,211,CAR,Louis Williams,C,22
7,212,KAN,Shaunard Harts,DB,23
7,213,JAX,Anthony Denman,LB,21
7,214,BUF,Reggie Germany,WR,23
7,215,ATL,Corey Hall,DB,22
7,216,NWE,Owen Pochman,K,24
7,217,NYJ,Tupe Peko,G,22
7,218,PIT,Chris Taylor,WR,22
7,219,ATL,Kynan Forney,G,22
7,220,IND,Rick DeMulling,G,24
7,221,NOR,Ennis Davis,DT,
7,222,SEA,Dennis Norman,C,21
7,223,TAM,Than Merrill,DB,23
7,224,SFO,Eric Johnson,TE,21
7,225,MIN,Brian Crawford,T,
7,226,ATL,Ronald Flemons,DE,21
7,227,CAR,Mike Roberg,TE,23
7,228,OAK,Derek Combs,DB,22
7,229,OAK,Ken-Yon Rambo,WR,22
7,230,NYG,Ross Kolodziej,DT,23
7,231,BAL,Dwayne Missouri,DE,22
7,232,TEN,Keith Adams,LB,21
7,233,JAX,Marlon McCree,DB,24
7,234,TAM,Joe Tafoya,DE,23
7,235,JAX,Richmond Flowers III,WR,
7,236,ATL,Quentin McCord,WR,23
7,237,SEA,Kris Kocurek,DT,22
7,238,BUF,Tyrone Robertson,DT,22
7,239,NWE,T.J. Turner,LB,22
7,240,DAL,John Nix,DT,24
7,241,JAX,Randy Chevrier,DT,25
7,242,DAL,Char-ron Dorsey,T,23
7,243,KAN,Terdell Sands,DT,21
7,244,SDG,Robert Carswell,DB,22
7,245,CLE,Andre King,WR,27
7,246,ARI,Tevita Ofahengaue,TE,
