Rnd,Pick,Tm,Player,Pos,Age
1,1,CIN,Carson Palmer,QB,23
1,2,DET,Charles Rogers,WR,22
1,3,HOU,Andre Johnson,WR,22
1,4,NYJ,Dewayne Robertson,DT,21
1,5,DAL,Terence Newman,DB,25
1,6,NOR,Johnathan Sullivan,DT,22
1,7,JAX,Byron Leftwich,QB,23
1,8,CAR,Jordan Gross,T,23
1,9,MIN,Kevin Williams,DT,23
1,10,BAL,Terrell Suggs,LB,20
1,11,SEA,Marcus Trufant,DB,22
1,12,STL,Jimmy Kennedy,DT,23
1,13,NWE,Ty Warren,DE,22
1,14,CHI,Michael Haynes,DE,22
1,15,PHI,Jerome McDougle,DE,24
1,16,PIT,Troy Polamalu HOF,DB,22
1,17,ARI,Bryant Johnson,WR,22
1,18,ARI,Calvin Pace,DE,22
1,19,BAL,Kyle Boller,QB,22
1,20,DEN,George Foster,T,23
1,21,CLE,Jeff Faine,C,22
1,22,CHI,Rex Grossman,QB,23
1,23,BUF,Willis McGahee,RB,21
1,24,IND,Dallas Clark,TE,24
1,25,NYG,William Joseph,DT,24
1,26,SFO,Kwame Harris,T,21
1,27,KAN,Larry Johnson,RB,23
1,28,TEN,Andre Woolfolk,DB,23
1,29,GNB,Nick Barnett,LB,22
1,30,SDG,Sammy Davis,DB,23
1,31,OAK,Nnamdi Asomugha,DB,22
1,32,OAK,Tyler Brayton,DE,23
2,33,CIN,Eric Steinbach,G,23
2,34,DET,Boss Bailey,LB,23
2,35,CHI,Charles Tillman,DB,22
2,36,NWE,Eugene Wilson,DB,23
2,37,NOR,Jon Stinchcomb,T,24
2,38,DAL,Al Johnson,C,24
2,39,JAX,Rashean Mathis,DB,23
2,40,MIN,E.J. Henderson,LB,23
2,41,HOU,Bennie Joppru,TE,23
2,42,SEA,Ken Hamlin,DB,22
2,43,STL,Pisa Tinoisamoa,LB,22
2,44,WAS,Taylor Jacobs,WR,22
2,45,NWE,Bethel Johnson,WR,24
2,46,SDG,Drayton Florence,DB,22
2,47,KAN,Kawika Mitchell,LB,23
2,48,BUF,Chris Kelsay,DE,23
2,49,MIA,Eddie Moore,LB,23
2,50,CAR,Bruce Nelson,G,24
2,51,DEN,Terry Pierce,LB,22
2,52,CLE,Chaun Thompson,LB,23
2,53,NYJ,Victor Hobson,LB,23
2,54,ARI,Anquan Boldin,WR,22
2,55,ATL,Bryan Scott,DB,22
2,56,NYG,Osi Umenyiora,DE,21
2,57,SFO,Anthony Adams,DT,23
2,58,IND,Mike Doss,DB,22
2,59,PIT,Alonzo Jackson,LB,22
2,60,TEN,Tyrone Calico,WR,22
2,61,PHI,L.J. Smith,TE,23
2,62,SDG,Terrence Kiel,DB,22
2,63,OAK,Teyo Johnson,TE,21
2,64,TAM,Dewayne White,DE,23
3,65,CIN,Kelley Washington,WR,24
3,66,DET,Cory Redding,DE,22
3,67,HOU,Antwan Peek,LB,23
3,68,CHI,Lance Briggs,LB,22
3,69,DAL,Jason Witten,TE,21
3,70,ARI,Gerald Hayes,LB,22
3,71,MIN,Nate Burleson,WR,22
3,72,JAX,Vince Manuwai,G,23
3,73,SEA,Wayne Hunter,T,22
3,74,STL,Kevin Curtis,WR,25
3,75,HOU,Seth Wand,T,24
3,76,CAR,Mike Seidman,TE,22
3,77,BAL,Musa Smith,RB,21
3,78,MIA,Wade Smith,T,22
3,79,GNB,Kenny Peterson,DT,24
3,80,SDG,Courtney Van Buren,T,23
3,81,WAS,Derrick Dockery,G,22
3,82,CAR,Ricky Manning,DB,22
3,83,OAK,Sam Williams,DE,23
3,84,CLE,Chris Crocker,DB,23
3,85,NYJ,B.J. Askew,FB,23
3,86,NOR,Cie Grant,LB,23
3,87,MIA,Taylor Whitley,G,23
3,88,HOU,Dave Ragone,QB,23
3,89,SFO,Andrew Williams,DE,24
3,90,IND,Donald Strickland,DB,22
3,91,NYG,Visanthe Shiancoe,TE,23
3,92,KAN,Julian Battle,DB,22
3,93,TEN,Chris Brown,RB,22
3,94,BUF,Angelo Crowell,LB,22
3,95,PHI,Billy McMullen,WR,23
3,96,OAK,Justin Fargas,FB,23
3,97,TAM,Chris Simms,QB,23
4,98,CIN,Dennis Weathersby,DB,23
4,99,DET,Artose Pinner,RB,25
4,100,CHI,Todd Johnson,DB,24
4,101,HOU,Domanick Williams,RB,22
4,102,NOR,Montrae Holland,G,23
4,103,DAL,Bradie James,LB,22
4,104,JAX,George Wrighster,TE,22
4,105,MIN,Onterrio Smith,RB,22
4,106,STL,Shaun McDonald,WR,22
4,107,STL,DeJuan Groce,DB,23
4,108,DEN,Quentin Griffin,RB,22
4,109,BAL,Jarret Johnson,DE,22
4,110,SEA,Seneca Wallace,QB,23
4,111,BUF,Terrence McGee,DB,22
4,112,SDG,Matt Wilhelm,LB,22
4,113,KAN,Brett Williams,T,23
4,114,DEN,Nick Eason,DT,23
4,115,CLE,Lee Suggs,RB,23
4,116,CHI,Ian Scott,DT,21
4,117,NWE,Dan Klecko,DT,22
4,118,CIN,Jeremi Johnson,FB,23
4,119,CAR,Colin Branch,DB,23
4,120,NWE,Asante Samuel,DB,22
4,121,ATL,Justin Griffith,FB,23
4,122,IND,Steve Sciullo,G,23
4,123,NYG,Roderick Babers,DB,22
4,124,SFO,Brandon Lloyd,WR,22
4,125,PIT,Ike Taylor,DB,23
4,126,TEN,Rien Long,DT,22
4,127,BUF,Sam Aiken,WR,22
4,128,DEN,Bryant McNeal,DE,
4,129,OAK,Shurron Pierson,DE,21
4,130,TAM,Lance Nimmo,T,
4,131,PHI,Jamaal Green,DE,23
4,132,JAX,LaBrandon Toefield,RB,22
4,133,TAM,Austin King,C,22
4,134,BAL,Ovie Mughelli,FB,23
4,135,SEA,Solomon Bates,LB,21
5,136,CIN,Khalid Abdullah,LB,24
5,137,DET,Terrence Holt,DB,23
5,138,IND,Robert Mathis,DE,22
5,139,CHI,Bobby Wade,WR,22
5,140,NYJ,Derek Pagel,DB,23
5,141,ARI,Kenny King,DE,22
5,142,CLE,Ryan Pontbriand,C,23
5,143,CHI,Justin Gage,WR,22
5,144,DET,James Davis,LB,24
5,145,CAR,Kindal Moorehead,DT,24
5,146,BAL,Aubrayo Franklin,DT,23
5,147,GNB,James Lee,DT,23
5,148,STL,Dan Curley,FB,25
5,149,SDG,Mike Scifres,P,22
5,150,NYJ,Matt Walters,DE,24
5,151,BUF,Ben Sobieski,T,24
5,152,CLE,Michael Lehan,DB,23
5,153,KAN,Jordan Black,T,23
5,154,TEN,Donnie Nickey,DB,23
5,155,NOR,Melvin Williams,DE,24
5,156,MIA,Donald Lee,TE,23
5,157,DEN,Ben Claxton,G,23
5,158,DEN,Adrian Madise,WR,23
5,159,ATL,Jon Olinger,WR,
5,160,NYG,David Diehl,G,22
5,161,SFO,Aaron Walker,TE,23
5,162,IND,Keyon Whiteside,LB,23
5,163,PIT,Brian St. Pierre,QB,23
5,164,NWE,Dan Koppen,C,23
5,165,SEA,Chris Davis,FB,23
5,166,GNB,Hunter Hillenmeyer,LB,22
5,167,OAK,Doug Gabriel,WR,23
5,168,TAM,Sean Mahan,G,23
5,169,MIA,J.R. Tolver,WR,
5,170,STL,Shane Walton,DB,23
5,171,CHI,Tron LaFavor,DT,23
5,172,STL,Kevin Garrett,DB,23
5,173,BAL,Tony Pashos,T,23
6,174,CIN,Langston Moore,DT,22
6,175,DET,David Kircus,WR,23
6,176,JAX,Brandon Green,DE,23
6,177,ARI,Reggie Wells,G,22
6,178,DAL,B.J. Tucker,DB,22
6,179,JAX,David Young,DB,24
6,180,MIN,Eddie Johnson,P,22
6,181,MIA,Corey Jenkins,LB,27
6,182,BAL,Gerome Sapp,DB,22
6,183,SEA,Rashad Moore,DT,24
6,184,STL,Scott Tercero,G,21
6,185,PHI,Jeremy Bridges,G,23
6,186,DAL,Zuriel Smith,WR,23
6,187,BUF,Lauvale Sape,DT,23
6,188,SDG,Hanik Milligan,DB,23
6,189,KAN,Jimmy Wilkerson,DE,22
6,190,MIN,Mike Nattiel,LB,22
6,191,CHI,Joe Odom,LB,23
6,192,HOU,Drew Henson,QB,23
6,193,JAX,Marques Ogden,T,
6,194,DEN,Aaron Hunt,DE,
6,195,CLE,Antonio Garay,DE,23
6,196,ATL,LaTarence Dunbar,WR,23
6,197,SFO,Arnaz Battle,WR,23
6,198,IND,Cato June,LB,23
6,199,NYG,Willie Ponder,WR,23
6,200,NYJ,Brooks Bollinger,QB,23
6,201,NWE,Kliff Kingsbury,QB,24
6,202,ATL,Waine Bacon,DB,24
6,203,NOR,Kareem Kelly,WR,
6,204,OAK,Dustin Rykert,T,
6,205,TAM,Torrie Cox,DB,22
6,206,CHI,Brock Forsey,RB,23
6,207,NYG,Frank Walker,DB,23
6,208,IND,Makoa Freitas,T,23
6,209,MIA,Tim Provost,T,
6,210,ARI,Tony Gilbert,LB,23
6,211,NYG,David Tyree,WR,23
6,212,GNB,Brennan Curtin,T,
6,213,MIA,Yeremiah Bell,DB,25
6,214,HOU,Keith Wright,DT,
7,215,CIN,Scott Kooistra,T,22
7,216,DET,Ben Johnson,T,
7,217,HOU,Curry Burns,DB,22
7,218,JAX,Malaefou MacKenzie,FB,24
7,219,DAL,Justin Bates,G,
7,220,DET,Blue Adams,DB,23
7,221,MIN,Keenan Howry,WR,22
7,222,SEA,Josh Brown,K,24
7,223,BAL,Trent Smith,TE,23
7,224,SEA,Taco Wallace,WR,22
7,225,TEN,Todd Williams,G,25
7,226,CAR,Walter Young,WR,23
7,227,DEN,Clint Mitchell,DE,
7,228,BUF,Mario Haggan,LB,23
7,229,SDG,Andrew Pinnock,FB,23
7,230,KAN,Montique Sharpe,DT,23
7,231,NOR,Talman Gardner,WR,23
7,232,WAS,Gibran Hamdan,QB,22
7,233,HOU,Chance Pearce,C,
7,234,NWE,Spencer Nead,FB,25
7,235,DEN,Ahmaad Galloway,RB,
7,236,DET,Brandon Drumm,RB,
7,237,NYJ,Dave Yovanovits,G,22
7,238,ATL,Demetrin Veal,DE,22
7,239,NWE,Tully Banta-Cain,LB,23
7,240,NYG,Charles Drake,DB,
7,241,SFO,Ken Dorsey,QB,22
7,242,PIT,J.T. Wall,RB,
7,243,NWE,Ethan Kelley,DT,23
7,244,PHI,Norman LeJeune,DB,23
7,245,GNB,Chris Johnson,DB,23
7,246,OAK,Siddeeq Shabazz,DB,22
7,247,CAR,Casey Moore,RB,
7,248,MIA,Davern Williams,DT,23
7,249,NYG,Wayne Lucier,G,23
7,250,BAL,Mike Mabry,C,
7,251,STL,Scott Shanle,LB,23
7,252,KAN,Willie Pile,DB,23
7,253,GNB,DeAndrew Rubin,WR,
7,254,STL,Richard Angulo,TE,23
7,255,NYG,Kevin Walter,WR,22
7,256,GNB,Carl Ford,WR,22
7,257,GNB,Steve Josue,LB,23
7,258,BAL,Antwoine Sanders,DB,
7,259,CIN,Elton Patterson,DE,22
7,260,DET,Travis Anglin,WR,
7,261,CHI,Bryan Anderson,G,23
7,262,OAK,Ryan Hoag,WR,
