Rnd,Pick,Tm,Player,Pos,Age
1,1,SDG,Eli Manning,QB,23
1,2,OAK,Robert Gallery,T,24
1,3,ARI,Larry Fitzgerald,WR,21
1,4,NYG,Philip Rivers,QB,22
1,5,WAS,Sean Taylor,DB,21
1,6,CLE,Kellen Winslow,TE,21
1,7,DET,Roy Williams,WR,22
1,8,ATL,DeAngelo Hall,DB,20
1,9,JAX,Reggie Williams,WR,21
1,10,HOU,Dunta Robinson,DB,22
1,11,PIT,Ben Roethlisberger,QB,22
1,12,NYJ,Jonathan Vilma,LB,22
1,13,BUF,Lee Evans,WR,23
1,14,CHI,Tommie Harris,DT,21
1,15,TAM,Michael Clayton,WR,21
1,16,PHI,Shawn Andrews,G,21
1,17,DEN,D.J. Williams,LB,22
1,18,NOR,Will Smith,DE,23
1,19,MIA,Vernon Carey,T,23
1,20,MIN,Kenechi Udeze,DE,21
1,21,NWE,Vince Wilfork,NT,22
1,22,BUF,J.P. Losman,QB,23
1,23,SEA,Marcus Tubbs,DT,23
1,24,STL,Steven Jackson,RB,21
1,25,GNB,Ahmad Carroll,DB,21
1,26,CIN,Chris Perry,RB,22
1,27,HOU,Jason Babin,LB,24
1,28,CAR,Chris Gamble,DB,21
1,29,ATL,Michael Jenkins,WR,22
1,30,DET,Kevin Jones,RB,22
1,31,SFO,Rashaun Woods,WR,23
1,32,NWE,Ben Watson,TE,23
2,33,ARI,Karlos Dansby,LB,22
2,34,NYG,Chris Snee,G,22
2,35,SDG,Igor Olshansky,DE,22
2,36,KAN,Junior Siavii,DT,25
2,37,DET,Teddy Lehman,LB,22
2,38,PIT,Ricardo Colclough,DB,20
2,39,JAX,Daryl Smith,LB,22
2,40,TEN,Ben Troupe,TE,22
2,41,DEN,Tatum Bell,RB,23
2,42,TEN,Travis LaBoy,DE,23
2,43,DAL,Julius Jones,RB,23
2,44,IND,Bob Sanders,DB,23
2,45,OAK,Jake Grove,C,24
2,46,SFO,Justin Smiley,G,22
2,47,CHI,Tank Johnson,DT,22
2,48,MIN,Dontarrious Thomas,LB,24
2,49,CIN,Keiwan Ratliff,DB,23
2,50,NOR,Devery Henderson,WR,22
2,51,BAL,Dwan Edwards,DT,23
2,52,DAL,Jacob Rogers,T,23
2,53,SEA,Michael Boulware,DB,22
2,54,DEN,Darius Watts,WR,22
2,55,JAX,Greg Jones,RB,23
2,56,CIN,Madieu Williams,DB,22
2,57,TEN,Antwan Odom,DE,22
2,58,SFO,Shawntae Spencer,DB,22
2,59,CLE,Sean Jones,DB,22
2,60,NOR,Courtney Watson,LB,23
2,61,KAN,Kris Wilson,TE,23
2,62,CAR,Keary Colbert,WR,22
2,63,NWE,Marquise Hill,DE,22
3,64,ARI,Darnell Dockett,DT,23
3,65,SDG,Nate Kaeding,K,22
3,66,SDG,Nick Hardwick,C,23
3,67,OAK,Stuart Schweigert,DB,23
3,68,IND,Ben Hartsock,TE,24
3,69,IND,Gilbert Gardner,LB,22
3,70,GNB,Joey Thomas,DB,24
3,71,TEN,Randy Starks,DT,20
3,72,GNB,Donnell Washington,DT,
3,73,DET,Keith Smith,DB,24
3,74,BUF,Tim Anderson,DT,23
3,75,PIT,Max Starks,T,22
3,76,NYJ,Derrick Strait,DB,24
3,77,SFO,Derrick Hamilton,WR,22
3,78,CHI,Bernard Berrian,WR,23
3,79,TAM,Marquis Cooper,LB,22
3,80,CIN,Caleb Miller,LB,24
3,81,WAS,Chris Cooley,TE,22
3,82,BAL,Devard Darling,WR,22
3,83,DAL,Stephen Peterman,G,22
3,84,SEA,Sean Locklear,T,23
3,85,DEN,Jeremy LeSueur,DB,23
3,86,JAX,Jorge Cordova,LB,22
3,87,GNB,B.J. Sander,P,24
3,88,MIN,Darrion Scott,DE,22
3,89,PHI,Matt Ware,DB,21
3,90,ATL,Matt Schaub,QB,23
3,91,STL,Anthony Hargrove,DE,21
3,92,TEN,Rich Gardner,DB,23
3,93,KAN,Keyaron Fox,LB,22
3,94,CAR,Travelle Wharton,T,23
3,95,NWE,Guss Scott,DB,23
3,96,CIN,Landon Johnson,LB,23
4,97,NYG,Reggie Torbor,LB,23
4,98,SDG,Shaun Phillips,DE,23
4,99,OAK,Carlos Francis,WR,23
4,100,ARI,Alex Stepanovich,C,22
4,101,ATL,Demorrio Williams,LB,24
4,102,MIA,Will Poole,DB,23
4,103,TEN,Bo Schobel,DE,23
4,104,SFO,Isaac Sopoaga,DT,23
4,105,KAN,Samie Parker,WR,23
4,106,CLE,Luke McCown,QB,23
4,107,IND,Kendyll Pope,LB,23
4,108,NYJ,Jerricho Cotchery,WR,22
4,109,BUF,Tim Euhus,TE,23
4,110,CHI,Nathan Vasher,DB,22
4,111,TAM,Will Allen,DB,22
4,112,CHI,Leon Joe,LB,22
4,113,NWE,Dexter Reid,DB,23
4,114,CIN,Matthias Askew,DT,22
4,115,MIN,Nat Dorsey,T,20
4,116,SEA,Niko Koutouvides,LB,23
4,117,CIN,Robert Geathers,DE,21
4,118,JAX,Anthony Maddox,DT,25
4,119,MIN,Mewelde Moore,RB,22
4,120,JAX,Ernest Wilford,WR,25
4,121,DAL,Bruce Thornton,DB,24
4,122,HOU,Glenn Earl,DB,23
4,123,CIN,Stacy Andrews,T,23
4,124,TEN,Michael Waddell,DB,23
4,125,IND,Jason David,DB,22
4,126,KAN,Jared Allen,DE,22
4,127,SFO,Richard Seigler,LB,23
4,128,NWE,Cedric Cobbs,RB,23
4,129,PHI,J.R. Reed,DB,22
4,130,STL,Brandon Chillar,LB,21
4,131,PHI,Trey Darilek,G,23
4,132,NYJ,Adrian Jones,T,23
5,133,SDG,Dave Ball,DE,23
5,134,OAK,Johnnie Morant,WR,22
5,135,ARI,Antonio Smith,DE,22
5,136,NYG,Gibril Wilson,DB,22
5,137,JAX,Josh Scobee,K,22
5,138,TEN,Jacob Bell,G,23
5,139,NOR,Rodney Leisle,DT,23
5,140,DET,Alex Lewis,LB,23
5,141,IND,Jake Scott,G,23
5,142,ATL,Chad Lavalais,DT,25
5,143,NYJ,Erik Coleman,DB,22
5,144,DAL,Sean Ryan,TE,24
5,145,PIT,Nathaniel Adibi,DE,
5,146,TAM,Jeb Terry,G,23
5,147,CHI,Claude Harriott,DE,
5,148,CHI,Craig Krenzel,QB,23
5,149,CIN,Maurice Mann,WR,21
5,150,JAX,Chris Thompson,DB,22
5,151,WAS,Mark Wilson,TE,23
5,152,DEN,Jeff Shoate,DB,23
5,153,BAL,Roderick Green,LB,22
5,154,SDG,Michael Turner,RB,22
5,155,MIN,Rod Davis,LB,23
5,156,NOR,Mike Karney,FB,23
5,157,SEA,D.J. Hackett,WR,23
5,158,STL,Jason Shivers,DB,21
5,159,JAX,Sean Bubin,T,
5,160,MIA,Tony Bua,LB,24
5,161,CLE,Amon Gordon,DT,22
5,162,PHI,Thomas Tapeh,FB,24
5,163,CAR,Drew Carter,WR,23
5,164,NWE,P.K. Sam,WR,20
5,165,TEN,Robert Reynolds,LB,23
6,166,OAK,Shawn Johnson,DE,
6,167,ARI,Nick Leckey,C,22
6,168,NYG,Jamaar Taylor,WR,23
6,169,SDG,Ryan Krause,TE,23
6,170,HOU,Vontez Duff,DB,
6,171,DEN,Triandos Luke,WR,22
6,172,DET,Kelly Butler,T,22
6,173,IND,Von Hutchins,DB,23
6,174,MIA,Rex Hadnot,G,22
6,175,HOU,Jammal Lord,DB,23
6,176,CLE,Kirk Chambers,T,25
6,177,PIT,Bo Lacy,T,
6,178,NYJ,Marko Cavka,T,
6,179,GNB,Corey Williams,DT,24
6,180,WAS,Jim Molinaro,T,23
6,181,TAM,Nate Lawrie,TE,22
6,182,OAK,Cody Spencer,LB,23
6,183,CIN,Greg Brooks,DB,23
6,184,MIN,Deandre Eiland,DB,
6,185,PHI,Andy Hall,QB,23
6,186,ATL,Etric Pruitt,DB,23
6,187,BAL,Josh Harris,QB,
6,188,SFO,Andy Lee,P,22
6,189,SEA,Craig Terrill,DT,24
6,190,DEN,Josh Sewell,C,
6,191,TEN,Troy Fleming,RB,23
6,192,PHI,Dexter Wynn,DB,23
6,193,IND,Jim Sorgi,QB,23
6,194,PIT,Matt Kranchick,TE,24
6,195,KAN,Jeris McIntyre,WR,
6,196,CAR,Sean Tufts,LB,22
6,197,PIT,Drew Caylor,C,
6,198,SFO,Keith Lewis,DB,22
6,199,BAL,Clarence Moore,WR,21
6,200,HOU,Charlie Anderson,LB,22
6,201,STL,Jeff Smoker,QB,
7,202,ARI,John Navarre,QB,23
7,203,NYG,Drew Strojny,T,
7,204,SDG,Ryon Bingham,DT,23
7,205,DAL,Nate Jones,DB,22
7,206,TAM,Mark Jones,WR,23
7,207,BUF,Dylan McFarland,T,24
7,208,CLE,Adimchinobe Echemandu,RB,23
7,209,SDG,Shane Olivea,T,22
7,210,HOU,Raheem Orr,LB,23
7,211,HOU,Sloan Thomas,WR,22
7,212,PIT,Eric Taylor,DT,22
7,213,NYJ,Darrell McClover,LB,23
7,214,BUF,Jonathan Smith,WR,22
7,215,CHI,Alfonso Marshall,DB,23
7,216,DAL,Patrick Crayton,WR,25
7,217,SFO,Cody Pickett,QB,24
7,218,CIN,Casey Bramlet,QB,
7,219,ATL,Quincy Wilson,RB,23
7,220,MIN,Jeff Dugan,TE,23
7,221,MIA,Tony Pape,G,
7,222,MIA,Derrick Pope,LB,22
7,223,DAL,Jacques Reeves,DB,21
7,224,SEA,Donnie Jones,P,24
7,225,DEN,Matt Mauck,QB,25
7,226,SFO,Christian Ferrara,DT,
7,227,PHI,Adrien Clarke,G,23
7,228,TAM,Casey Cramer,RB,22
7,229,IND,David Kimball,K,
7,230,TEN,Jared Clauss,DT,23
7,231,KAN,Kevin Sampson,T,23
7,232,CAR,Michael Gaines,TE,24
7,233,NWE,Christian Morton,DB,23
7,234,NYJ,Trevor Johnson,DE,23
7,235,NYG,Derrick Ward,RB,24
7,236,NYJ,Rashad Washington,DB,24
7,237,STL,Erik Jensen,TE,
7,238,STL,Larry Turner,C,22
7,239,TEN,Eugene Amano,C,22
7,240,NOR,Colby Bockwoldt,LB,23
7,241,TEN,Sean McHugh,FB,22
7,242,PHI,Bruce Perry,RB,23
7,243,PHI,Dominic Furio,C,
7,244,BAL,Derek Abney,WR,
7,245,OAK,Courtney Anderson,TE,23
7,246,BAL,Brian Rimpf,G,23
7,247,DEN,Brandon Miree,RB,23
7,248,HOU,B.J. Symons,QB,
7,249,JAX,Bobby McCray,DE,22
7,250,DEN,Bradlee Van Pelt,QB,24
7,251,GNB,Scott Wells,G,23
7,252,TAM,Lenny Williams,DB,
7,253,NYG,Isaac Hilton,DE,
7,254,SDG,Carlos Joseph,T,
7,255,OAK,Andre Sommersell,LB,
