Rnd,Pick,Tm,Player,Pos,Age
1,1,HOU,Mario Williams,DE,21
1,2,NOR,Reggie Bush,RB,21
1,3,TEN,Vince Young,QB,23
1,4,NYJ,D'Brickashaw Ferguson,T,22
1,5,GNB,A.J. Hawk,LB,22
1,6,SFO,Vernon Davis,TE,22
1,7,OAK,Michael Huff,DB,23
1,8,BUF,Donte Whitner,DB,21
1,9,DET,Ernie Sims,LB,21
1,10,ARI,Matt Leinart,QB,23
1,11,DEN,Jay Cutler,QB,23
1,12,BAL,Haloti Ngata,DT,22
1,13,CLE,Kamerion Wimbley,DE,22
1,14,PHI,Brodrick Bunkley,DT,22
1,15,STL,Tye Hill,DB,24
1,16,MIA,Jason Allen,DB,23
1,17,MIN,Chad Greenway,LB,23
1,18,DAL,Bobby Carpenter,LB,23
1,19,SDG,Antonio Cromartie,DB,22
1,20,KAN,Tamba Hali,DE,22
1,21,NWE,Laurence Maroney,RB,21
1,22,SFO,Manny Lawson,DE,22
1,23,TAM,Davin Joseph,G,22
1,24,CIN,Johnathan Joseph,DB,22
1,25,PIT,Santonio Holmes,WR,22
1,26,BUF,John McCargo,DT,23
1,27,CAR,DeAngelo Williams,RB,23
1,28,JAX,Marcedes Lewis,TE,22
1,29,NYJ,Nick Mangold,C,22
1,30,IND,Joseph Addai,RB,23
1,31,SEA,Kelly Jennings,DB,23
1,32,NYG,Mathias Kiwanuka,DE,23
2,33,HOU,DeMeco Ryans,LB,22
2,34,CLE,D'Qwell Jackson,LB,22
2,35,WAS,Rocky McIntosh,LB,23
2,36,NWE,Chad Jackson,WR,21
2,37,ATL,Jimmy Williams,DB,22
2,38,OAK,Thomas Howard,LB,23
2,39,PHI,Winston Justice,T,21
2,40,DET,Daniel Bullocks,DB,23
2,41,ARI,Deuce Lutui,G,23
2,42,CHI,Danieal Manning,DB,24
2,43,NOR,Roman Harper,DB,23
2,44,NYG,Sinorice Moss,WR,22
2,45,TEN,LenDale White,RB,21
2,46,STL,Joe Klopfenstein,TE,22
2,47,GNB,Daryn Colledge,T,24
2,48,MIN,Cedric Griffin,DB,23
2,49,NYJ,Kellen Clemens,QB,23
2,50,SDG,Marcus McNeill,T,22
2,51,MIN,Ryan Cook,C,23
2,52,GNB,Greg Jennings,WR,22
2,53,DAL,Anthony Fasano,TE,22
2,54,KAN,Bernard Pollard,DB,21
2,55,CIN,Andrew Whitworth,T,24
2,56,BAL,Chris Chester,G,23
2,57,CHI,Devin Hester,DB,23
2,58,CAR,Richard Marshall,DB,21
2,59,TAM,Jeremy Trueblood,T,23
2,60,JAX,Maurice Jones-Drew,RB,21
2,61,DEN,Tony Scheffler,TE,23
2,62,IND,Tim Jennings,DB,22
2,63,SEA,Darryl Tapp,DE,21
2,64,MIN,Tarvaris Jackson,QB,23
3,65,HOU,Charles Spencer,G,24
3,66,HOU,Eric Winston,T,22
3,67,GNB,Abdul Hodge,LB,23
3,68,STL,Claude Wroten,DT,22
3,69,OAK,Paul McQuistan,T,23
3,70,BUF,Ashton Youboty,DB,22
3,71,PHI,Chris Gocong,DE,22
3,72,ARI,Leonard Pope,TE,22
3,73,CHI,Dusty Dvoracek,DT,25
3,74,DET,Brian Calhoun,RB,22
3,75,GNB,Jason Spitz,G,23
3,76,NYJ,Anthony Schlegel,LB,25
3,77,STL,Jon Alston,LB,23
3,78,CLE,Travis Wilson,WR,22
3,79,ATL,Jerious Norwood,RB,23
3,80,JAX,Clint Ingram,LB,23
3,81,SDG,Charlie Whitehurst,QB,24
3,82,MIA,Derek Hagan,WR,21
3,83,PIT,Anthony Smith,DB,22
3,84,SFO,Brandon Williams,WR,22
3,85,KAN,Brodie Croyle,QB,23
3,86,NWE,David Thomas,TE,23
3,87,BAL,David Pittman,DB,22
3,88,CAR,James Anderson,LB,22
3,89,CAR,Rashad Butler,T,23
3,90,TAM,Maurice Stovall,WR,21
3,91,CIN,Frostee Rucker,DE,22
3,92,DAL,Jason Hatcher,DE,24
3,93,STL,Dominique Byrd,TE,22
3,94,IND,Freddy Keiaho,LB,23
3,95,PIT,Willie Reid,WR,23
3,96,NYG,Gerris Wilkinson,LB,23
3,97,NYJ,Eric Smith,DB,23
4,98,HOU,Owen Daniels,TE,23
4,99,PHI,Max Jean-Gilles,G,22
4,100,SFO,Michael Robinson,WR,23
4,101,OAK,Darnell Bing,DB,21
4,102,TEN,Calvin Lowry,DB,23
4,103,NYJ,Brad Smith,QB,22
4,104,GNB,Cory Rodgers,WR,
4,105,BUF,Ko Simpson,DB,22
4,106,NWE,Garrett Mills,FB,22
4,107,ARI,Gabe Watson,DT,22
4,108,NOR,Jahri Evans,T,23
4,109,PHI,Jason Avant,WR,23
4,110,CLE,Leon Williams,LB,23
4,111,BAL,Demetrius Williams,WR,23
4,112,CLE,Isaac Sowells,T,24
4,113,STL,Victor Adeyanju,DE,23
4,114,MIA,Joe Toledo,T,
4,115,GNB,Will Blackmon,DB,21
4,116,TEN,Stephen Tulloch,LB,21
4,117,NYJ,Leon Washington,RB,24
4,118,NWE,Stephen Gostkowski,K,22
4,119,DEN,Brandon Marshall,WR,22
4,120,CHI,Jamar Williams,LB,22
4,121,CAR,Nate Salley,DB,22
4,122,TAM,Alan Zemaitis,DB,
4,123,CIN,Domata Peko,DT,21
4,124,NYG,Barry Cofield,DT,22
4,125,DAL,Skyler Green,WR,21
4,126,DEN,Elvis Dumervil,DE,22
4,127,MIN,Ray Edwards,DE,21
4,128,SEA,Rob Sims,G,22
4,129,NYG,Guy Whimper,DE,23
4,130,DEN,Domenik Hixon,WR,21
4,131,PIT,Willie Colon,G,23
4,132,BAL,P.J. Daniels,RB,23
4,133,PIT,Orien Harris,DT,23
5,134,BUF,Kyle Williams,DT,23
5,135,NOR,Rob Ninkovich,DE,22
5,136,NWE,Ryan O'Callaghan,T,23
5,137,TEN,Terna Nande,LB,23
5,138,DAL,Pat Watkins,DB,23
5,139,ATL,Quinn Ojinnaka,G,22
5,140,SFO,Parys Haralson,DE,22
5,141,DET,Jonathan Scott,T,23
5,142,ARI,Brandon Johnson,LB,23
5,143,BUF,Brad Butler,T,22
5,144,STL,Marques Hagans,WR,23
5,145,CLE,Jerome Harrison,RB,23
5,146,BAL,Dawan Landry,DB,23
5,147,PHI,Jeremy Bloom,DB,
5,148,GNB,Ingle Martin,QB,24
5,149,MIN,Greg Blue,DB,24
5,150,NYJ,Jason Pociask,TE,23
5,151,SDG,Tim Dobbins,LB,23
5,152,CLE,DeMario Minter,DB,
5,153,WAS,Anthony Montgomery,NT,22
5,154,KAN,Marcus Maxey,DB,23
5,155,CAR,Jeff King,TE,23
5,156,TAM,Julian Jenkins,DE,22
5,157,CIN,A.J. Nicholson,LB,23
5,158,NYG,Charlie Peprah,DB,23
5,159,CHI,Mark Anderson,DE,23
5,160,JAX,Brent Hawkins,DE,23
5,161,DEN,Chris Kuper,G,23
5,162,IND,Michael Toudouze,G,23
5,163,SEA,David Kirtman,RB,23
5,164,PIT,Omar Jacobs,QB,
5,165,GNB,Tony Moll,T,23
5,166,BAL,Quinn Sypniewski,TE,24
5,167,PIT,Charles Davis,TE,
5,168,PHI,Omar Gaither,LB,22
5,169,TEN,Jesse Mahelona,DT,23
6,170,HOU,Wali Lundy,RB,22
6,171,NOR,Mike Hass,WR,23
6,172,TEN,Jonathan Orr,WR,
6,173,WAS,Reed Doughty,DB,23
6,174,NOR,Josh Lay,DB,
6,175,SFO,Delanie Walker,WR,22
6,176,OAK,Kevin Boothe,T,23
6,177,ARI,Jonathan Lewis,DT,22
6,178,BUF,Keith Ellison,LB,22
6,179,DET,Dee McCann,DB,
6,180,CLE,Lawrence Vickers,FB,23
6,181,CLE,Babatunde Oshinowo,DT,23
6,182,DAL,Montavious Stanley,DT,24
6,183,GNB,Johnny Jolly,DT,23
6,184,ATL,Adam Jennings,WR,23
6,185,GNB,Tyrone Culver,DB,23
6,186,KAN,Tre Stallings,G,23
6,187,SDG,Jeromey Clary,T,22
6,188,SDG,Kurt Smith,K,
6,189,NYJ,Drew Coleman,DB,23
6,190,KAN,Jeff Webb,WR,24
6,191,NWE,Jeremy Mincey,DE,22
6,192,SFO,Marcus Hudson,DB,23
6,193,CIN,Reggie McNeal,QB,22
6,194,TAM,Bruce Gradkowski,QB,23
6,195,CHI,J.D. Runnels,RB,22
6,196,WAS,Kedric Golston,DT,23
6,197,SFO,Melvin Oliver,DE,23
6,198,DEN,Greg Eslinger,C,
6,199,IND,Charlie Johnson,T,22
6,200,CHI,Tyler Reed,G,
6,201,PIT,Marvin Philip,C,
6,202,TAM,T.J. Williams,TE,
6,203,BAL,Sam Koch,P,24
6,204,PHI,LaJuan Ramsey,DT,22
6,205,NWE,Dan Stevenson,G,
6,206,NWE,Le Kevin Smith,DT,24
6,207,IND,Antoine Bethea,DB,22
6,208,BAL,Derrick Martin,DB,21
7,209,CIN,Ethan Kilmer,WR,23
7,210,NOR,Zach Strief,G,22
7,211,DAL,Pat McQuistan,T,23
7,212,MIA,Fred Evans,DT,22
7,213,JAX,James Wyche,DE,24
7,214,OAK,Chris Morris,C,23
7,215,TEN,Cortland Finnegan,DB,22
7,216,BUF,Terrance Pennington,T,22
7,217,DET,Fred Matua,G,
7,218,ARI,Todd Watkins,WR,23
7,219,BAL,Ryan LaCasse,LB,23
7,220,NYJ,Titus Adams,DT,23
7,221,STL,Tim McGarigle,LB,22
7,222,CLE,Justin Hamilton,RB,23
7,223,ATL,D.J. Shockley,QB,
7,224,DAL,E.J. Whitley,C,
7,225,SDG,Chase Page,DT,23
7,226,MIA,Rodrique Wright,DT,22
7,227,SDG,Jimmy Martin,C,
7,228,KAN,Jarrad Page,DB,21
7,229,NWE,Willie Andrews,DB,22
7,230,WAS,Kili Lefotu,G,
7,231,CIN,Bennie Brazell,WR,
7,232,NYG,Gerrick McPhearson,DB,
7,233,MIA,Devin Aromashodu,WR,22
7,234,CAR,Will Montgomery,G,23
7,235,TAM,Justin Phinisee,DB,
7,236,JAX,Dee Webb,DB,21
7,237,CAR,Stanley McClover,DE,21
7,238,IND,T.J. Rushing,DB,23
7,239,SEA,Ryan Plackemeier,P,22
7,240,PIT,Cedric Humes,RB,
7,241,TAM,Charles Bennett,LB,23
7,242,STL,Mark Setterstrom,G,22
7,243,STL,Tony Palmer,G,23
7,244,TAM,Tim Massaquoi,TE,24
7,245,TEN,Spencer Toone,LB,26
7,246,TEN,Quinton Ganther,RB,22
7,247,DET,Anthony Cannon,LB,21
7,248,BUF,Aaron Merz,G,23
7,249,SEA,Ben Obomanu,WR,22
7,250,WAS,Kevin Simon,LB,
7,251,HOU,David Anderson,WR,23
7,252,NOR,Marques Colston,WR,23
7,253,GNB,Dave Tollefson,DE,24
7,254,SFO,Vickiel Vaughn,DB,
7,255,OAK,Kevin McMahan,WR,
