Rnd,Pick,Tm,Player,Pos,Age
1,1,MIA,Jake Long,T,23
1,2,STL,Chris Long,DE,23
1,3,ATL,Matt Ryan,QB,23
1,4,OAK,Darren McFadden,RB,21
1,5,KAN,Glenn Dorsey,DT,23
1,6,NYJ,Vernon Gholston,DE,22
1,7,NOR,Sedrick Ellis,DT,23
1,8,JAX,Derrick Harvey,DE,21
1,9,CIN,Keith Rivers,LB,22
1,10,NWE,Jerod Mayo,LB,22
1,11,BUF,Leodis McKelvin,DB,23
1,12,DEN,Ryan Clady,T,22
1,13,CAR,Jonathan Stewart,RB,21
1,14,CHI,Chris Williams,T,23
1,15,KAN,Branden Albert,G,23
1,16,ARI,Dominique Rodgers-Cromartie,DB,22
1,17,DET,Gosder Cherilus,T,24
1,18,BAL,Joe Flacco,QB,23
1,19,CAR,Jeff Otah,T,22
1,20,TAM,Aqib Talib,DB,22
1,21,ATL,Sam Baker,T,23
1,22,DAL,Felix Jones,RB,21
1,23,PIT,Rashard Mendenhall,RB,21
1,24,TEN,Chris Johnson,RB,22
1,25,DAL,Mike Jenkins,DB,23
1,26,HOU,Duane Brown,T,23
1,27,SDG,Antoine Cason,DB,22
1,28,SEA,Lawrence Jackson,DE,23
1,29,SFO,Kentwan Balmer,DT,21
1,30,NYJ,Dustin Keller,TE,23
1,31,NYG,Kenny Phillips,DB,21
2,32,MIA,Phillip Merling,DE,23
2,33,STL,Donnie Avery,WR,24
2,34,WAS,Devin Thomas,WR,21
2,35,KAN,Brandon Flowers,DB,22
2,36,GNB,Jordy Nelson,WR,23
2,37,ATL,Curtis Lofton,LB,22
2,38,SEA,John Carlson,TE,24
2,39,SFO,Chilo Rachal,G,22
2,40,NOR,Tracy Porter,DB,22
2,41,BUF,James Hardy,WR,22
2,42,DEN,Eddie Royal,WR,22
2,43,MIN,Tyrell Johnson,DB,23
2,44,CHI,Matt Forte,RB,22
2,45,DET,Jordon Dizon,LB,22
2,46,CIN,Jerome Simpson,WR,22
2,47,PHI,Trevor Laws,DT,23
2,48,WAS,Fred Davis,TE,22
2,49,PHI,DeSean Jackson,WR,21
2,50,ARI,Calais Campbell,DE,22
2,51,WAS,Malcolm Kelly,WR,21
2,52,JAX,Quentin Groves,DE,24
2,53,PIT,Limas Sweed,WR,23
2,54,TEN,Jason Jones,DE,22
2,55,BAL,Ray Rice,RB,21
2,56,GNB,Brian Brohm,QB,22
2,57,MIA,Chad Henne,QB,23
2,58,TAM,Dexter Jackson,WR,22
2,59,IND,Mike Pollak,T,23
2,60,GNB,Pat Lee,DB,24
2,61,DAL,Martellus Bennett,TE,21
2,62,NWE,Terrence Wheatley,DB,23
2,63,NYG,Terrell Thomas,DB,23
3,64,DET,Kevin Smith,RB,21
3,65,STL,John Greco,T,23
3,66,MIA,Kendall Langford,DE,22
3,67,CAR,Charles Godfrey,DB,22
3,68,ATL,Chevis Jackson,DB,22
3,69,SDG,Jacob Hester,FB,23
3,70,CHI,Earl Bennett,WR,21
3,71,BAL,Tavares Gooden,LB,23
3,72,BUF,Chris Ellis,DE,23
3,73,KAN,Jamaal Charles,RB,21
3,74,CAR,Dan Connor,LB,22
3,75,SFO,Reggie Smith,DB,21
3,76,KAN,Brad Cottam,TE,23
3,77,CIN,Pat Sims,DT,22
3,78,NWE,Shawn Crable,LB,23
3,79,HOU,Antwaun Molden,DB,23
3,80,PHI,Bryan Smith,LB,24
3,81,ARI,Early Doucet,WR,22
3,82,KAN,DaJuan Morgan,DB,22
3,83,TAM,Jeremy Zuttah,G,22
3,84,ATL,Harry Douglas,WR,23
3,85,TEN,Craig Stevens,TE,24
3,86,BAL,Tom Zbikowski,DB,23
3,87,DET,Andre Fluellen,DT,23
3,88,PIT,Bruce Davis,LB,23
3,89,HOU,Steve Slaton,RB,22
3,90,CHI,Marcus Harrison,DT,24
3,91,GNB,Jermichael Finley,TE,21
3,92,DET,Cliff Avril,LB,22
3,93,IND,Philip Wheeler,LB,23
3,94,NWE,Kevin O'Connell,QB,23
3,95,NYG,Mario Manningham,WR,22
3,96,WAS,Chad Rinehart,T,23
3,97,CIN,Andre Caldwell,WR,23
3,98,ATL,Thomas DeCoud,DB,23
3,99,BAL,Oniel Cousins,G,24
4,100,OAK,Tyvon Branch,DB,21
4,101,STL,Justin King,DB,21
4,102,GNB,Jeremy Thompson,DE,22
4,103,TEN,William Hayes,DE,23
4,104,CLE,Beau Bell,LB,22
4,105,KAN,Will Franklin,WR,22
4,106,BAL,Marcus Smith,WR,23
4,107,SFO,Cody Wallace,C,23
4,108,DEN,Kory Lichtensteiger,C,23
4,109,PHI,Mike McGlynn,T,23
4,110,MIA,Shawn Murphy,T,25
4,111,CLE,Martin Rucker,TE,23
4,112,CIN,Anthony Collins,T,22
4,113,NYJ,Dwight Lowery,DB,22
4,114,BUF,Reggie Corner,DB,24
4,115,TAM,Dre Moore,DT,23
4,116,ARI,Kenny Iwebema,DE,23
4,117,PHI,Quintin Demps,DB,23
4,118,HOU,Xavier Adibi,LB,23
4,119,DEN,Jack Williams,DB,23
4,120,CHI,Craig Steltz,DB,22
4,121,SEA,Red Bryant,DT,24
4,122,DAL,Tashard Choice,RB,23
4,123,NYG,Bryan Kehl,LB,24
4,124,WAS,Justin Tryon,DB,24
4,125,OAK,Arman Shields,WR,23
4,126,TEN,Lavelle Hawkins,WR,22
4,127,IND,Jacob Tamme,TE,23
4,128,STL,Keenan Burton,WR,23
4,129,NWE,Jonathan Wilhite,DB,24
4,130,PIT,Tony Hills,T,23
4,131,PHI,Jack Ikegwuonu,DB,22
4,132,BUF,Derek Fine,TE,25
4,133,BAL,David Hale,T,25
4,134,TEN,Stanford Keglar,LB,23
4,135,GNB,Josh Sitton,T,22
5,136,DET,Kenny Moore,WR,23
5,137,MIN,John David Booty,QB,
5,138,ATL,Robert James,LB,24
5,139,DEN,Ryan Torain,RB,22
5,140,KAN,Brandon Carr,DB,22
5,141,CAR,Gary Barnidge,TE,22
5,142,CHI,Zackary Bowman,DB,23
5,143,DAL,Orlando Scandrick,DB,21
5,144,NOR,DeMario Pressley,DT,22
5,145,CIN,Jason Shirley,DT,22
5,146,DET,Jerome Felton,FB,22
5,147,BUF,Alvin Bowen,LB,24
5,148,DEN,Carlton Powell,DT,23
5,149,ARI,Tim Hightower,RB,22
5,150,GNB,Breno Giacomini,T,22
5,151,HOU,Frank Okam,DT,22
5,152,MIN,Letroy Guion,DT,21
5,153,NWE,Matthew Slater,WR,22
5,154,ATL,Kroy Biermann,LB,22
5,155,JAX,Thomas Williams,LB,23
5,156,PIT,Dennis Dixon,QB,23
5,157,STL,Roy Schuening,G,24
5,158,CHI,Kellen Davis,TE,22
5,159,JAX,Trae Williams,DB,23
5,160,TAM,Josh Johnson,QB,22
5,161,IND,Marcus Howard,LB,22
5,162,NYJ,Erik Ainge,QB,22
5,163,SEA,Owen Schmitt,FB,23
5,164,NOR,Carl Nicks,T,23
5,165,NYG,Jonathan Goff,LB,22
5,166,SDG,Marcus Thomas,RB,24
6,167,DAL,Erik Walden,DE,23
6,168,WAS,Durant Brooks,P,23
6,169,OAK,Trevor Scott,DE,24
6,170,KAN,Barry Richardson,T,22
6,171,NYJ,Marcus Henry,WR,22
6,172,ATL,Thomas Brown,RB,22
6,173,HOU,Dominique Barber,DB,22
6,174,SFO,Josh Morgan,WR,23
6,175,TAM,Geno Hayes,LB,21
6,176,MIA,Jalen Parmele,RB,22
6,177,CIN,Corey Lynch,DB,23
6,178,NOR,Taylor Mehlhaff,K,23
6,179,BUF,Xavier Omon,RB,23
6,180,WAS,Kareem Moore,DB,24
6,181,CAR,Nick Hayden,DT,22
6,182,KAN,Kevin Robinson,WR,23
6,183,DEN,Spencer Larsen,LB,24
6,184,PHI,Mike Gibson,T,22
6,185,ARI,Chris Harrington,DE,23
6,186,WAS,Colt Brennan,QB,25
6,187,MIN,John Sullivan,C,23
6,188,PIT,Mike Humpal,LB,23
6,189,SEA,Tyler Schmitt,LB,22
6,190,CLE,Ahtyba Rubin,DT,22
6,191,CLE,Paul Hubbard,WR,23
6,192,SDG,DeJuan Tribble,DB,23
6,193,MIN,Jaymar Johnson,WR,24
6,194,PIT,Ryan Mundy,DB,23
6,195,MIA,Donald Thomas,G,22
6,196,IND,Tom Santi,TE,22
6,197,NWE,Bo Ruud,LB,24
6,198,NYG,Andre Woodson,QB,24
6,199,NYG,Robert Henderson,DE,24
6,200,PHI,Joe Mays,LB,23
6,201,IND,Steve Justice,C,24
6,202,IND,Mike Hart,RB,22
6,203,PHI,Andy Studebaker,LB,22
6,204,MIA,Lex Hilliard,RB,24
6,205,IND,Pierre Garcon,WR,22
6,206,BAL,Haruki Nakamura,DB,22
6,207,CIN,Matt Sherry,TE,23
7,208,CHI,Ervin Baldwin,DE,22
7,209,GNB,Matt Flynn,QB,23
7,210,KAN,Brian Johnston,DE,22
7,211,NYJ,Nate Garner,T,23
7,212,ATL,Wilrey Fontenot,DB,23
7,213,JAX,Chauncey Washington,RB,23
7,214,SFO,Larry Grant,LB,23
7,215,BAL,Justin Harper,WR,23
7,216,DET,Landon Cohen,DT,22
7,217,GNB,Brett Swain,WR,23
7,218,DET,Caleb Campbell,DB,23
7,219,BUF,Demetress Bell,T,24
7,220,DEN,Josh Barrett,DB,23
7,221,CAR,Hilee Taylor,LB,22
7,222,CHI,Chester Adams,G,23
7,223,HOU,Alex Brink,QB,23
7,224,BUF,Steve Johnson,WR,21
7,225,ARI,Brandon Keith,T,23
7,226,OAK,Chaz Schilens,WR,22
7,227,DEN,Peyton Hillis,FB,22
7,228,STL,Chris Chamberlain,DB,22
7,229,TEN,Cary Williams,DB,23
7,230,PHI,King Dunlap,T,22
7,231,CLE,Alex Hall,LB,23
7,232,ATL,Keith Zinger,TE,23
7,233,SEA,Justin Forsett,RB,22
7,234,SDG,Corey Clark,T,24
7,235,SEA,Brandon Coutu,K,23
7,236,IND,Jamey Richard,T,23
7,237,NOR,Adrian Arrington,WR,22
7,238,TAM,Cory Boyd,RB,23
7,239,KAN,Mike Merritt,TE,24
7,240,BAL,Allen Patrick,RB,24
7,241,CAR,Geoff Schwartz,T,22
7,242,WAS,Rob Jackson,DE,22
7,243,CHI,Joey LaRocque,LB,22
7,244,CIN,Angelo Craig,LB,
7,245,MIA,Lionel Dotson,DT,23
7,246,CIN,Mario Urrutia,WR,22
7,247,CHI,Kirk Barton,T,23
7,248,CHI,Marcus Monk,WR,22
7,249,WAS,Chris Horton,DB,23
7,250,CAR,Mackenzy Bernadeau,G,22
7,251,BUF,Kennard Cox,DB,23
7,252,STL,David Vobora,LB,22
