Rnd,Pick,Tm,Player,Pos,Age
1,1,DET,Matthew Stafford,QB,21
1,2,STL,Jason Smith,T,23
1,3,KAN,Tyson Jackson,DE,23
1,4,SEA,Aaron Curry,LB,23
1,5,NYJ,Mark Sanchez,QB,22
1,6,CIN,Andre Smith,T,22
1,7,OAK,Darrius Heyward-Bey,WR,22
1,8,JAX,Eugene Monroe,T,22
1,9,GNB,B.J. Raji,DT,23
1,10,SFO,Michael Crabtree,WR,21
1,11,BUF,Aaron Maybin,DE,21
1,12,DEN,Knowshon Moreno,RB,22
1,13,WAS,Brian Orakpo,LB,23
1,14,NOR,Malcolm Jenkins,DB,21
1,15,HOU,Brian Cushing,LB,22
1,16,SDG,Larry English,LB,23
1,17,TAM,Josh Freeman,QB,21
1,18,DEN,Robert Ayers,DE,24
1,19,PHI,Jeremy Maclin,WR,21
1,20,DET,Brandon Pettigrew,TE,24
1,21,CLE,Alex Mack,C,23
1,22,MIN,Percy Harvin,WR,21
1,23,BAL,Michael Oher,T,23
1,24,ATL,Peria Jerry,DT,25
1,25,MIA,Vontae Davis,DB,21
1,26,GNB,Clay Matthews,LB,23
1,27,IND,Donald Brown,RB,22
1,28,BUF,Eric Wood,C,23
1,29,NYG,Hakeem Nicks,WR,21
1,30,TEN,Kenny Britt,WR,20
1,31,ARI,Beanie Wells,RB,21
1,32,PIT,Evander Hood,DE,22
2,33,DET,Louis Delmas,DB,22
2,34,NWE,Patrick Chung,DB,22
2,35,STL,James Laurinaitis,LB,22
2,36,CLE,Brian Robiskie,WR,21
2,37,DEN,Alphonso Smith,DB,23
2,38,CIN,Rey Maualuga,LB,22
2,39,JAX,Eben Britton,T,21
2,40,NWE,Ron Brace,DT,22
2,41,NWE,Darius Butler,DB,23
2,42,BUF,Jairus Byrd,DB,22
2,43,CAR,Everette Brown,DE,22
2,44,MIA,Pat White,QB,23
2,45,NYG,Clint Sintim,LB,23
2,46,HOU,Connor Barwin,DE,22
2,47,OAK,Mike Mitchell,DB,22
2,48,DEN,Darcel McBath,DB,23
2,49,SEA,Max Unger,C,23
2,50,CLE,Mohamed Massaquoi,WR,22
2,51,BUF,Andy Levitre,G,23
2,52,CLE,David Veikune,LB,23
2,53,PHI,LeSean McCoy,RB,21
2,54,MIN,Phil Loadholt,T,23
2,55,ATL,William Moore,DB,24
2,56,IND,Fili Moala,DT,24
2,57,BAL,Paul Kruger,DE,23
2,58,NWE,Sebastian Vollmer,T,25
2,59,CAR,Sherrod Martin,DB,24
2,60,NYG,Will Beatty,T,24
2,61,MIA,Sean Smith,DB,22
2,62,TEN,Sen'Derrick Marks,DT,22
2,63,ARI,Cody Brown,LB,22
2,64,DEN,Richard Quinn,TE,23
3,65,NYJ,Shonn Greene,RB,24
3,66,STL,Bradley Fletcher,DB,23
3,67,KAN,Alex Magee,DE,22
3,68,CHI,Jarron Gilbert,DT,22
3,69,DAL,Jason Williams,LB,23
3,70,CIN,Michael Johnson,DE,22
3,71,OAK,Matt Shaughnessy,DE,22
3,72,JAX,Terrance Knighton,DT,23
3,73,JAX,Derek Cox,DB,22
3,74,SFO,Glen Coffee,RB,22
3,75,DAL,Robert Brewster,T,23
3,76,DET,DeAndre Levy,LB,22
3,77,HOU,Antoine Caldwell,G,23
3,78,SDG,Louis Vasquez,G,22
3,79,PIT,Kraig Urbik,T,23
3,80,WAS,Kevin Barnes,DB,22
3,81,TAM,Roy Miller,DT,22
3,82,DET,Derrick Williams,WR,23
3,83,NWE,Brandon Tate,WR,21
3,84,PIT,Mike Wallace,WR,23
3,85,NYG,Ramses Barden,WR,23
3,86,MIN,Asher Allen,DB,21
3,87,MIA,Patrick Turner,WR,22
3,88,BAL,Lardarius Webb,DB,23
3,89,TEN,Jared Cook,TE,22
3,90,ATL,Chris Owens,DB,22
3,91,SEA,Deon Butler,WR,23
3,92,IND,Jerraud Powers,DB,22
3,93,CAR,Corvey Irvin,DT,24
3,94,TEN,Ryan Mouton,DB,22
3,95,ARI,Rashad Johnson,DB,23
3,96,PIT,Keenan Lewis,DB,23
3,97,NWE,Tyrone McKenzie,LB,23
3,98,CIN,Chase Coffman,TE,22
3,99,CHI,Juaquin Iglesias,WR,22
3,100,NYG,Travis Beckum,TE,22
4,101,DAL,Stephen McGee,QB,23
4,102,KAN,Donald Washington,DB,23
4,103,STL,Darell Scott,DT,23
4,104,CLE,Kaluka Maiava,LB,22
4,105,CHI,Henry Melton,DE,22
4,106,CIN,Jonathan Luigs,C,23
4,107,JAX,Mike Thomas,WR,22
4,108,MIA,Brian Hartline,WR,22
4,109,GNB,T.J. Lang,T,21
4,110,DAL,Victor Butler,LB,22
4,111,CAR,Mike Goodson,RB,22
4,112,HOU,Glover Quin,DB,23
4,113,SDG,Vaughn Martin,DT,23
4,114,DEN,David Bruton,DB,22
4,115,DET,Sammie Lee Hill,DT,22
4,116,NOR,Chip Vaughn,DB,23
4,117,TAM,Kyle Moore,DE,22
4,118,NOR,Stanley Arnoux,LB,22
4,119,CHI,D.J. Moore,DB,22
4,120,DAL,Brandon Williams,DE,21
4,121,BUF,Shawn Nelson,TE,23
4,122,HOU,Anthony Hill,TE,24
4,123,NWE,Rich Ohrnberger,G,23
4,124,OAK,Louis Murphy,WR,22
4,125,ATL,Lawrence Sidbury,DE,23
4,126,OAK,Slade Norris,DE,23
4,127,IND,Austin Collie,WR,23
4,128,CAR,Tony Fiammetta,RB,23
4,129,NYG,Andre Brown,RB,22
4,130,TEN,Gerald McRath,LB,23
4,131,ARI,Greg Toler,DB,24
4,132,DEN,Seth Olsen,G,23
4,133,SDG,Tyronne Green,G,23
4,134,SDG,Gartrell Johnson,RB,23
4,135,TEN,Troy Kropog,T,23
4,136,IND,Terrance Taylor,DT,
5,137,BAL,Jason Phillips,LB,23
5,138,ATL,William Middleton,DB,23
5,139,KAN,Colin Brown,T,24
5,140,CHI,Johnny Knox,WR,22
5,141,DEN,Kenny McKinley,WR,22
5,142,CIN,Kevin Huber,P,24
5,143,DAL,DeAngelo Smith,DB,23
5,144,JAX,Jarett Dillard,WR,23
5,145,GNB,Quinn Johnson,RB,22
5,146,SFO,Scott McKillop,LB,23
5,147,BUF,Nic Harris,LB,22
5,148,SDG,Brandon Hughes,DB,23
5,149,BAL,Davon Drew,TE,23
5,150,MIN,Jasper Brinkley,LB,24
5,151,NYG,Rhett Bomar,QB,24
5,152,HOU,James Casey,TE,24
5,153,PHI,Cornelius Ingram,TE,24
5,154,CHI,Marcus Freeman,LB,
5,155,TAM,Xavier Fulton,T,23
5,156,ATL,Garrett Reynolds,T,22
5,157,PHI,Victor Harris,DB,23
5,158,WAS,Cody Glenn,LB,22
5,159,PHI,Fenuki Tupou,T,24
5,160,STL,Brooks Foster,WR,23
5,161,MIA,John Nalbone,TE,23
5,162,GNB,Jamon Meredith,T,23
5,163,CAR,Duke Robinson,G,22
5,164,NOR,Thomas Morstead,P,23
5,165,MIA,Chris Clemons,DB,23
5,166,DAL,Michael Hamlin,DB,23
5,167,ARI,Herman Johnson,T,24
5,168,PIT,Joe Burnett,DB,22
5,169,PIT,Frank Summers,RB,24
5,170,NWE,George Bussey,T,24
5,171,SFO,Nate Davis,QB,22
5,172,DAL,David Buehler,K,22
5,173,TEN,Javon Ringer,RB,22
6,174,DEN,Tom Brandstater,QB,24
6,175,KAN,Quinten Lawrence,WR,24
6,176,ATL,Spencer Adkins,LB,22
6,177,CLE,Don Carey,DB,22
6,178,SEA,Mike Teel,QB,23
6,179,CIN,Morgan Trent,DB,23
6,180,JAX,Zach Miller,TE,24
6,181,MIA,Andrew Gardner,T,23
6,182,GNB,Jarius Wynn,DE,23
6,183,BUF,Cary Harris,DB,22
6,184,SFO,Bear Pascoe,TE,23
6,185,BAL,Cedric Peerman,RB,22
6,186,WAS,Robert Henson,LB,23
6,187,GNB,Brandon Underwood,DB,23
6,188,HOU,Brice McCain,DB,22
6,189,SDG,Kevin Ellison,LB,22
6,190,CHI,Al Afalava,DB,22
6,191,CLE,Coye Francies,DB,22
6,192,DET,Aaron Brown,RB,23
6,193,NYJ,Matt Slauson,G,23
6,194,PHI,Brandon Gibson,WR,22
6,195,CLE,James Davis,RB,23
6,196,STL,Keith Null,QB,23
6,197,DAL,Stephen Hodge,DB,22
6,198,NWE,Jake Ingram,C,23
6,199,OAK,Stryker Sulak,DE,
6,200,NYG,DeAndre Wright,DB,23
6,201,IND,Curtis Painter,QB,24
6,202,OAK,Brandon Myers,TE,24
6,203,TEN,Jason McCourty,DB,22
6,204,ARI,Will Davis,DE,23
6,205,PIT,Ra'Shon Harris,DT,23
6,206,TEN,Dominique Edison,WR,23
6,207,NWE,Myron Pryor,DT,23
6,208,DAL,John Phillips,TE,22
6,209,CIN,Bernard Scott,RB,25
7,210,ATL,Vance Walker,DT,22
7,211,STL,Chris Ogbonnaya,RB,23
7,212,KAN,Javarris Williams,RB,23
7,213,PHI,Paul Fanaika,G,23
7,214,MIA,J.D. Folsom,LB,25
7,215,CIN,Fui Vakapuna,RB,25
7,216,CAR,Captain Munnerlyn,DB,21
7,217,TAM,E.J. Biggers,DB,22
7,218,GNB,Brad Jones,LB,23
7,219,SFO,Curtis Taylor,DB,24
7,220,BUF,Ellis Lankster,DB,22
7,221,WAS,Eddie Williams,RB,22
7,222,IND,Pat McAfee,K,22
7,223,HOU,Troy Nolan,DB,23
7,224,SDG,Demetrius Byrd,WR,
7,225,DEN,Blake Schlueter,C,23
7,226,PIT,A.Q. Shipley,C,23
7,227,DAL,Mike Mickens,DB,22
7,228,DET,Lydon Murtha,T,23
7,229,DAL,Manuel Johnson,WR,22
7,230,PHI,Moise Fokou,LB,24
7,231,MIN,Jamarca Sanford,DB,24
7,232,NWE,Julian Edelman,WR,23
7,233,TAM,Sammie Stroughter,WR,23
7,234,NWE,Darryl Richard,DT,23
7,235,DET,Zack Follett,LB,22
7,236,IND,Jaimie Thomas,T,23
7,237,KAN,Jake O'Connell,TE,23
7,238,NYG,Stoney Woodson,DB,
7,239,TEN,Ryan Durand,G,23
7,240,ARI,LaRod Stephens-Howling,RB,22
7,241,PIT,David Johnson,TE,22
7,242,TEN,Nick Schommer,DB,23
7,243,WAS,Marko Mitchell,WR,24
7,244,SFO,Ricky Jean-Francois,DT,22
7,245,SEA,Courtney Greene,DB,22
7,246,CHI,Lance Louis,G,24
7,247,SEA,Nick Reed,DE,22
7,248,SEA,Cameron Morrah,TE,22
7,249,CIN,Clinton McDonald,DT,22
7,250,JAX,Rashad Jennings,RB,24
7,251,CHI,Derek Kinder,WR,
7,252,CIN,Freddie Brown,WR,
7,253,JAX,Tiquan Underwood,WR,22
7,254,ARI,Trevor Canfield,G,23
7,255,DET,Dan Gronkowski,TE,24
7,256,KAN,Ryan Succop,K,22
