Rnd,Pick,Tm,Player,Pos,Age
1,1,IND,Andrew Luck,QB,22
1,2,WAS,Robert Griffin III,QB,22
1,3,CLE,Trent Richardson,RB,22
1,4,MIN,Matt Kalil,T,23
1,5,JAX,Justin Blackmon,WR,22
1,6,DAL,Morris Claiborne,DB,22
1,7,TAM,Mark Barron,DB,22
1,8,MIA,Ryan Tannehill,QB,24
1,9,CAR,Luke Kuechly,LB,21
1,10,BUF,Stephon Gilmore,DB,21
1,11,KAN,Dontari Poe,DT,22
1,12,PHI,Fletcher Cox,DT,21
1,13,ARI,Michael Floyd,WR,22
1,14,STL,Michael Brockers,DT,21
1,15,SEA,Bruce Irvin,DE,24
1,16,NYJ,Quinton Coples,DE,22
1,17,CIN,Dre Kirkpatrick,DB,22
1,18,SDG,Melvin Ingram,DE,23
1,19,CHI,Shea McClellin,DE,23
1,20,TEN,Kendall Wright,WR,22
1,21,NWE,Chandler Jones,DE,22
1,22,CLE,Brandon Weeden,QB,28
1,23,DET,Riley Reiff,T,23
1,24,PIT,David DeCastro,G,22
1,25,NWE,Dont'a Hightower,LB,22
1,26,HOU,Whitney Mercilus,DE,22
1,27,CIN,Kevin Zeitler,G,22
1,28,GNB,Nick Perry,DE,22
1,29,MIN,Harrison Smith,DB,23
1,30,SFO,A.J. Jenkins,WR,22
1,31,TAM,Doug Martin,RB,23
1,32,NYG,David Wilson,RB,21
2,33,STL,Brian Quick,WR,23
2,34,IND,Coby Fleener,TE,23
2,35,BAL,Courtney Upshaw,LB,22
2,36,DEN,Derek Wolfe,DT,22
2,37,CLE,Mitchell Schwartz,T,23
2,38,JAX,Andre Branch,LB,23
2,39,STL,Jackrabbit Jenkins,DB,23
2,40,CAR,Amini Silatolu,G,23
2,41,BUF,Cordy Glenn,G,22
2,42,MIA,Jonathan Martin,T,22
2,43,NYJ,Stephen Hill,WR,21
2,44,KAN,Jeff Allen,T,22
2,45,CHI,Alshon Jeffery,WR,22
2,46,PHI,Mychal Kendricks,LB,21
2,47,SEA,Bobby Wagner,LB,22
2,48,NWE,Tavon Wilson,DB,22
2,49,SDG,Kendall Reyes,DT,22
2,50,STL,Isaiah Pead,RB,22
2,51,GNB,Jerel Worthy,DT,22
2,52,TEN,Zach Brown,LB,22
2,53,CIN,Devon Still,DT,23
2,54,DET,Ryan Broyles,WR,24
2,55,ATL,Peter Konz,C,23
2,56,PIT,Mike Adams,T,22
2,57,DEN,Brock Osweiler,QB,21
2,58,TAM,Lavonte David,LB,22
2,59,PHI,Vinny Curry,DE,24
2,60,BAL,Kelechi Osemele,T,23
2,61,SFO,LaMichael James,RB,22
2,62,GNB,Casey Hayward,DB,22
2,63,NYG,Rueben Randle,WR,21
3,64,IND,Dwayne Allen,TE,22
3,65,STL,Trumaine Johnson,DB,22
3,66,MIN,Josh Robinson,DB,21
3,67,DEN,Ronnie Hillman,RB,20
3,68,HOU,DeVier Posey,WR,22
3,69,BUF,T.J. Graham,WR,23
3,70,JAX,Bryan Anger,P,23
3,71,WAS,Josh LeRibeus,G,23
3,72,MIA,Olivier Vernon,LB,21
3,73,SDG,Brandon Taylor,DB,22
3,74,KAN,Donald Stephenson,T,23
3,75,SEA,Russell Wilson,QB,23
3,76,HOU,Brandon Brooks,G,23
3,77,NYJ,Demario Davis,LB,23
3,78,MIA,Michael Egnew,TE,22
3,79,CHI,Brandon Hardin,DB,22
3,80,ARI,Jamell Fleming,DB,23
3,81,DAL,Tyrone Crawford,DE,22
3,82,TEN,Mike Martin,DT,22
3,83,CIN,Mohamed Sanu,WR,23
3,84,BAL,Bernard Pierce,RB,21
3,85,DET,Bill Bentley,DB,23
3,86,PIT,Sean Spence,LB,22
3,87,CLE,John Hughes,DT,24
3,88,PHI,Nick Foles,QB,23
3,89,NOR,Akiem Hicks,DE,22
3,90,NWE,Jake Bequette,DE,23
3,91,ATL,Lamar Holmes,T,23
3,92,IND,T.Y. Hilton,WR,22
3,93,CIN,Brandon Thompson,DT,22
3,94,NYG,Jayron Hosley,DB,21
3,95,OAK,Tony Bergstrom,T,26
4,96,STL,Chris Givens,WR,22
4,97,MIA,Lamar Miller,RB,21
4,98,BAL,Gino Gradkowski,G,23
4,99,HOU,Ben Jones,C,23
4,100,CLE,Travis Benjamin,WR,22
4,101,DEN,Omar Bolden,DB,23
4,102,WAS,Kirk Cousins,QB,24
4,103,CAR,Frank Alexander,DE,22
4,104,CAR,Joe Adams,WR,22
4,105,BUF,Nigel Bradham,LB,23
4,106,SEA,Robert Turbin,RB,22
4,107,KAN,Devon Wylie,WR,24
4,108,DEN,Philip Blake,OL,26
4,109,PIT,Alameda Ta'amu,DT,22
4,110,SDG,Ladarius Green,TE,22
4,111,CHI,Evan Rodriguez,TE,23
4,112,ARI,Bobby Massie,T,23
4,113,DAL,Kyle Wilber,LB,23
4,114,SEA,Jaye Howard,DT,23
4,115,TEN,Coty Sensabaugh,DB,23
4,116,CIN,Orson Charles,TE,21
4,117,SFO,Joe Looney,G,22
4,118,MIN,Jarius Wright,WR,22
4,119,WAS,Keenan Robinson,LB,23
4,120,CLE,James-Michael Johnson,LB,23
4,121,HOU,Keshawn Martin,WR,22
4,122,NOR,Nick Toon,WR,23
4,123,PHI,Brandon Boykin,DB,22
4,124,BUF,Ron Brooks,DB,23
4,125,DET,Ronnell Lewis,LB,21
4,126,HOU,Jared Crick,DE,23
4,127,NYG,Adrien Robinson,TE,23
4,128,MIN,Rhett Ellison,RB,23
4,129,OAK,Miles Burris,LB,24
4,130,BAL,Christian Thompson,DB,22
4,131,NYG,Brandon Mosley,T,23
4,132,GNB,Mike Daniels,DT,23
4,133,GNB,Jerron McMillian,DB,23
4,134,MIN,Greg Childs,WR,22
4,135,DAL,Matt Johnson,DB,23
5,136,IND,Josh Chapman,NT,23
5,137,DEN,Malik Jackson,DT,22
5,138,DET,Tahir Whitehead,LB,22
5,139,MIN,Robert Blanton,DB,23
5,140,TAM,Najee Goode,LB,23
5,141,WAS,Adam Gettis,G,23
5,142,JAX,Brandon Marshall,LB,22
5,143,CAR,Josh Norman,DB,24
5,144,BUF,Zebrie Sanders,OL,22
5,145,TEN,Taylor Thompson,TE,22
5,146,KAN,DeQuan Menzie,DB,22
5,147,BUF,Tank Carder,LB,23
5,148,DET,Chris Greenwood,DB,23
5,149,SDG,Johnnie Troutman,G,24
5,150,STL,Rokevious Watkins,G,23
5,151,ARI,Senio Kelemete,G,22
5,152,DAL,Danny Coale,WR,24
5,153,PHI,Dennis Kelly,T,22
5,154,SEA,Korey Toomer,LB,23
5,155,MIA,Josh Kaddu,LB,22
5,156,CIN,Shaun Prater,DB,22
5,157,ATL,Bradie Ewing,RB,22
5,158,OAK,Jack Crawford,DE,24
5,159,PIT,Chris Rainey,RB,24
5,160,CLE,Ryan Miller,G,23
5,161,HOU,Randy Bullock,K,22
5,162,NOR,Corey White,DB,22
5,163,GNB,Terrell Manning,LB,22
5,164,ATL,Jonathan Massaquoi,DE,24
5,165,SFO,Darius Fleming,LB,23
5,166,CIN,Marvin Jones,WR,22
5,167,CIN,George Iloka,DB,22
5,168,OAK,Juron Criner,WR,22
5,169,BAL,Asa Jackson,DB,22
5,170,IND,Vick Ballard,RB,22
6,171,STL,Greg Zuerlein,K,24
6,172,SEA,Jeremy Lane,DB,22
6,173,WAS,Alfred Morris,RB,23
6,174,TAM,Keith Tandy,DB,23
6,175,MIN,Blair Walsh,K,22
6,176,JAX,Mike Harris,DB,23
6,177,ARI,Justin Bethel,DB,22
6,178,BUF,Mark Asper,G,26
6,179,NOR,Andrew Tiller,G,23
6,180,SFO,Trent Robinson,DB,22
6,181,SEA,Winston Guy,DB,22
6,182,KAN,Cyrus Gray,RB,22
6,183,MIA,B.J. Cunningham,WR,23
6,184,CHI,Isaiah Frey,DB,22
6,185,ARI,Ryan Lindley,QB,23
6,186,DAL,James Hanna,TE,23
6,187,NYJ,Josh Bush,DB,23
6,188,DEN,Danny Trevathan,LB,22
6,189,OAK,Christo Bilukidi,DE,22
6,190,TEN,Markelle Martin,DB,22
6,191,CIN,Dan Herron,RB,23
6,192,ATL,Charles Mitchell,DB,22
6,193,WAS,Tom Compton,T,23
6,194,PHI,Marvin McNutt,WR,23
6,195,HOU,Nick Mondek,OL,23
6,196,DET,Jonte Green,DB,23
6,197,NWE,Nate Ebner,DB,23
6,198,BAL,Tommy Streeter,WR,22
6,199,SFO,Jason Slowey,OL,23
6,200,PHI,Brandon Washington,G,24
6,201,NYG,Matt McCants,T,23
6,202,NYJ,Terrance Ganaway,RB,23
6,203,NYJ,Robert Griffin,OL,22
6,204,CLE,Emmanuel Acho,LB,21
6,205,CLE,Billy Winn,DT,23
6,206,IND,LaVon Brazill,WR,23
6,207,CAR,Brad Nortman,P,22
7,208,IND,Justin Anderson,OL,24
7,209,STL,Aaron Brown,LB,
7,210,MIN,Audie Cole,LB,23
7,211,TEN,Scott Solomon,DE,23
7,212,TAM,Michael Smith,RB,24
7,213,WAS,Richard Crawford,DB,22
7,214,IND,Tim Fugger,DE,23
7,215,MIA,Kheeston Randall,DT,23
7,216,CAR,D.J. Campbell,DB,23
7,217,WAS,Jordan Bernstine,DB,23
7,218,KAN,Jerome Long,DT,22
7,219,MIN,Trevor Guyton,DE,
7,220,CHI,Greg McCoy,DB,23
7,221,ARI,Nate Potter,T,24
7,222,DAL,Caleb McSurdy,LB,22
7,223,DET,Travis Lewis,LB,24
7,224,NWE,Alfonzo Dennard,DB,22
7,225,SEA,J.R. Sweezy,DT,23
7,226,SDG,David Molk,C,23
7,227,MIA,Rishard Matthews,WR,22
7,228,JAX,Jeris Pendleton,DT,28
7,229,PHI,Bryce Brown,RB,21
7,230,OAK,Nathan Stupar,LB,24
7,231,PIT,Toney Clemons,WR,23
7,232,SEA,Greg Scruggs,DE,22
7,233,TAM,Drake Dunsmore,TE,23
7,234,NOR,Marcel Jones,OL,24
7,235,NWE,Jeremy Ebert,WR,23
7,236,BAL,DeAngelo Tyson,DT,23
7,237,SFO,Cam Johnson,DE,22
7,238,KAN,Junior Hemingway,WR,23
7,239,NYG,Markus Kuhn,DT,26
7,240,PIT,David Paulson,TE,23
7,241,GNB,Andrew Datko,OL,22
7,242,NYJ,Antonio Allen,DB,23
7,243,GNB,B.J. Coleman,QB,23
7,244,NYJ,Jordan White,WR,24
7,245,CLE,Trevin Wade,DB,23
7,246,PIT,Terrence Frederick,DB,22
7,247,CLE,Brad Smelley,TE,23
7,248,PIT,Kelvin Beachum,T,23
7,249,ATL,Travian Robertson,DT,23
7,250,SDG,Edwin Baker,RB,21
7,251,BUF,John Potter,K,22
7,252,STL,Daryl Richardson,RB,22
7,253,IND,Chandler Harnish,QB,24
