Rnd,Pick,Tm,Player,Pos,Age
1,1,KAN,Eric Fisher,T,22
1,2,JAX,Luke Joeckel,T,21
1,3,MIA,Dion Jordan,DE,23
1,4,PHI,Lane Johnson,T,23
1,5,DET,Ezekiel Ansah,DE,24
1,6,CLE,Barkevious Mingo,LB,22
1,7,ARI,Jonathan Cooper,G,23
1,8,STL,Tavon Austin,WR,23
1,9,NYJ,Dee Milliner,DB,21
1,10,TEN,Chance Warmack,G,21
1,11,SDG,D.J. Fluker,T,22
1,12,OAK,D.J. Hayden,DB,23
1,13,NYJ,Sheldon Richardson,DT,22
1,14,CAR,Star Lotulelei,DT,23
1,15,NOR,Kenny Vaccaro,DB,22
1,16,BUF,EJ Manuel,QB,23
1,17,PIT,Jarvis Jones,LB,23
1,18,SFO,Eric Reid,DB,21
1,19,NYG,Justin Pugh,T,23
1,20,CHI,Kyle Long,G,24
1,21,CIN,Tyler Eifert,TE,22
1,22,ATL,Desmond Trufant,DB,22
1,23,MIN,Sharrif Floyd,DT,21
1,24,IND,Bjoern Werner,DE,23
1,25,MIN,Xavier Rhodes,DB,23
1,26,GNB,Datone Jones,DE,23
1,27,HOU,DeAndre Hopkins,WR,21
1,28,DEN,Sylvester Williams,DT,24
1,29,MIN,Cordarrelle Patterson,WR,22
1,30,STL,Alec Ogletree,LB,21
1,31,DAL,Travis Frederick,C,22
1,32,BAL,Matt Elam,DB,22
2,33,JAX,Johnathan Cyprien,DB,23
2,34,TEN,Justin Hunter,WR,22
2,35,PHI,Zach Ertz,TE,22
2,36,DET,Darius Slay,DB,22
2,37,CIN,Giovani Bernard,RB,21
2,38,SDG,Manti Te'o,LB,22
2,39,NYJ,Geno Smith,QB,22
2,40,SFO,Tank Carradine,DE,23
2,41,BUF,Robert Woods,WR,21
2,42,OAK,Menelik Watson,T,24
2,43,TAM,Johnthan Banks,DB,23
2,44,CAR,Kawann Short,DT,24
2,45,ARI,Kevin Minter,LB,22
2,46,BUF,Kiko Alonso,LB,23
2,47,DAL,Gavin Escobar,TE,22
2,48,PIT,Le'Veon Bell,RB,21
2,49,NYG,Johnathan Hankins,DT,21
2,50,CHI,Jonathan Bostic,LB,22
2,51,WAS,David Amerson,DB,21
2,52,NWE,Jamie Collins,LB,23
2,53,CIN,Margus Hunt,DE,26
2,54,MIA,Jamar Taylor,DB,22
2,55,SFO,Vance McDonald,TE,23
2,56,BAL,Arthur Brown,LB,20
2,57,HOU,D.J. Swearinger,DB,22
2,58,DEN,Montee Ball,RB,22
2,59,NWE,Aaron Dobson,WR,22
2,60,ATL,Robert Alford,DB,24
2,61,GNB,Eddie Lacy,RB,23
2,62,SEA,Christine Michael,RB,22
3,63,KAN,Travis Kelce,TE,23
3,64,JAX,Dwayne Gratz,DB,23
3,65,DET,Larry Warford,G,22
3,66,OAK,Sio Moore,LB,23
3,67,PHI,Bennie Logan,DT,23
3,68,CLE,Leon McFadden,DB,22
3,69,ARI,Tyrann Mathieu,DB,21
3,70,TEN,Blidi Wreh-Wilson,DB,23
3,71,STL,T.J. McDonald,DB,22
3,72,NYJ,Brian Winters,G,22
3,73,TAM,Mike Glennon,QB,23
3,74,DAL,Terrance Williams,WR,23
3,75,NOR,Terron Armstead,T,22
3,76,SDG,Keenan Allen,WR,21
3,77,MIA,Dallas Thomas,T,23
3,78,BUF,Marquise Goodwin,WR,22
3,79,PIT,Markus Wheaton,WR,22
3,80,DAL,J.J. Wilcox,DB,22
3,81,NYG,Damontre Moore,DE,20
3,82,NOR,John Jenkins,DT,24
3,83,NWE,Logan Ryan,DB,22
3,84,CIN,Shawn Williams,DB,22
3,85,WAS,Jordan Reed,TE,23
3,86,IND,Hugh Thornton,G,22
3,87,SEA,Jordan Hill,DT,22
3,88,SFO,Corey Lemonier,DE,21
3,89,HOU,Brennan Williams,OL,22
3,90,DEN,Kayvon Webster,DB,22
3,91,NWE,Duron Harmon,DB,22
3,92,STL,Stedman Bailey,WR,22
3,93,MIA,Will Davis,DB,23
3,94,BAL,Brandon Williams,DT,24
3,95,HOU,Sam Montgomery,DE,23
3,96,KAN,Knile Davis,RB,21
3,97,TEN,Zaviar Gooden,LB,23
4,98,PHI,Matt Barkley,QB,22
4,99,KAN,Nico Johnson,LB,23
4,100,TAM,Akeem Spence,DT,21
4,101,JAX,Ace Sanders,WR,21
4,102,NWE,Josh Boyce,WR,22
4,103,ARI,Alex Okafor,DE,22
4,104,MIA,Jelani Jenkins,LB,21
4,105,BUF,Duke Williams,DB,22
4,106,MIA,Dion Sims,TE,22
4,107,TEN,Brian Schwenke,C,22
4,108,CAR,Edmund Kugbila,OL,22
4,109,GNB,David Bakhtiari,T,21
4,110,NYG,Ryan Nassib,QB,23
4,111,PIT,Shamarko Thomas,DB,22
4,112,OAK,Tyler Wilson,QB,24
4,113,STL,Barrett Jones,G,23
4,114,DAL,B.W. Webb,DB,23
4,115,PIT,Landry Jones,QB,24
4,116,ARI,Earl Watford,G,23
4,117,CHI,Khaseem Greene,LB,24
4,118,CIN,Sean Porter,LB,22
4,119,WAS,Phillip Thomas,DB,24
4,120,MIN,Gerald Hodges,LB,22
4,121,IND,Khaled Holmes,C,23
4,122,GNB,J.C. Tretter,T,22
4,123,SEA,Chris Harper,WR,23
4,124,HOU,Trevardo Williams,DE,22
4,125,GNB,Johnathan Franklin,RB,23
4,126,TAM,William Gholston,DE,22
4,127,ATL,Malliciah Goodman,DE,23
4,128,SFO,Quinton Patton,WR,23
4,129,BAL,John Simon,DE,22
4,130,BAL,Kyle Juszczyk,RB,22
4,131,SFO,Marcus Lattimore,RB,21
4,132,DET,Devin Taylor,DE,23
4,133,ATL,Levine Toilolo,TE,22
5,134,KAN,Sanders Commings,DB,23
5,135,JAX,Denard Robinson,WR,22
5,136,PHI,Earl Wolff,DB,23
5,137,SEA,Jesse Williams,DT,22
5,138,SEA,Tharold Simon,DB,22
5,139,IND,Montori Hughes,DT,23
5,140,ARI,Stepfan Taylor,RB,22
5,141,NYJ,Oday Aboushi,T,22
5,142,TEN,Lavar Edwards,DE,23
5,143,BUF,Jonathan Meeks,DB,23
5,144,NOR,Kenny Stills,WR,21
5,145,SDG,Steve Williams,DB,22
5,146,DEN,Quanterus Smith,DE,23
5,147,TAM,Steven Means,DE,22
5,148,CAR,A.J. Klein,LB,22
5,149,STL,Brandon McGee,DB,22
5,150,PIT,Terry Hawthorne,DB,23
5,151,DAL,Joseph Randle,RB,21
5,152,NYG,Cooper Taylor,DB,23
5,153,ATL,Stansly Maponga,DE,22
5,154,WAS,Chris Thompson,RB,22
5,155,MIN,Jeff Locke,P,23
5,156,CIN,Tanner Hawkinson,T,23
5,157,SFO,Quinton Dial,DE,23
5,158,SEA,Luke Willson,TE,23
5,159,GNB,Micah Hyde,DB,22
5,160,STL,Zac Stacy,RB,22
5,161,DEN,Tavarres King,WR,23
5,162,WAS,Brandon Jenkins,DE,23
5,163,CHI,Jordan Mills,T,22
5,164,MIA,Mike Gillislee,RB,22
5,165,DET,Sam Martin,P,23
5,166,MIA,Caleb Sturgis,K,24
5,167,GNB,Josh Boyd,DE,24
5,168,BAL,Ricky Wagner,T,23
6,169,JAX,Josh Evans,DB,22
6,170,KAN,Eric Kush,C,23
6,171,DET,Corey Fuller,WR,23
6,172,OAK,Nick Kasa,TE,22
6,173,DEN,Vinston Painter,G,23
6,174,ARI,Ryan Swope,WR,22
6,175,CLE,Jamoris Slaughter,DB,23
6,176,HOU,David Quessenberry,OL,23
6,177,BUF,Dustin Hopkins,K,22
6,178,NYJ,William Campbell,OL,22
6,179,SDG,Tourek Williams,DE,22
6,180,SFO,Nick Moody,LB,23
6,181,OAK,Latavius Murray,RB,23
6,182,CAR,Kenjon Barner,RB,24
6,183,NOR,Rufus Johnson,DE,23
6,184,OAK,Mychal Rivera,TE,22
6,185,DAL,DeVonte Holloman,LB,22
6,186,PIT,Justin Brown,WR,22
6,187,ARI,Andre Ellington,RB,24
6,188,CHI,Cornelius Washington,LB,23
6,189,TAM,Mike James,RB,22
6,190,CIN,Rex Burkhead,RB,23
6,191,WAS,Bacarri Rambo,DB,23
6,192,IND,John Boyett,DB,23
6,193,GNB,Nate Palmer,LB,23
6,194,SEA,Spencer Ware,RB,21
6,195,HOU,Alan Bonner,WR,22
6,196,MIN,Jeff Baca,G,23
6,197,CIN,Cobi Hamilton,WR,22
6,198,HOU,Chris Jones,DT,23
6,199,DET,Theo Riddick,RB,22
6,200,BAL,Kapron Lewis-Moore,DE,23
6,201,HOU,Ryan Griffin,TE,23
6,202,TEN,Khalid Wooten,DB,23
6,203,BAL,Ryan Jensen,T,22
6,204,KAN,Braden Wilson,FB,23
6,205,OAK,Stacy McGee,DT,23
6,206,PIT,Vince Williams,LB,23
7,207,KAN,Mike Catapano,DE,23
7,208,JAX,Jeremy Harris,DB,22
7,209,OAK,Brice Butler,WR,23
7,210,JAX,Demetrius McCray,DB,22
7,211,DET,Michael Williams,TE,22
7,212,PHI,Joe Kruger,DE,21
7,213,MIN,Michael Mauti,LB,23
7,214,MIN,Travis Bond,G,22
7,215,NYJ,Tommy Bohanon,RB,22
7,216,GNB,Charles Johnson,WR,24
7,217,CLE,Armonty Bryant,DE,23
7,218,PHI,Jordan Poyer,DB,22
7,219,ARI,D.C. Jefferson,TE,24
7,220,SEA,Ryan Seymour,G,23
7,221,SDG,Brad Sorensen,QB,25
7,222,BUF,Chris Gragg,TE,23
7,223,PIT,Nick Williams,DT,23
7,224,GNB,Kevin Dorsey,WR,23
7,225,NYG,Eric Herman,OL,23
7,226,NWE,Michael Buchanan,DE,22
7,227,CLE,Garrett Gilkey,T,23
7,228,WAS,Jawan Jamison,RB,21
7,229,MIN,Everett Dawkins,DT,23
7,230,IND,Kerwynn Williams,RB,22
7,231,SEA,Ty Powell,DE,25
7,232,GNB,Sam Barrington,LB,22
7,233,OAK,David Bass,DE,22
7,234,DEN,Zac Dysert,QB,23
7,235,NWE,Steve Beauharnais,LB,23
7,236,CHI,Marquess Wilson,WR,20
7,237,SFO,B.J. Daniels,QB,24
7,238,BAL,Aaron Mellette,WR,23
7,239,PHI,David King,DE,23
7,240,CIN,Reid Fragel,OL,22
7,241,SEA,Jared Smith,DT,23
7,242,SEA,Michael Bowie,T,21
7,243,ATL,Kemal Ishmael,DB,22
7,244,ATL,Zeke Motta,DB,23
7,245,DET,Brandon Hepburn,LB,23
7,246,SFO,Carter Bykowski,OL,23
7,247,BAL,Marc Anthony,DB,23
7,248,TEN,Daimion Stafford,DB,22
7,249,ATL,Sean Renfree,QB,23
7,250,MIA,Don Jones,DB,23
7,251,CIN,T.J. Johnson,C,23
7,252,SFO,Marcus Cooper,DB,23
7,253,NYG,Michael Cox,RB,24
7,254,IND,Justice Cunningham,TE,22
