Rnd,Pick,Tm,Player,Pos,Age
1,1,CLE,Baker Mayfield,QB,23
1,2,NYG,Saquon Barkley,RB,21
1,3,NYJ,Sam Darnold,QB,21
1,4,CLE,Denzel Ward,CB,21
1,5,DEN,Bradley Chubb,DE,22
1,6,IND,Quenton Nelson,G,22
1,7,BUF,Josh Allen,QB,22
1,8,CHI,Roquan Smith,ILB,21
1,9,SFO,Mike McGlinchey,T,23
1,10,ARI,Josh Rosen,QB,21
1,11,MIA,Minkah Fitzpatrick,S,21
1,12,TAM,Vita Vea,DT,23
1,13,WAS,Daron Payne,DT,21
1,14,NOR,Marcus Davenport,DE,22
1,15,OAK,Kolton Miller,T,22
1,16,BUF,Tremaine Edmunds,ILB,20
1,17,LAC,Derwin James,S,22
1,18,GNB,Jaire Alexander,CB,21
1,19,DAL,Leighton Vander Esch,OLB,22
1,20,DET,Frank Ragnow,C,22
1,21,CIN,Billy Price,C,23
1,22,TEN,Rashaan Evans,ILB,22
1,23,NWE,Isaiah Wynn,T,22
1,24,CAR,D.J. Moore,WR,21
1,25,BAL,Hayden Hurst,TE,25
1,26,ATL,Calvin Ridley,WR,23
1,27,SEA,Rashaad Penny,RB,22
1,28,PIT,Terrell Edmunds,S,21
1,29,JAX,Taven Bryan,DT,22
1,30,MIN,Mike Hughes,CB,21
1,31,NWE,Sony Michel,RB,23
1,32,BAL,Lamar Jackson,QB,21
2,33,CLE,Austin Corbett,C,23
2,34,NYG,Will Hernandez,G,23
2,35,CLE,Nick Chubb,RB,22
2,36,IND,Shaquille Leonard,LB,23
2,37,IND,Braden Smith,G,22
2,38,TAM,Ronald Jones II,RB,21
2,39,CHI,James Daniels,C,20
2,40,DEN,Courtland Sutton,WR,22
2,41,TEN,Harold Landry,OLB,22
2,42,MIA,Mike Gesicki,TE,22
2,43,DET,Kerryon Johnson,RB,21
2,44,SFO,Dante Pettis,WR,22
2,45,GNB,Josh Jackson,CB,22
2,46,KAN,Breeland Speaks,DE,22
2,47,ARI,Christian Kirk,WR,21
2,48,LAC,Uchenna Nwosu,OLB,21
2,49,PHI,Dallas Goedert,TE,23
2,50,DAL,Connor Williams,T,21
2,51,CHI,Anthony Miller,WR,23
2,52,IND,Kemoko Turay,OLB,23
2,53,TAM,M.J. Stewart,CB,22
2,54,CIN,Jessie Bates III,S,21
2,55,CAR,Donte Jackson,CB,22
2,56,NWE,Duke Dawson,CB,22
2,57,OAK,P.J. Hall,DT,23
2,58,ATL,Isaiah Oliver,CB,21
2,59,WAS,Derrius Guice,RB,21
2,60,PIT,James Washington,WR,22
2,61,JAX,DJ Chark,WR,21
2,62,MIN,Brian O'Neill,T,22
2,63,TAM,Carlton Davis,CB,21
2,64,IND,Tyquan Lewis,DE,23
3,65,OAK,Brandon Parker,T,22
3,66,NYG,Lorenzo Carter,DE,22
3,67,CLE,Chad Thomas,DE,22
3,68,HOU,Justin Reid,S,21
3,69,NYG,B.J. Hill,DT,23
3,70,SFO,Fred Warner,OLB,21
3,71,DEN,Royce Freeman,RB,22
3,72,NYJ,Nathan Shepherd,DT,24
3,73,MIA,Jerome Baker,OLB,21
3,74,WAS,Geron Christian,T,21
3,75,KAN,Derrick Nnadi,DT,22
3,76,PIT,Mason Rudolph,QB,23
3,77,CIN,Sam Hubbard,DE,23
3,78,CIN,Malik Jefferson,OLB,21
3,79,SEA,Rasheem Green,DT,21
3,80,HOU,Martinas Rankin,T,23
3,81,DAL,Michael Gallup,WR,22
3,82,DET,Tracy Walker,S,23
3,83,BAL,Orlando Brown Jr.,T,22
3,84,LAC,Justin Jones,DT,22
3,85,CAR,Rashaan Gaulden,CB,23
3,86,BAL,Mark Andrews,TE,23
3,87,OAK,Arden Key,DE,22
3,88,GNB,Oren Burks,ILB,23
3,89,LAR,Joseph Noteboom,T,23
3,90,ATL,Deadrin Senat,DT,24
3,91,NOR,Tre'Quan Smith,WR,22
3,92,PIT,Chukwuma Okorafor,T,21
3,93,JAX,Ronnie Harrison,S,21
3,94,TAM,Alex Cappa,T,23
3,95,SFO,Tarvarius Moore,S,22
3,96,BUF,Harrison Phillips,DT,22
3,97,ARI,Mason Cole,C,22
3,98,HOU,Jordan Akins,TE,26
3,99,DEN,Isaac Yiadom,CB,22
3,100,KAN,Dorian O'Daniel,OLB,24
4,101,CAR,Ian Thomas,TE,22
4,102,MIN,Jalyn Holmes,DE,22
4,103,HOU,Keke Coutee,WR,21
4,104,IND,Nyheim Hines,RB,21
4,105,CLE,Antonio Callaway,WR,21
4,106,DEN,Josey Jewell,ILB,23
4,107,NYJ,Chris Herndon,TE,22
4,108,NYG,Kyle Lauletta,QB,23
4,109,WAS,Troy Apke,S,23
4,110,OAK,Nick Nelson,CB,21
4,111,LAR,Brian Allen,C,22
4,112,CIN,Mark Walton,RB,21
4,113,DEN,DaeSean Hamilton,WR,23
4,114,DET,Da'Shawn Hand,DE,22
4,115,CHI,Joel Iyiegbuniwe,LB,22
4,116,DAL,Dorance Armstrong Jr.,DE,21
4,117,TAM,Jordan Whitehead,S,21
4,118,BAL,Anthony Averett,CB,23
4,119,LAC,Kyzir White,S,22
4,120,SEA,Will Dissly,TE,22
4,121,BUF,Taron Johnson,CB,22
4,122,BAL,Kenny Young,LB,23
4,123,MIA,Durham Smythe,TE,23
4,124,KAN,Armani Watts,S,22
4,125,PHI,Avonte Maddox,CB,22
4,126,ATL,Ito Smith,RB,22
4,127,NOR,Rick Leonard,T,21
4,128,SFO,Kentavius Street,DT,22
4,129,JAX,Will Richardson,T,22
4,130,PHI,Josh Sweat,DE,21
4,131,MIA,Kalen Ballage,RB,22
4,132,BAL,Jaleel Scott,WR,23
4,133,GNB,J'Mon Moore,WR,23
4,134,ARI,Chase Edmonds,RB,22
4,135,LAR,John Franklin-Myers,DE,21
4,136,CAR,Marquis Haynes,OLB,24
4,137,DAL,Dalton Schultz,TE,22
5,138,GNB,Cole Madison,G,23
5,139,NYG,R.J. McIntosh,DT,22
5,140,OAK,Maurice Hurst Jr.,DT,23
5,141,SEA,Shaquem Griffin,OLB,23
5,142,SFO,D.J. Reed,CB,21
5,143,NWE,Ja'Whaun Bentley,ILB,22
5,144,TAM,Justin Watson,WR,22
5,145,CHI,Bilal Nichols,DT,21
5,146,SEA,Tre Flowers,S,23
5,147,LAR,Micah Kiser,ILB,23
5,148,PIT,Marcus Allen,S,22
5,149,SEA,Michael Dickson,P,22
5,150,CLE,Genard Avery,LB,23
5,151,CIN,Davontae Harris,CB,23
5,152,TEN,Dane Cruikshank,CB,23
5,153,DET,Tyrell Crosby,T,23
5,154,BUF,Siran Neal,CB,24
5,155,LAC,Scott Quessenberry,C,23
5,156,DEN,Troy Fumagalli,TE,23
5,157,MIN,Tyler Conklin,TE,23
5,158,CIN,Andrew Brown,DE,22
5,159,IND,Daurice Fountain,WR,22
5,160,LAR,Ogbonnia Okoronkwo,DE,23
5,161,CAR,Jermaine Carter Jr.,LB,23
5,162,BAL,Jordan Lasley,WR,21
5,163,WAS,Tim Settle,DT,21
5,164,NOR,Natrell Jamerson,S,22
5,165,PIT,Jaylen Samuels,TE,22
5,166,BUF,Wyatt Teller,G,23
5,167,MIN,Daniel Carlson,K,23
5,168,SEA,Jamarco Jones,T,22
5,169,IND,Jordan Wilkins,RB,24
5,170,CIN,Darius Phillips,CB,23
5,171,DAL,Mike White,QB,23
5,172,GNB,JK Scott,P,22
5,173,OAK,Johnny Townsend,P,23
5,174,GNB,Marquez Valdes-Scantling,WR,23
6,175,CLE,Damion Ratley,WR,23
6,176,LAR,John Kelly,RB,21
6,177,HOU,Duke Ejiofor,DE,23
6,178,NWE,Christian Sam,ILB,22
6,179,NYJ,Parry Nickerson,CB,23
6,180,NYJ,Folorunso Fatukasi,DT,23
6,181,CHI,Kylie Fitts,DE,23
6,182,ARI,Christian Campbell,CB,22
6,183,DEN,Sam Jones,G,22
6,184,SFO,Marcell Harris,S,24
6,185,IND,Deon Cain,WR,22
6,186,SEA,Jacob Martin,LB,22
6,187,BUF,Ray-Ray McCloud,WR,21
6,188,CLE,Simeon Thomas,CB,24
6,189,NOR,Kamrin Moore,CB,21
6,190,BAL,DeShon Elliott,S,21
6,191,LAC,Dylan Cantrell,WR,24
6,192,LAR,Jamil Demby,T,22
6,193,DAL,Chris Covington,LB,22
6,194,ATL,Russell Gage,WR,22
6,195,LAR,Sebastian Joseph-Day,DT,23
6,196,KAN,Tremon Smith,WR,22
6,197,WAS,Shaun Dion Hamilton,LB,22
6,198,KAN,Kahlil McKenzie,DT,21
6,199,TEN,Luke Falk,QB,23
6,200,ATL,Foyesade Oluokun,S,23
6,201,NOR,Boston Scott,RB,23
6,202,TAM,Jack Cichy,ILB,23
6,203,JAX,Tanner Lee,QB,23
6,204,NYJ,Trenton Cannon,RB,24
6,205,LAR,Trevon Young,DE,23
6,206,PHI,Matt Pryor,T,23
6,207,GNB,Equanimeous St. Brown,WR,21
6,208,DAL,Cedrick Wilson Jr.,WR,22
6,209,MIA,Cornell Armstrong,CB,22
6,210,NWE,Braxton Berrios,WR,22
6,211,HOU,Jordan Thomas,TE,22
6,212,BAL,Greg Senat,T,23
6,213,MIN,Colby Gossett,G,23
6,214,HOU,Peter Kalambayi,LB,23
6,215,BAL,Bradley Bozeman,C,23
6,216,OAK,Azeem Victor,LB,22
6,217,DEN,Keishawn Bierria,ILB,23
6,218,MIN,Ade Aruna,DE,24
7,219,NWE,Danny Etling,QB,24
7,220,SEA,Alex McGough,QB,22
7,221,IND,Matthew Adams,LB,22
7,222,HOU,Jermaine Kelly,CB,23
7,223,SFO,Jullian Taylor,DT,23
7,224,CHI,Javon Wims,WR,23
7,225,MIN,Devante Downs,LB,22
7,226,DEN,David Williams,RB,24
7,227,MIA,Quentin Poling,LB,24
7,228,OAK,Marcell Ateman,WR,23
7,229,MIA,Jason Sanders,K,22
7,230,JAX,Leon Jacobs,OLB,22
7,231,LAR,Travin Howard,OLB,22
7,232,GNB,James Looney,DE,23
7,233,PHI,Jordan Mailata,T,21
7,234,CAR,Andre Smith,ILB,21
7,235,IND,Zaire Franklin,LB,22
7,236,DAL,Bo Scarbrough,RB,23
7,237,DET,Nick Bawden,RB,22
7,238,BAL,Zach Sieler,DE,23
7,239,GNB,Hunter Bradley,LS,24
7,240,SFO,Richie James,WR,23
7,241,WAS,Greg Stroman,CB,22
7,242,CAR,Kendrick Norton,DT,21
7,243,NWE,Keion Crossen,CB,22
7,244,LAR,Justin Lawler,DE,23
7,245,NOR,Will Clapp,C,22
7,246,PIT,Joshua Frazier,DT,22
7,247,JAX,Logan Cooke,P,23
7,248,GNB,Kendall Donnerson,OLB,22
7,249,CIN,Logan Woodside,QB,23
7,250,NWE,Ryan Izzo,TE,22
7,251,LAC,Justin Jackson,RB,22
7,252,CIN,Rod Taylor,G,23
7,253,CIN,Auden Tate,WR,21
7,254,ARI,Korey Cunningham,T,23
7,255,BUF,Austin Proehl,WR,22
7,256,WAS,Trey Quinn,WR,22
