Rnd,Pick,Tm,Player,Pos,Age
1,1,ARI,Kyler Murray,QB,22
1,2,SFO,Nick Bosa,DE,21
1,3,NYJ,Quinnen Williams,DT,21
1,4,OAK,Clelin Ferrell,DE,22
1,5,TAM,Devin White,LB,21
1,6,NYG,Daniel Jones,QB,22
1,7,JAX,Josh Allen,LB,22
1,8,DET,T.J. Hockenson,TE,22
1,9,BUF,Ed Oliver,DT,21
1,10,PIT,Devin Bush Jr.,LB,21
1,11,CIN,Jonah Williams,G,21
1,12,GNB,Rashan Gary,LB,21
1,13,MIA,Christian Wilkins,DT,23
1,14,ATL,Chris Lindstrom,G,22
1,15,WAS,Dwayne Haskins,QB,22
1,16,CAR,Brian Burns,DE,21
1,17,NYG,Dexter Lawrence,DT,21
1,18,MIN,Garrett Bradbury,C,24
1,19,TEN,Jeffery Simmons,DT,22
1,20,DEN,Noah Fant,TE,21
1,21,GNB,Darnell Savage Jr.,S,22
1,22,PHI,Andre Dillard,T,23
1,23,HOU,Tytus Howard,T,23
1,24,OAK,Josh Jacobs,RB,21
1,25,BAL,Marquise Brown,WR,22
1,26,WAS,Montez Sweat,DE,23
1,27,OAK,Johnathan Abram,S,22
1,28,LAC,Jerry Tillery,DT,22
1,29,SEA,L.J. Collier,DE,23
1,30,NYG,Deandre Baker,CB,22
1,31,ATL,Kaleb McGary,T,24
1,32,NWE,N'Keal Harry,WR,21
2,33,ARI,Byron Murphy,CB,21
2,34,IND,Rock Ya-Sin,CB,23
2,35,JAX,Jawaan Taylor,T,21
2,36,SFO,Deebo Samuel,WR,23
2,37,CAR,Greg Little,T,21
2,38,BUF,Cody Ford,T,22
2,39,TAM,Sean Murphy-Bunting,CB,22
2,40,OAK,Trayvon Mullen,CB,21
2,41,DEN,Dalton Risner,T,24
2,42,DEN,Drew Lock,QB,22
2,43,DET,Jahlani Tavai,LB,22
2,44,GNB,Elgton Jenkins,C,23
2,45,NWE,Joejuan Williams,CB,21
2,46,CLE,Greedy Williams,CB,21
2,47,SEA,Marquise Blair,S,22
2,48,NOR,Erik McCoy,C,22
2,49,IND,Ben Banogu,LB,23
2,50,MIN,Irv Smith Jr.,TE,21
2,51,TEN,A.J. Brown,WR,22
2,52,CIN,Drew Sample,TE,23
2,53,PHI,Miles Sanders,RB,22
2,54,HOU,Lonnie Johnson Jr.,CB,23
2,55,HOU,Max Scharping,T,23
2,56,KAN,Mecole Hardman,WR,21
2,57,PHI,JJ Arcega-Whiteside,WR,22
2,58,DAL,Trysten Hill,DT,21
2,59,IND,Parris Campbell,WR,22
2,60,LAC,Nasir Adderley,S,22
2,61,LAR,Taylor Rapp,S,21
2,62,ARI,Andy Isabella,WR,22
2,63,KAN,Juan Thornhill,S,23
2,64,SEA,D.K. Metcalf,WR,21
3,65,ARI,Zach Allen,DE,22
3,66,PIT,Diontae Johnson,WR,23
3,67,SFO,Jalen Hurd,WR,23
3,68,NYJ,Jachai Polite,LB,22
3,69,JAX,Josh Oliver,TE,22
3,70,LAR,Darrell Henderson,RB,22
3,71,DEN,Dre'Mont Jones,DT,22
3,72,CIN,Germaine Pratt,LB,23
3,73,CHI,David Montgomery,RB,22
3,74,BUF,Devin Singletary,RB,22
3,75,GNB,Jace Sternberger,TE,23
3,76,WAS,Terry McLaurin,WR,23
3,77,NWE,Chase Winovich,DE,24
3,78,MIA,Michael Deiter,G,23
3,79,LAR,David Long,CB,21
3,80,CLE,Sione Takitaki,LB,24
3,81,DET,Will Harris,S,23
3,82,TEN,Nate Davis,G,22
3,83,PIT,Justin Layne,CB,21
3,84,KAN,Khalen Saunders,DT,23
3,85,BAL,Jaylon Ferguson,DE,23
3,86,HOU,Kahale Warring,TE,22
3,87,NWE,Damien Harris,RB,22
3,88,SEA,Cody Barton,LB,22
3,89,IND,Bobby Okereke,LB,23
3,90,DAL,Connor McGovern,G,21
3,91,LAC,Trey Pipkins,T,23
3,92,NYJ,Chuma Edoga,T,22
3,93,BAL,Miles Boykin,WR,22
3,94,TAM,Jamel Dean,CB,22
3,95,NYG,Oshane Ximines,DE,22
3,96,BUF,Dawson Knox,TE,22
3,97,LAR,Bobby Evans,T,22
3,98,JAX,Quincy Williams,S,23
3,99,TAM,Mike Edwards,S,23
3,100,CAR,Will Grier,QB,24
3,101,NWE,Yodny Cajuste,T,23
3,102,MIN,Alexander Mattison,RB,21
4,103,ARI,Hakeem Butler,WR,23
4,104,CIN,Ryan Finley,QB,24
4,105,NOR,C.J. Gardner-Johnson,S,21
4,106,OAK,Maxx Crosby,DE,22
4,107,TAM,Anthony Nelson,DE,22
4,108,NYG,Julian Love,CB,21
4,109,IND,Khari Willis,S,23
4,110,SFO,Mitch Wishnowsky,P,27
4,111,ATL,Kendall Sheffield,CB,23
4,112,WAS,Bryce Love,RB,22
4,113,BAL,Justice Hill,RB,21
4,114,MIN,Dru Samia,G,22
4,115,CAR,Christian Miller,LB,23
4,116,TEN,Amani Hooker,S,21
4,117,DET,Austin Bryant,DE,22
4,118,NWE,Hjalte Froholdt,G,23
4,119,CLE,Sheldrick Redwine,S,22
4,120,SEA,Gary Jennings Jr,WR,22
4,121,NYJ,Trevon Wesco,TE,23
4,122,PIT,Benny Snell Jr.,RB,21
4,123,BAL,Ben Powers,G,22
4,124,SEA,Phil Haynes,G,23
4,125,CIN,Renell Wren,DT,23
4,126,CHI,Riley Ridley,WR,23
4,127,BAL,Iman Marshall,CB,22
4,128,DAL,Tony Pollard,RB,22
4,129,OAK,Isaiah Johnson,CB,23
4,130,LAC,Drue Tranquill,LB,24
4,131,WAS,Wes Martin,G,23
4,132,SEA,Ugo Amadi,S,22
4,133,NWE,Jarrett Stidham,QB,23
4,134,LAR,Greg Gaines,DT,23
4,135,ATL,John Cominsky,DE,23
4,136,CIN,Michael Jordan,G,21
4,137,OAK,Foster Moreau,TE,22
4,138,PHI,Shareef Miller,DE,22
5,139,ARI,Deionte Thompson,S,22
5,140,JAX,Ryquell Armstead,RB,22
5,141,PIT,Zach Gentry,TE,22
5,142,SEA,Ben Burr-Kirven,LB,21
5,143,NYG,Ryan Connelly,LB,23
5,144,IND,Marvell Tell III,S,23
5,145,TAM,Matt Gay,K,25
5,146,DET,Amani Oruwariye,CB,23
5,147,BUF,Vosean Joseph,LB,21
5,148,SFO,Dre Greenlaw,LB,22
5,149,OAK,Hunter Renfrow,WR,23
5,150,GNB,Kingsley Keke,DT,22
5,151,MIA,Andrew Van Ginkel,LB,24
5,152,ATL,Qadree Ollison,RB,22
5,153,WAS,Ross Pierschbacher,G,24
5,154,CAR,Jordan Scarlett,RB,23
5,155,CLE,Mack Wilson,LB,21
5,156,DEN,Justin Hollins,LB,23
5,157,NYJ,Blake Cashman,LB,23
5,158,DAL,Michael Jackson,CB,22
5,159,NWE,Byron Cowart,DT,23
5,160,BAL,Daylon Mack,DT,22
5,161,HOU,Charles Omenihu,DE,22
5,162,MIN,Cameron Smith,LB,22
5,163,NWE,Jake Bailey,P,22
5,164,IND,E.J. Speed,LB,24
5,165,DAL,Joe Jackson,DE,22
5,166,LAC,Easton Stick,QB,23
5,167,PHI,Clayton Thorson,QB,24
5,168,TEN,D'Andre Walker,LB,22
5,169,LAR,David Edwards,T,22
5,170,CLE,Austin Seibert,K,22
5,171,NYG,Darius Slayton,WR,22
5,172,ATL,Jordan Miller,CB,22
5,173,WAS,Cole Holcomb,LB,23
6,174,ARI,KeeSean Johnson,WR,22
6,175,PIT,Sutton Smith,DE,23
6,176,SFO,Kaden Smith,TE,22
6,177,NOR,Saquan Hampton,S,23
6,178,JAX,Gardner Minshew II,QB,23
6,179,ARI,Lamont Gaillard,C,23
6,180,NYG,Corey Ballentine,CB,23
6,181,BUF,Jaquan Johnson,CB,23
6,182,CIN,Trayveon Williams,RB,21
6,183,SFO,Justin Skule,T,22
6,184,DET,Travis Fulgham,WR,23
6,185,GNB,Ka'dar Hollman,CB,24
6,186,DET,Ty Johnson,RB,21
6,187,DEN,Juwann Winfree,WR,23
6,188,TEN,David Long,LB,22
6,189,CLE,Drew Forbes,T,22
6,190,MIN,Armon Watts,DT,23
6,191,MIN,Marcus Epps,S,23
6,192,PIT,Isaiah Buggs,DT,23
6,193,MIN,Oli Udoh,T,22
6,194,GNB,Dexter Williams,RB,22
6,195,HOU,Xavier Crawford,CB,23
6,196,NYJ,Blessuan Austin,CB,23
6,197,BAL,Trace McSorley,QB,24
6,198,SFO,Tim Harris,CB,24
6,199,IND,Gerri Green,DE,23
6,200,LAC,Emeke Egbule,LB,22
6,201,KAN,Rashad Fenton,CB,22
6,202,MIA,Isaiah Prince,T,22
6,203,ATL,Marcus Green,WR,23
6,204,SEA,Travis Homer,RB,21
6,205,CHI,Duke Shelley,CB,22
6,206,WAS,Kelvin Harmon,WR,22
6,207,PIT,Ulysees Gilbert,LB,22
6,208,TAM,Scott Miller,WR,22
6,209,SEA,Demarcus Christmas,DT,24
6,210,CIN,Deshaun Davis,LB,23
6,211,CIN,Rodney Anderson,RB,22
6,212,CAR,Dennis Daley,T,23
6,213,DAL,Donovan Wilson,S,24
6,214,KAN,Darwin Thompson,RB,22
7,215,TAM,Terry Beckner,DT,22
7,216,KAN,Nick Allegretti,G,23
7,217,MIN,Kris Boyd,CB,22
7,218,DAL,Mike Weber,RB,22
7,219,PIT,Derwin Gray,T,24
7,220,HOU,Cullen Gillaspia,RB,24
7,221,CLE,Donnie Lewis Jr.,CB,23
7,222,CHI,Kerrith Whyte Jr,RB,22
7,223,CIN,Jordan Brown,CB,23
7,224,DET,Isaac Nauta,TE,22
7,225,BUF,Darryl Johnson,DE,22
7,226,GNB,Ty Summers,LB,23
7,227,WAS,Jimmy Moreland,CB,24
7,228,BUF,Tommy Sweeney,TE,24
7,229,DET,P.J. Johnson,DE,23
7,230,OAK,Quinton Bell,DE,23
7,231,NOR,Alizé Mack,TE,22
7,232,NYG,George Asafo-Adjei,T,22
7,233,MIA,Chandler Cox,RB,23
7,234,MIA,Myles Gaskin,RB,22
7,235,JAX,Dontavius Russell,DT,23
7,236,SEA,John Ursua,WR,25
7,237,CAR,Terry Godwin,WR,22
7,238,CHI,Stephen Denmark,CB,23
7,239,MIN,Dillon Mitchell,WR,22
7,240,IND,Jackson Barton,T,24
7,241,DAL,Jalen Jelks,DE,23
7,242,LAC,Cortez Broughton,DT,23
7,243,LAR,Nick Scott,S,24
7,244,NOR,Kaden Elliss,LB,24
7,245,NYG,Chris Slayton,DT,23
7,246,IND,Javon Patterson,C,22
7,247,MIN,Olabisi Johnson,WR,22
7,248,ARI,Joshua Miles,T,23
7,249,ARI,Michael Dogbe,DE,23
7,250,MIN,Austin Cutting,LS,22
7,251,LAR,Dakota Allen,LB,23
7,252,NWE,Ken Webster,CB,23
7,253,WAS,Jordan Brailford,DE,23
7,254,ARI,Caleb Wilson,TE,23
