Rnd,Pick,Tm,Player,Pos,Age
1,1,JAX,Trevor Lawrence,QB,21
1,2,NYJ,Zach Wilson,QB,22
1,3,SFO,Trey Lance,QB,21
1,4,ATL,Kyle Pitts,TE,20
1,5,CIN,Ja'Marr Chase,WR,21
1,6,MIA,Jaylen Waddle,WR,22
1,7,DET,Penei Sewell,OL,20
1,8,CAR,Jaycee Horn,DB,21
1,9,DEN,Patrick Surtain II,DB,21
1,10,PHI,DeVonta Smith,WR,22
1,11,CHI,Justin Fields,QB,22
1,12,DAL,Micah Parsons,LB,22
1,13,LAC,Rashawn Slater,OL,22
1,14,NYJ,Alijah Vera-Tucker,OL,22
1,15,NWE,Mac Jones,QB,23
1,16,ARI,Zaven Collins,LB,22
1,17,LVR,Alex Leatherwood,OL,22
1,18,MIA,Jaelan Phillips,DL,22
1,19,WAS,Jamin Davis,LB,22
1,20,NYG,Kadarius Toney,WR,22
1,21,IND,Kwity Paye,DL,22
1,22,TEN,Caleb Farley,DB,22
1,23,MIN,Christian Darrisaw,OL,22
1,24,PIT,Najee Harris,RB,23
1,25,JAX,Travis Etienne,RB,22
1,26,CLE,Greg Newsome II,DB,21
1,27,BAL,Rashod Bateman,WR,21
1,28,NOR,Payton Turner,DE,23
1,29,GNB,Eric Stokes,DB,22
1,30,BUF,Gregory Rousseau,DL,21
1,31,BAL,Odafe Oweh,DE,22
1,32,TAM,Joe Tryon-Shoyinka,OLB,22
2,33,JAX,Tyson Campbell,DB,21
2,34,NYJ,Elijah Moore,WR,21
2,35,DEN,Javonte Williams,RB,21
2,36,MIA,Jevon Holland,S,21
2,37,PHI,Landon Dickerson,OL,22
2,38,NWE,Christian Barmore,DL,22
2,39,CHI,Teven Jenkins,OL,23
2,40,ATL,Richie Grant,DB,23
2,41,DET,Levi Onwuzurike,DL,23
2,42,MIA,Liam Eichenberg,OL,23
2,43,LVR,Tre'von Moehrig,S,22
2,44,DAL,Kelvin Joseph,DB,20
2,45,JAX,Walker Little,T,22
2,46,CIN,Jackson Carman,T,21
2,47,LAC,Asante Samuel Jr.,DB,21
2,48,SFO,Aaron Banks,OL,24
2,49,ARI,Rondale Moore,WR,21
2,50,NYG,Azeez Ojulari,OLB,21
2,51,WAS,Samuel Cosmi,OL,22
2,52,CLE,Jeremiah Owusu-Koramoah,LB,21
2,53,TEN,Dillon Radunz,T,23
2,54,IND,Dayo Odeyingbo,DL,21
2,55,PIT,Pat Freiermuth,TE,22
2,56,SEA,D'Wayne Eskridge,WR,24
2,57,LAR,Tutu Atwell,WR,21
2,58,KAN,Nick Bolton,LB,21
2,59,CAR,Terrace Marshall Jr.,WR,21
2,60,NOR,Pete Werner,LB,22
2,61,BUF,Boogie Basham,DL,23
2,62,GNB,Josh Myers,C,23
2,63,KAN,Creed Humphrey,OL,22
2,64,TAM,Kyle Trask,QB,23
3,65,JAX,Andre Cisco,DB,21
3,66,MIN,Kellen Mond,QB,22
3,67,HOU,Davis Mills,QB,22
3,68,ATL,Jalen Mayfield,OL,21
3,69,CIN,Joseph Ossai,LB,21
3,70,CAR,Brady Christensen,OL,24
3,71,NYG,Aaron Robinson,DB,23
3,72,DET,Alim McNeill,DT,21
3,73,PHI,Milton Williams,DL,22
3,74,WAS,Benjamin St-Juste,DB,23
3,75,DAL,Osa Odighizuwa,DL,23
3,76,NOR,Paulson Adebo,CB,22
3,77,LAC,Josh Palmer,WR,22
3,78,MIN,Chazz Surratt,LB,24
3,79,LVR,Malcolm Koonce,DE,23
3,80,LVR,Divine Deablo,DB,23
3,81,MIA,Hunter Long,TE,23
3,82,WAS,Dyami Brown,WR,21
3,83,CAR,Tommy Tremble,TE,21
3,84,DAL,Chauncey Golston,DL,23
3,85,GNB,Amari Rodgers,WR,21
3,86,MIN,Wyatt Davis,OL,22
3,87,PIT,Kendrick Green,OL,22
3,88,SFO,Trey Sermon,RB,22
3,89,HOU,Nico Collins,WR,22
3,90,MIN,Patrick Jones II,DL,22
3,91,CLE,Anthony Schwartz,WR,21
3,92,TEN,Monty Rice,LB,22
3,93,BUF,Spencer Brown,OL,23
3,94,BAL,Ben Cleveland,OL,23
3,95,TAM,Robert Hainsey,OL,23
3,96,NWE,Ronnie Perkins,DE,21
3,97,LAC,Tre' McKitty,TE,22
3,98,DEN,Quinn Meinerz,C,22
3,99,DAL,Nahshon Wright,DB,22
3,100,TEN,Elijah Molden,DB,22
3,101,DET,Ifeatu Melifonwu,DB,22
3,102,SFO,Ambry Thomas,DB,21
3,103,LAR,Ernest Jones,LB,21
3,104,BAL,Brandon Stephens,CB,23
3,105,DEN,Baron Browning,LB,22
4,106,JAX,Jay Tufele,DL,22
4,107,NYJ,Michael Carter,RB,22
4,108,ATL,Darren Hall,CB,21
4,109,TEN,Dez Fitzpatrick,WR,23
4,110,CLE,James Hudson,OL,22
4,111,CIN,Cameron Sample,DE,21
4,112,DET,Amon-Ra St. Brown,WR,21
4,113,DET,Derrick Barnes,DE,22
4,114,ATL,Drew Dalman,C,22
4,115,DAL,Jabril Cox,LB,23
4,116,NYG,Elerson Smith,DL,23
4,117,LAR,Bobby Brown,DL,21
4,118,LAC,Chris Rumph,DE,22
4,119,MIN,Kene Nwangwu,RB,23
4,120,NWE,Rhamondre Stevenson,RB,23
4,121,JAX,Jordan Smith,OLB,23
4,122,CIN,Tyler Shelvin,DT,23
4,123,PHI,Zech McPhearson,DB,23
4,124,WAS,John Bates,TE,23
4,125,MIN,Camryn Bynum,CB,23
4,126,CAR,Chuba Hubbard,RB,22
4,127,IND,Kylen Granson,TE,23
4,128,PIT,Dan Moore,OL,22
4,129,TAM,Jaelon Darden,WR,22
4,130,LAR,Robert Rochell,DB,23
4,131,BAL,Tylan Wallace,WR,22
4,132,CLE,Tommy Togiai,DT,21
4,133,NOR,Ian Book,QB,23
4,134,MIN,Janarius Robinson,DE,22
4,135,TEN,Rashad Weaver,DL,23
4,136,ARI,Marco Wilson,CB,22
4,137,SEA,Tre Brown,CB,23
4,138,DAL,Josh Ball,OL,23
4,139,CIN,D'Ante Smith,T,23
4,140,PIT,Buddy Johnson,LB,22
4,141,LAR,Jacob Harris,WR,24
4,142,GNB,Royce Newman,G,24
4,143,LVR,Tyree Gillespie,S,23
4,144,KAN,Joshua Kaindoh,DE,22
5,145,JAX,Luke Farrell,TE,23
5,146,NYJ,Jamien Sherwood,DB,21
5,147,HOU,Brevin Jordan,TE,21
5,148,ATL,Ta'Quon Graham,DL,22
5,149,CIN,Evan McPherson,K,22
5,150,PHI,Kenneth Gainwell,RB,22
5,151,CHI,Larry Borom,OL,22
5,152,DEN,Caden Sterns,DB,21
5,153,CLE,Tony Fields,LB,22
5,154,NYJ,Michael Carter,S,22
5,155,SFO,Jaylon Moore,T,23
5,156,PIT,Isaiahh Loudermilk,DE,23
5,157,MIN,Ihmir Smith-Marsette,WR,22
5,158,CAR,Daviyon Nixon,DT,22
5,159,LAC,Brenden Jaimes,OL,22
5,160,BAL,Shaun Wade,CB,22
5,161,BUF,Tommy Doyle,OL,23
5,162,KAN,Noah Gray,TE,22
5,163,WAS,Darrick Forrest,S,22
5,164,DEN,Jamar Johnson,DB,21
5,165,IND,Shawn Davis,DB,22
5,166,CAR,Keith Taylor,DB,22
5,167,LVR,Nate Hobbs,CB,22
5,168,MIN,Zach Davidson,TE,23
5,169,CLE,Richard LeCounte,DB,22
5,170,HOU,Garret Wallow,LB,22
5,171,BAL,Daelin Hayes,DL,23
5,172,SFO,Deommodore Lenoir,CB,21
5,173,GNB,Tedarrell Slaton,DL,23
5,174,LAR,Earnest Brown IV,DE,22
5,175,NYJ,Jason Pinnock,CB,22
5,176,TAM,K.J. Britt,LB,22
5,177,NWE,Cameron McGrone,LB,21
5,178,GNB,Shemar Jean-Charles,DB,23
5,179,DAL,Simi Fehoko,WR,23
5,180,SFO,Talanoa Hufanga,S,22
5,181,KAN,Cornell Powell,WR,23
5,182,ATL,Adetokunbo Ogundeji,DL,22
5,183,ATL,Avery Williams,CB,23
5,184,BAL,Ben Mason,FB,22
6,185,LAC,Nick Niemann,LB,23
6,186,NYJ,Hamsah Nasirildeen,DB,22
6,187,ATL,Frank Darby,WR,23
6,188,NWE,Joshuah Bledsoe,S,22
6,189,PHI,Marlon Tuipulotu,DL,22
6,190,CIN,Trey Hill,OL,21
6,191,PHI,Tarron Jackson,DE,23
6,192,DAL,Quinton Bohanna,DT,22
6,193,CAR,Deonte Brown,OL,23
6,194,SFO,Elijah Mitchell,RB,23
6,195,HOU,Roy Lopez,DL,24
6,196,NYG,Gary Brightwell,RB,22
6,197,NWE,William Sherman,OL,22
6,198,LAC,Larry Rountree,RB,22
6,199,MIN,Jaylen Twyman,DL,22
6,200,NYJ,Brandin Echols,CB,23
6,201,NYG,Rodarius Williams,CB,24
6,202,CIN,Chris Evans,RB,23
6,203,BUF,Marquez Stevenson,WR,23
6,204,CAR,Shi Smith,WR,22
6,205,TEN,Racey McMath,WR,22
6,206,NOR,Landon Young,T,24
6,207,NYJ,Jonathan Marshall,DL,23
6,208,SEA,Stone Forsythe,OL,23
6,209,JAX,Jalen Camp,WR,23
6,210,ARI,Victor Dimukeje,DE,21
6,211,CLE,Demetric Felton,RB,23
6,212,BUF,Damar Hamlin,DB,23
6,213,BUF,Rachad Wildgoose,CB,21
6,214,GNB,Cole Van Lanen,OL,23
6,215,TEN,Brady Breeze,S,23
6,216,PIT,Quincy Roche,DL,23
6,217,CHI,Khalil Herbert,RB,23
6,218,IND,Sam Ehlinger,QB,22
6,219,DEN,Seth Williams,WR,21
6,220,GNB,Isaiah McDuffie,LB,22
6,221,CHI,Dazz Newsome,WR,22
6,222,CAR,Thomas Fletcher,LS,22
6,223,ARI,Tay Gowan,DB,23
6,224,PHI,JaCoby Stevens,S,23
6,225,WAS,Camaron Cheeseman,LS,23
6,226,KAN,Trey Smith,OL,22
6,227,DAL,Israel Mukuamu,DB,21
6,228,CHI,Thomas Graham,CB,22
7,229,IND,Mike Strachan,WR,24
7,230,LVR,Jimmy Morrissey,OL,23
7,231,MIA,Larnel Coleman,T,23
7,232,CAR,Phil Hoskins,DT,24
7,233,LAR,Jake Funk,RB,23
7,234,PHI,Patrick Johnson,DE,23
7,235,CIN,Wyatt Hubert,DE,23
7,236,BUF,Jack Anderson,OL,22
7,237,DEN,Kary Vincent Jr.,CB,22
7,238,DAL,Matt Farniok,G,23
7,239,DEN,Jonathon Cooper,DE,23
7,240,WAS,William Bradley-King,OLB,23
7,241,LAC,Mark Webb,DB,22
7,242,NWE,Tre Nixon,WR,23
7,243,ARI,James Wiggins,S,24
7,244,MIA,Gerrid Doaks,RB,23
7,245,PIT,Tre Norwood,DB,22
7,246,WAS,Shaka Toney,DE,23
7,247,ARI,Michal Menet,OL,24
7,248,IND,Will Fries,OL,23
7,249,LAR,Ben Skowronek,WR,24
7,250,CHI,Khyiris Tonga,DL,25
7,251,TAM,Chris Wilcox,DB,23
7,252,LAR,Chris Garrett,DE,23
7,253,DEN,Marquiss Spencer,DE,24
7,254,PIT,Pressley Harvin III,P,22
7,255,NOR,Kawaan Baker,WR,23
7,256,GNB,Kylin Hill,RB,23
7,257,DET,Jermar Jefferson,RB,21
7,258,WAS,Dax Milne,WR,22
7,259,TAM,Grant Stuard,LB,22
